cohort,record,profile,historical_outcome,outcome,metric,unit,value,status
apple-regression,regression-000-mujoco-500us,mujoco,protocol_fail,protocol_fail,apple.native_depth,m,0.00019208644358907411,observed
apple-regression,regression-000-mujoco-500us,mujoco,protocol_fail,protocol_fail,apple.wrist_translation,m,0.0020597118379464363,observed
apple-regression,regression-000-mujoco-500us,mujoco,protocol_fail,protocol_fail,apple.wrist_rotation,rad,0.040755981020500355,observed
apple-regression,regression-000-mujoco-500us,mujoco,protocol_fail,protocol_fail,apple.clearance,m,0.1247730462076554,observed
apple-regression,regression-000-mujoco-500us,mujoco,protocol_fail,protocol_fail,apple.support,1,0.9999975102769166,observed
apple-regression,regression-000-mujoco-500us,mujoco,protocol_fail,protocol_fail,apple.momentum,1,7.128653255112787e-06,observed
apple-regression,regression-000-mujoco-500us,mujoco,protocol_fail,protocol_fail,material_slip,m,,unavailable
apple-regression,regression-000-superdex-2000us,superdex,protocol_pass,protocol_pass,apple.native_depth,m,0.0004775662738601624,observed
apple-regression,regression-000-superdex-2000us,superdex,protocol_pass,protocol_pass,apple.wrist_translation,m,7.349038889332431e-05,observed
apple-regression,regression-000-superdex-2000us,superdex,protocol_pass,protocol_pass,apple.wrist_rotation,rad,0.010790245775142019,observed
apple-regression,regression-000-superdex-2000us,superdex,protocol_pass,protocol_pass,apple.clearance,m,0.11540830003336311,observed
apple-regression,regression-000-superdex-2000us,superdex,protocol_pass,protocol_pass,apple.support,1,0.9997298506305979,observed
apple-regression,regression-000-superdex-2000us,superdex,protocol_pass,protocol_pass,apple.momentum,1,0.000979763656918614,observed
apple-regression,regression-000-superdex-2000us,superdex,protocol_pass,protocol_pass,material_slip,m,,unavailable
apple-regression,regression-001-mujoco-500us,mujoco,protocol_pass,protocol_pass,apple.native_depth,m,0.0001822380457799352,observed
apple-regression,regression-001-mujoco-500us,mujoco,protocol_pass,protocol_pass,apple.wrist_translation,m,0.0003332571544644417,observed
apple-regression,regression-001-mujoco-500us,mujoco,protocol_pass,protocol_pass,apple.wrist_rotation,rad,0.0059388441455878295,observed
apple-regression,regression-001-mujoco-500us,mujoco,protocol_pass,protocol_pass,apple.clearance,m,0.12423930925537507,observed
apple-regression,regression-001-mujoco-500us,mujoco,protocol_pass,protocol_pass,apple.support,1,1.000001364908023,observed
apple-regression,regression-001-mujoco-500us,mujoco,protocol_pass,protocol_pass,apple.momentum,1,8.39600177050746e-06,observed
apple-regression,regression-001-mujoco-500us,mujoco,protocol_pass,protocol_pass,material_slip,m,,unavailable
apple-regression,regression-001-superdex-2000us,superdex,protocol_pass,protocol_pass,apple.native_depth,m,0.0004797484256884101,observed
apple-regression,regression-001-superdex-2000us,superdex,protocol_pass,protocol_pass,apple.wrist_translation,m,5.5886119229089804e-05,observed
apple-regression,regression-001-superdex-2000us,superdex,protocol_pass,protocol_pass,apple.wrist_rotation,rad,0.008425985862429992,observed
apple-regression,regression-001-superdex-2000us,superdex,protocol_pass,protocol_pass,apple.clearance,m,0.11510050198048177,observed
apple-regression,regression-001-superdex-2000us,superdex,protocol_pass,protocol_pass,apple.support,1,0.9999053464724041,observed
apple-regression,regression-001-superdex-2000us,superdex,protocol_pass,protocol_pass,apple.momentum,1,0.0009667868723944424,observed
apple-regression,regression-001-superdex-2000us,superdex,protocol_pass,protocol_pass,material_slip,m,,unavailable
apple-regression,regression-002-mujoco-500us,mujoco,protocol_fail,protocol_fail,apple.native_depth,m,0.0009772706976092127,observed
apple-regression,regression-002-mujoco-500us,mujoco,protocol_fail,protocol_fail,apple.wrist_translation,m,7.3160820800322435e-09,observed
apple-regression,regression-002-mujoco-500us,mujoco,protocol_fail,protocol_fail,apple.wrist_rotation,rad,1.4045855725798986e-07,observed
apple-regression,regression-002-mujoco-500us,mujoco,protocol_fail,protocol_fail,apple.clearance,m,-2.893047099766788e-05,observed
apple-regression,regression-002-mujoco-500us,mujoco,protocol_fail,protocol_fail,apple.support,1,0.0,observed
apple-regression,regression-002-mujoco-500us,mujoco,protocol_fail,protocol_fail,apple.momentum,1,0.00039531798471477197,observed
apple-regression,regression-002-mujoco-500us,mujoco,protocol_fail,protocol_fail,material_slip,m,,unavailable
apple-regression,regression-002-superdex-2000us,superdex,protocol_pass,protocol_pass,apple.native_depth,m,0.00044237581701449795,observed
apple-regression,regression-002-superdex-2000us,superdex,protocol_pass,protocol_pass,apple.wrist_translation,m,2.8563936651894393e-05,observed
apple-regression,regression-002-superdex-2000us,superdex,protocol_pass,protocol_pass,apple.wrist_rotation,rad,0.008050375678755144,observed
apple-regression,regression-002-superdex-2000us,superdex,protocol_pass,protocol_pass,apple.clearance,m,0.11533566059626316,observed
apple-regression,regression-002-superdex-2000us,superdex,protocol_pass,protocol_pass,apple.support,1,0.9998529531250291,observed
apple-regression,regression-002-superdex-2000us,superdex,protocol_pass,protocol_pass,apple.momentum,1,0.000964314496205074,observed
apple-regression,regression-002-superdex-2000us,superdex,protocol_pass,protocol_pass,material_slip,m,,unavailable
apple-regression,regression-003-mujoco-500us,mujoco,protocol_fail,protocol_fail,apple.native_depth,m,0.001438123704600757,observed
apple-regression,regression-003-mujoco-500us,mujoco,protocol_fail,protocol_fail,apple.wrist_translation,m,0.0004601762914821841,observed
apple-regression,regression-003-mujoco-500us,mujoco,protocol_fail,protocol_fail,apple.wrist_rotation,rad,0.009081317742840133,observed
apple-regression,regression-003-mujoco-500us,mujoco,protocol_fail,protocol_fail,apple.clearance,m,0.12303783411238933,observed
apple-regression,regression-003-mujoco-500us,mujoco,protocol_fail,protocol_fail,apple.support,1,1.0000044087026005,observed
apple-regression,regression-003-mujoco-500us,mujoco,protocol_fail,protocol_fail,apple.momentum,1,8.826828199300062e-05,observed
apple-regression,regression-003-mujoco-500us,mujoco,protocol_fail,protocol_fail,material_slip,m,,unavailable
apple-regression,regression-003-superdex-2000us,superdex,protocol_pass,protocol_pass,apple.native_depth,m,0.00045322910328136754,observed
apple-regression,regression-003-superdex-2000us,superdex,protocol_pass,protocol_pass,apple.wrist_translation,m,7.652632820345307e-05,observed
apple-regression,regression-003-superdex-2000us,superdex,protocol_pass,protocol_pass,apple.wrist_rotation,rad,0.010264220549534802,observed
apple-regression,regression-003-superdex-2000us,superdex,protocol_pass,protocol_pass,apple.clearance,m,0.1155135526945597,observed
apple-regression,regression-003-superdex-2000us,superdex,protocol_pass,protocol_pass,apple.support,1,0.9999100774064886,observed
apple-regression,regression-003-superdex-2000us,superdex,protocol_pass,protocol_pass,apple.momentum,1,0.0009772247092426746,observed
apple-regression,regression-003-superdex-2000us,superdex,protocol_pass,protocol_pass,material_slip,m,,unavailable
apple-regression,regression-004-mujoco-500us,mujoco,protocol_fail,protocol_fail,apple.native_depth,m,0.0012839080412219237,observed
apple-regression,regression-004-mujoco-500us,mujoco,protocol_fail,protocol_fail,apple.wrist_translation,m,4.211119514388587e-08,observed
apple-regression,regression-004-mujoco-500us,mujoco,protocol_fail,protocol_fail,apple.wrist_rotation,rad,1.874750453948006e-06,observed
apple-regression,regression-004-mujoco-500us,mujoco,protocol_fail,protocol_fail,apple.clearance,m,-6.200360407282446e-05,observed
apple-regression,regression-004-mujoco-500us,mujoco,protocol_fail,protocol_fail,apple.support,1,0.0,observed
apple-regression,regression-004-mujoco-500us,mujoco,protocol_fail,protocol_fail,apple.momentum,1,0.0003032332131391537,observed
apple-regression,regression-004-mujoco-500us,mujoco,protocol_fail,protocol_fail,material_slip,m,,unavailable
apple-regression,regression-004-superdex-2000us,superdex,protocol_pass,protocol_pass,apple.native_depth,m,0.00044191046157033317,observed
apple-regression,regression-004-superdex-2000us,superdex,protocol_pass,protocol_pass,apple.wrist_translation,m,6.689275311312825e-05,observed
apple-regression,regression-004-superdex-2000us,superdex,protocol_pass,protocol_pass,apple.wrist_rotation,rad,0.007555892895825422,observed
apple-regression,regression-004-superdex-2000us,superdex,protocol_pass,protocol_pass,apple.clearance,m,0.11504278738320922,observed
apple-regression,regression-004-superdex-2000us,superdex,protocol_pass,protocol_pass,apple.support,1,0.9998868361426417,observed
apple-regression,regression-004-superdex-2000us,superdex,protocol_pass,protocol_pass,apple.momentum,1,0.0009524562746826584,observed
apple-regression,regression-004-superdex-2000us,superdex,protocol_pass,protocol_pass,material_slip,m,,unavailable
apple-regression,regression-005-mujoco-500us,mujoco,protocol_fail,protocol_fail,apple.native_depth,m,0.001080425727219099,observed
apple-regression,regression-005-mujoco-500us,mujoco,protocol_fail,protocol_fail,apple.wrist_translation,m,0.0003565743192482488,observed
apple-regression,regression-005-mujoco-500us,mujoco,protocol_fail,protocol_fail,apple.wrist_rotation,rad,0.006828571694264305,observed
apple-regression,regression-005-mujoco-500us,mujoco,protocol_fail,protocol_fail,apple.clearance,m,0.12266726649781891,observed
apple-regression,regression-005-mujoco-500us,mujoco,protocol_fail,protocol_fail,apple.support,1,1.0000009223685553,observed
apple-regression,regression-005-mujoco-500us,mujoco,protocol_fail,protocol_fail,apple.momentum,1,4.862128741442685e-05,observed
apple-regression,regression-005-mujoco-500us,mujoco,protocol_fail,protocol_fail,material_slip,m,,unavailable
apple-regression,regression-005-superdex-2000us,superdex,protocol_pass,protocol_pass,apple.native_depth,m,0.0004468299473430715,observed
apple-regression,regression-005-superdex-2000us,superdex,protocol_pass,protocol_pass,apple.wrist_translation,m,3.711432480475001e-05,observed
apple-regression,regression-005-superdex-2000us,superdex,protocol_pass,protocol_pass,apple.wrist_rotation,rad,0.008376621314738623,observed
apple-regression,regression-005-superdex-2000us,superdex,protocol_pass,protocol_pass,apple.clearance,m,0.11523671505292965,observed
apple-regression,regression-005-superdex-2000us,superdex,protocol_pass,protocol_pass,apple.support,1,0.9998474098805148,observed
apple-regression,regression-005-superdex-2000us,superdex,protocol_pass,protocol_pass,apple.momentum,1,0.0009452638574931662,observed
apple-regression,regression-005-superdex-2000us,superdex,protocol_pass,protocol_pass,material_slip,m,,unavailable
apple-regression,regression-006-mujoco-500us,mujoco,protocol_fail,protocol_fail,apple.native_depth,m,0.002385705826898195,observed
apple-regression,regression-006-mujoco-500us,mujoco,protocol_fail,protocol_fail,apple.wrist_translation,m,0.0003703510408304705,observed
apple-regression,regression-006-mujoco-500us,mujoco,protocol_fail,protocol_fail,apple.wrist_rotation,rad,0.008230478810864252,observed
apple-regression,regression-006-mujoco-500us,mujoco,protocol_fail,protocol_fail,apple.clearance,m,0.1263107739191608,observed
apple-regression,regression-006-mujoco-500us,mujoco,protocol_fail,protocol_fail,apple.support,1,0.9999982261959235,observed
apple-regression,regression-006-mujoco-500us,mujoco,protocol_fail,protocol_fail,apple.momentum,1,0.0002928736497139916,observed
apple-regression,regression-006-mujoco-500us,mujoco,protocol_fail,protocol_fail,material_slip,m,,unavailable
apple-regression,regression-006-superdex-2000us,superdex,protocol_pass,protocol_pass,apple.native_depth,m,0.0004555475896977264,observed
apple-regression,regression-006-superdex-2000us,superdex,protocol_pass,protocol_pass,apple.wrist_translation,m,6.583562770306365e-05,observed
apple-regression,regression-006-superdex-2000us,superdex,protocol_pass,protocol_pass,apple.wrist_rotation,rad,0.008730820725756353,observed
apple-regression,regression-006-superdex-2000us,superdex,protocol_pass,protocol_pass,apple.clearance,m,0.1156203861885461,observed
apple-regression,regression-006-superdex-2000us,superdex,protocol_pass,protocol_pass,apple.support,1,0.999963072673946,observed
apple-regression,regression-006-superdex-2000us,superdex,protocol_pass,protocol_pass,apple.momentum,1,0.03188730398251246,observed
apple-regression,regression-006-superdex-2000us,superdex,protocol_pass,protocol_pass,material_slip,m,,unavailable
apple-regression,regression-007-mujoco-500us,mujoco,protocol_fail,protocol_fail,apple.native_depth,m,0.0009671828718675485,observed
apple-regression,regression-007-mujoco-500us,mujoco,protocol_fail,protocol_fail,apple.wrist_translation,m,0.021322050203306145,observed
apple-regression,regression-007-mujoco-500us,mujoco,protocol_fail,protocol_fail,apple.wrist_rotation,rad,0.5214063949502228,observed
apple-regression,regression-007-mujoco-500us,mujoco,protocol_fail,protocol_fail,apple.clearance,m,-0.0033578865111719147,observed
apple-regression,regression-007-mujoco-500us,mujoco,protocol_fail,protocol_fail,apple.support,1,0.0,observed
apple-regression,regression-007-mujoco-500us,mujoco,protocol_fail,protocol_fail,apple.momentum,1,0.0006791741241522304,observed
apple-regression,regression-007-mujoco-500us,mujoco,protocol_fail,protocol_fail,material_slip,m,,unavailable
apple-regression,regression-007-superdex-2000us,superdex,protocol_pass,protocol_pass,apple.native_depth,m,0.0004527021035363874,observed
apple-regression,regression-007-superdex-2000us,superdex,protocol_pass,protocol_pass,apple.wrist_translation,m,5.6399107252350034e-05,observed
apple-regression,regression-007-superdex-2000us,superdex,protocol_pass,protocol_pass,apple.wrist_rotation,rad,0.00930429726407366,observed
apple-regression,regression-007-superdex-2000us,superdex,protocol_pass,protocol_pass,apple.clearance,m,0.11535487994613741,observed
apple-regression,regression-007-superdex-2000us,superdex,protocol_pass,protocol_pass,apple.support,1,0.999856865345699,observed
apple-regression,regression-007-superdex-2000us,superdex,protocol_pass,protocol_pass,apple.momentum,1,0.004580038042042361,observed
apple-regression,regression-007-superdex-2000us,superdex,protocol_pass,protocol_pass,material_slip,m,,unavailable
apple-regression,regression-008-mujoco-500us,mujoco,protocol_fail,protocol_fail,apple.native_depth,m,0.00013071377672103492,observed
apple-regression,regression-008-mujoco-500us,mujoco,protocol_fail,protocol_fail,apple.wrist_translation,m,0.009249366791088877,observed
apple-regression,regression-008-mujoco-500us,mujoco,protocol_fail,protocol_fail,apple.wrist_rotation,rad,0.1864237229386834,observed
apple-regression,regression-008-mujoco-500us,mujoco,protocol_fail,protocol_fail,apple.clearance,m,-0.00011019204956347339,observed
apple-regression,regression-008-mujoco-500us,mujoco,protocol_fail,protocol_fail,apple.support,1,0.0,observed
apple-regression,regression-008-mujoco-500us,mujoco,protocol_fail,protocol_fail,apple.momentum,1,5.045791010541289e-05,observed
apple-regression,regression-008-mujoco-500us,mujoco,protocol_fail,protocol_fail,material_slip,m,,unavailable
apple-regression,regression-008-superdex-2000us,superdex,protocol_pass,protocol_pass,apple.native_depth,m,0.0004623541879104212,observed
apple-regression,regression-008-superdex-2000us,superdex,protocol_pass,protocol_pass,apple.wrist_translation,m,3.8876795805193335e-05,observed
apple-regression,regression-008-superdex-2000us,superdex,protocol_pass,protocol_pass,apple.wrist_rotation,rad,0.011128891646149159,observed
apple-regression,regression-008-superdex-2000us,superdex,protocol_pass,protocol_pass,apple.clearance,m,0.11519778336480441,observed
apple-regression,regression-008-superdex-2000us,superdex,protocol_pass,protocol_pass,apple.support,1,0.9998303433112499,observed
apple-regression,regression-008-superdex-2000us,superdex,protocol_pass,protocol_pass,apple.momentum,1,0.004740093670366182,observed
apple-regression,regression-008-superdex-2000us,superdex,protocol_pass,protocol_pass,material_slip,m,,unavailable
apple-regression,regression-009-mujoco-500us,mujoco,protocol_fail,protocol_fail,apple.native_depth,m,0.0019867213442808633,observed
apple-regression,regression-009-mujoco-500us,mujoco,protocol_fail,protocol_fail,apple.wrist_translation,m,8.334177302346762e-08,observed
apple-regression,regression-009-mujoco-500us,mujoco,protocol_fail,protocol_fail,apple.wrist_rotation,rad,1.128539212071408e-06,observed
apple-regression,regression-009-mujoco-500us,mujoco,protocol_fail,protocol_fail,apple.clearance,m,-4.9391123622455346e-05,observed
apple-regression,regression-009-mujoco-500us,mujoco,protocol_fail,protocol_fail,apple.support,1,0.0,observed
apple-regression,regression-009-mujoco-500us,mujoco,protocol_fail,protocol_fail,apple.momentum,1,0.0003743322079290467,observed
apple-regression,regression-009-mujoco-500us,mujoco,protocol_fail,protocol_fail,material_slip,m,,unavailable
apple-regression,regression-009-superdex-2000us,superdex,protocol_pass,protocol_pass,apple.native_depth,m,0.00045973616147397257,observed
apple-regression,regression-009-superdex-2000us,superdex,protocol_pass,protocol_pass,apple.wrist_translation,m,7.883937196478866e-05,observed
apple-regression,regression-009-superdex-2000us,superdex,protocol_pass,protocol_pass,apple.wrist_rotation,rad,0.008457585096432229,observed
apple-regression,regression-009-superdex-2000us,superdex,protocol_pass,protocol_pass,apple.clearance,m,0.11523620307595306,observed
apple-regression,regression-009-superdex-2000us,superdex,protocol_pass,protocol_pass,apple.support,1,0.999889595363827,observed
apple-regression,regression-009-superdex-2000us,superdex,protocol_pass,protocol_pass,apple.momentum,1,0.0009264943542419634,observed
apple-regression,regression-009-superdex-2000us,superdex,protocol_pass,protocol_pass,material_slip,m,,unavailable
cloth-heldout,test-extension-00-mujoco,mujoco,protocol_pass,protocol_pass,cloth.ground_depth,m,,not_applicable
cloth-heldout,test-extension-00-mujoco,mujoco,protocol_pass,protocol_pass,cloth.sphere_depth,m,,not_applicable
cloth-heldout,test-extension-00-mujoco,mujoco,protocol_pass,protocol_pass,cloth.edge_strain,1,0.02108145160120567,observed
cloth-heldout,test-extension-00-mujoco,mujoco,protocol_pass,protocol_pass,cloth.pin_error,m,0.0,observed
cloth-heldout,test-extension-00-mujoco,mujoco,protocol_pass,protocol_pass,cloth.final_tip_sag,m,6.661338147750939e-17,observed
cloth-heldout,test-extension-00-mujoco,mujoco,protocol_pass,protocol_pass,cloth.crossing_pairs,count,0.0,observed
cloth-heldout,test-extension-00-mujoco,mujoco,protocol_pass,protocol_pass,material_slip,m,,unavailable
cloth-heldout,test-extension-00-superdex-shell,superdex-shell,protocol_pass,protocol_pass,cloth.ground_depth,m,,not_applicable
cloth-heldout,test-extension-00-superdex-shell,superdex-shell,protocol_pass,protocol_pass,cloth.sphere_depth,m,,not_applicable
cloth-heldout,test-extension-00-superdex-shell,superdex-shell,protocol_pass,protocol_pass,cloth.edge_strain,1,0.005106079682201559,observed
cloth-heldout,test-extension-00-superdex-shell,superdex-shell,protocol_pass,protocol_pass,cloth.pin_error,m,0.0,observed
cloth-heldout,test-extension-00-superdex-shell,superdex-shell,protocol_pass,protocol_pass,cloth.final_tip_sag,m,0.0,observed
cloth-heldout,test-extension-00-superdex-shell,superdex-shell,protocol_pass,protocol_pass,cloth.crossing_pairs,count,0.0,observed
cloth-heldout,test-extension-00-superdex-shell,superdex-shell,protocol_pass,protocol_pass,material_slip,m,,unavailable
cloth-heldout,test-extension-00-newton-xpbd,newton-xpbd,protocol_pass,protocol_pass,cloth.ground_depth,m,,not_applicable
cloth-heldout,test-extension-00-newton-xpbd,newton-xpbd,protocol_pass,protocol_pass,cloth.sphere_depth,m,,not_applicable
cloth-heldout,test-extension-00-newton-xpbd,newton-xpbd,protocol_pass,protocol_pass,cloth.edge_strain,1,0.0002029065888007331,observed
cloth-heldout,test-extension-00-newton-xpbd,newton-xpbd,protocol_pass,protocol_pass,cloth.pin_error,m,1.2036781337118375e-08,observed
cloth-heldout,test-extension-00-newton-xpbd,newton-xpbd,protocol_pass,protocol_pass,cloth.final_tip_sag,m,-1.1920928966180355e-08,observed
cloth-heldout,test-extension-00-newton-xpbd,newton-xpbd,protocol_pass,protocol_pass,cloth.crossing_pairs,count,0.0,observed
cloth-heldout,test-extension-00-newton-xpbd,newton-xpbd,protocol_pass,protocol_pass,material_slip,m,,unavailable
cloth-heldout,test-extension-00-newton-vbd,newton-vbd,protocol_pass,protocol_pass,cloth.ground_depth,m,,not_applicable
cloth-heldout,test-extension-00-newton-vbd,newton-vbd,protocol_pass,protocol_pass,cloth.sphere_depth,m,,not_applicable
cloth-heldout,test-extension-00-newton-vbd,newton-vbd,protocol_pass,protocol_pass,cloth.edge_strain,1,0.0040489705301614,observed
cloth-heldout,test-extension-00-newton-vbd,newton-vbd,protocol_pass,protocol_pass,cloth.pin_error,m,1.2036781337118375e-08,observed
cloth-heldout,test-extension-00-newton-vbd,newton-vbd,protocol_pass,protocol_pass,cloth.final_tip_sag,m,-1.1920928966180355e-08,observed
cloth-heldout,test-extension-00-newton-vbd,newton-vbd,protocol_pass,protocol_pass,cloth.crossing_pairs,count,0.0,observed
cloth-heldout,test-extension-00-newton-vbd,newton-vbd,protocol_pass,protocol_pass,material_slip,m,,unavailable
cloth-heldout,test-extension-00-newton-semi_implicit,newton-semi_implicit,protocol_pass,protocol_pass,cloth.ground_depth,m,,not_applicable
cloth-heldout,test-extension-00-newton-semi_implicit,newton-semi_implicit,protocol_pass,protocol_pass,cloth.sphere_depth,m,,not_applicable
cloth-heldout,test-extension-00-newton-semi_implicit,newton-semi_implicit,protocol_pass,protocol_pass,cloth.edge_strain,1,0.005304456095353238,observed
cloth-heldout,test-extension-00-newton-semi_implicit,newton-semi_implicit,protocol_pass,protocol_pass,cloth.pin_error,m,1.2036781337118375e-08,observed
cloth-heldout,test-extension-00-newton-semi_implicit,newton-semi_implicit,protocol_pass,protocol_pass,cloth.final_tip_sag,m,-1.1920928966180355e-08,observed
cloth-heldout,test-extension-00-newton-semi_implicit,newton-semi_implicit,protocol_pass,protocol_pass,cloth.crossing_pairs,count,0.0,observed
cloth-heldout,test-extension-00-newton-semi_implicit,newton-semi_implicit,protocol_pass,protocol_pass,material_slip,m,,unavailable
cloth-heldout,test-extension-00-newton-featherstone,newton-featherstone,protocol_pass,protocol_pass,cloth.ground_depth,m,,not_applicable
cloth-heldout,test-extension-00-newton-featherstone,newton-featherstone,protocol_pass,protocol_pass,cloth.sphere_depth,m,,not_applicable
cloth-heldout,test-extension-00-newton-featherstone,newton-featherstone,protocol_pass,protocol_pass,cloth.edge_strain,1,0.005304456095353238,observed
cloth-heldout,test-extension-00-newton-featherstone,newton-featherstone,protocol_pass,protocol_pass,cloth.pin_error,m,1.2036781337118375e-08,observed
cloth-heldout,test-extension-00-newton-featherstone,newton-featherstone,protocol_pass,protocol_pass,cloth.final_tip_sag,m,-1.1920928966180355e-08,observed
cloth-heldout,test-extension-00-newton-featherstone,newton-featherstone,protocol_pass,protocol_pass,cloth.crossing_pairs,count,0.0,observed
cloth-heldout,test-extension-00-newton-featherstone,newton-featherstone,protocol_pass,protocol_pass,material_slip,m,,unavailable
cloth-heldout,test-extension-00-newton-style3d,newton-style3d,protocol_pass,protocol_pass,cloth.ground_depth,m,,not_applicable
cloth-heldout,test-extension-00-newton-style3d,newton-style3d,protocol_pass,protocol_pass,cloth.sphere_depth,m,,not_applicable
cloth-heldout,test-extension-00-newton-style3d,newton-style3d,protocol_pass,protocol_pass,cloth.edge_strain,1,0.005116403108718304,observed
cloth-heldout,test-extension-00-newton-style3d,newton-style3d,protocol_pass,protocol_pass,cloth.pin_error,m,1.2036781337118375e-08,observed
cloth-heldout,test-extension-00-newton-style3d,newton-style3d,protocol_pass,protocol_pass,cloth.final_tip_sag,m,-1.1920928966180355e-08,observed
cloth-heldout,test-extension-00-newton-style3d,newton-style3d,protocol_pass,protocol_pass,cloth.crossing_pairs,count,0.0,observed
cloth-heldout,test-extension-00-newton-style3d,newton-style3d,protocol_pass,protocol_pass,material_slip,m,,unavailable
cloth-heldout,test-extension-01-mujoco,mujoco,protocol_pass,protocol_pass,cloth.ground_depth,m,,not_applicable
cloth-heldout,test-extension-01-mujoco,mujoco,protocol_pass,protocol_pass,cloth.sphere_depth,m,,not_applicable
cloth-heldout,test-extension-01-mujoco,mujoco,protocol_pass,protocol_pass,cloth.edge_strain,1,0.017259372743820833,observed
cloth-heldout,test-extension-01-mujoco,mujoco,protocol_pass,protocol_pass,cloth.pin_error,m,0.0,observed
cloth-heldout,test-extension-01-mujoco,mujoco,protocol_pass,protocol_pass,cloth.final_tip_sag,m,1.1102230246251566e-17,observed
cloth-heldout,test-extension-01-mujoco,mujoco,protocol_pass,protocol_pass,cloth.crossing_pairs,count,0.0,observed
cloth-heldout,test-extension-01-mujoco,mujoco,protocol_pass,protocol_pass,material_slip,m,,unavailable
cloth-heldout,test-extension-01-superdex-shell,superdex-shell,protocol_pass,protocol_pass,cloth.ground_depth,m,,not_applicable
cloth-heldout,test-extension-01-superdex-shell,superdex-shell,protocol_pass,protocol_pass,cloth.sphere_depth,m,,not_applicable
cloth-heldout,test-extension-01-superdex-shell,superdex-shell,protocol_pass,protocol_pass,cloth.edge_strain,1,0.004406487287724081,observed
cloth-heldout,test-extension-01-superdex-shell,superdex-shell,protocol_pass,protocol_pass,cloth.pin_error,m,0.0,observed
cloth-heldout,test-extension-01-superdex-shell,superdex-shell,protocol_pass,protocol_pass,cloth.final_tip_sag,m,0.0,observed
cloth-heldout,test-extension-01-superdex-shell,superdex-shell,protocol_pass,protocol_pass,cloth.crossing_pairs,count,0.0,observed
cloth-heldout,test-extension-01-superdex-shell,superdex-shell,protocol_pass,protocol_pass,material_slip,m,,unavailable
cloth-heldout,test-extension-01-newton-xpbd,newton-xpbd,protocol_pass,protocol_pass,cloth.ground_depth,m,,not_applicable
cloth-heldout,test-extension-01-newton-xpbd,newton-xpbd,protocol_pass,protocol_pass,cloth.sphere_depth,m,,not_applicable
cloth-heldout,test-extension-01-newton-xpbd,newton-xpbd,protocol_pass,protocol_pass,cloth.edge_strain,1,0.0001835326770514012,observed
cloth-heldout,test-extension-01-newton-xpbd,newton-xpbd,protocol_pass,protocol_pass,cloth.pin_error,m,1.2036781337118375e-08,observed
cloth-heldout,test-extension-01-newton-xpbd,newton-xpbd,protocol_pass,protocol_pass,cloth.final_tip_sag,m,-1.1920928966180355e-08,observed
cloth-heldout,test-extension-01-newton-xpbd,newton-xpbd,protocol_pass,protocol_pass,cloth.crossing_pairs,count,0.0,observed
cloth-heldout,test-extension-01-newton-xpbd,newton-xpbd,protocol_pass,protocol_pass,material_slip,m,,unavailable
cloth-heldout,test-extension-01-newton-vbd,newton-vbd,protocol_pass,protocol_pass,cloth.ground_depth,m,,not_applicable
cloth-heldout,test-extension-01-newton-vbd,newton-vbd,protocol_pass,protocol_pass,cloth.sphere_depth,m,,not_applicable
cloth-heldout,test-extension-01-newton-vbd,newton-vbd,protocol_pass,protocol_pass,cloth.edge_strain,1,0.0035860351652523548,observed
cloth-heldout,test-extension-01-newton-vbd,newton-vbd,protocol_pass,protocol_pass,cloth.pin_error,m,1.2036781337118375e-08,observed
cloth-heldout,test-extension-01-newton-vbd,newton-vbd,protocol_pass,protocol_pass,cloth.final_tip_sag,m,-1.1920928966180355e-08,observed
cloth-heldout,test-extension-01-newton-vbd,newton-vbd,protocol_pass,protocol_pass,cloth.crossing_pairs,count,0.0,observed
cloth-heldout,test-extension-01-newton-vbd,newton-vbd,protocol_pass,protocol_pass,material_slip,m,,unavailable
cloth-heldout,test-extension-01-newton-semi_implicit,newton-semi_implicit,protocol_pass,protocol_pass,cloth.ground_depth,m,,not_applicable
cloth-heldout,test-extension-01-newton-semi_implicit,newton-semi_implicit,protocol_pass,protocol_pass,cloth.sphere_depth,m,,not_applicable
cloth-heldout,test-extension-01-newton-semi_implicit,newton-semi_implicit,protocol_pass,protocol_pass,cloth.edge_strain,1,0.004368066980323881,observed
cloth-heldout,test-extension-01-newton-semi_implicit,newton-semi_implicit,protocol_pass,protocol_pass,cloth.pin_error,m,1.2036781337118375e-08,observed
cloth-heldout,test-extension-01-newton-semi_implicit,newton-semi_implicit,protocol_pass,protocol_pass,cloth.final_tip_sag,m,-1.1920928966180355e-08,observed
cloth-heldout,test-extension-01-newton-semi_implicit,newton-semi_implicit,protocol_pass,protocol_pass,cloth.crossing_pairs,count,0.0,observed
cloth-heldout,test-extension-01-newton-semi_implicit,newton-semi_implicit,protocol_pass,protocol_pass,material_slip,m,,unavailable
cloth-heldout,test-extension-01-newton-featherstone,newton-featherstone,protocol_pass,protocol_pass,cloth.ground_depth,m,,not_applicable
cloth-heldout,test-extension-01-newton-featherstone,newton-featherstone,protocol_pass,protocol_pass,cloth.sphere_depth,m,,not_applicable
cloth-heldout,test-extension-01-newton-featherstone,newton-featherstone,protocol_pass,protocol_pass,cloth.edge_strain,1,0.004368066980323881,observed
cloth-heldout,test-extension-01-newton-featherstone,newton-featherstone,protocol_pass,protocol_pass,cloth.pin_error,m,1.2036781337118375e-08,observed
cloth-heldout,test-extension-01-newton-featherstone,newton-featherstone,protocol_pass,protocol_pass,cloth.final_tip_sag,m,-1.1920928966180355e-08,observed
cloth-heldout,test-extension-01-newton-featherstone,newton-featherstone,protocol_pass,protocol_pass,cloth.crossing_pairs,count,0.0,observed
cloth-heldout,test-extension-01-newton-featherstone,newton-featherstone,protocol_pass,protocol_pass,material_slip,m,,unavailable
cloth-heldout,test-extension-01-newton-style3d,newton-style3d,protocol_pass,protocol_pass,cloth.ground_depth,m,,not_applicable
cloth-heldout,test-extension-01-newton-style3d,newton-style3d,protocol_pass,protocol_pass,cloth.sphere_depth,m,,not_applicable
cloth-heldout,test-extension-01-newton-style3d,newton-style3d,protocol_pass,protocol_pass,cloth.edge_strain,1,0.004487872140101157,observed
cloth-heldout,test-extension-01-newton-style3d,newton-style3d,protocol_pass,protocol_pass,cloth.pin_error,m,1.2036781337118375e-08,observed
cloth-heldout,test-extension-01-newton-style3d,newton-style3d,protocol_pass,protocol_pass,cloth.final_tip_sag,m,-1.1920928966180355e-08,observed
cloth-heldout,test-extension-01-newton-style3d,newton-style3d,protocol_pass,protocol_pass,cloth.crossing_pairs,count,0.0,observed
cloth-heldout,test-extension-01-newton-style3d,newton-style3d,protocol_pass,protocol_pass,material_slip,m,,unavailable
cloth-heldout,test-extension-02-mujoco,mujoco,protocol_pass,protocol_pass,cloth.ground_depth,m,,not_applicable
cloth-heldout,test-extension-02-mujoco,mujoco,protocol_pass,protocol_pass,cloth.sphere_depth,m,,not_applicable
cloth-heldout,test-extension-02-mujoco,mujoco,protocol_pass,protocol_pass,cloth.edge_strain,1,0.020283529276175827,observed
cloth-heldout,test-extension-02-mujoco,mujoco,protocol_pass,protocol_pass,cloth.pin_error,m,0.0,observed
cloth-heldout,test-extension-02-mujoco,mujoco,protocol_pass,protocol_pass,cloth.final_tip_sag,m,1.1102230246251566e-17,observed
cloth-heldout,test-extension-02-mujoco,mujoco,protocol_pass,protocol_pass,cloth.crossing_pairs,count,0.0,observed
cloth-heldout,test-extension-02-mujoco,mujoco,protocol_pass,protocol_pass,material_slip,m,,unavailable
cloth-heldout,test-extension-02-superdex-shell,superdex-shell,protocol_pass,protocol_pass,cloth.ground_depth,m,,not_applicable
cloth-heldout,test-extension-02-superdex-shell,superdex-shell,protocol_pass,protocol_pass,cloth.sphere_depth,m,,not_applicable
cloth-heldout,test-extension-02-superdex-shell,superdex-shell,protocol_pass,protocol_pass,cloth.edge_strain,1,0.004994047722898687,observed
cloth-heldout,test-extension-02-superdex-shell,superdex-shell,protocol_pass,protocol_pass,cloth.pin_error,m,0.0,observed
cloth-heldout,test-extension-02-superdex-shell,superdex-shell,protocol_pass,protocol_pass,cloth.final_tip_sag,m,0.0,observed
cloth-heldout,test-extension-02-superdex-shell,superdex-shell,protocol_pass,protocol_pass,cloth.crossing_pairs,count,0.0,observed
cloth-heldout,test-extension-02-superdex-shell,superdex-shell,protocol_pass,protocol_pass,material_slip,m,,unavailable
cloth-heldout,test-extension-02-newton-xpbd,newton-xpbd,protocol_pass,protocol_pass,cloth.ground_depth,m,,not_applicable
cloth-heldout,test-extension-02-newton-xpbd,newton-xpbd,protocol_pass,protocol_pass,cloth.sphere_depth,m,,not_applicable
cloth-heldout,test-extension-02-newton-xpbd,newton-xpbd,protocol_pass,protocol_pass,cloth.edge_strain,1,0.00019813784502709098,observed
cloth-heldout,test-extension-02-newton-xpbd,newton-xpbd,protocol_pass,protocol_pass,cloth.pin_error,m,1.2036781337118375e-08,observed
cloth-heldout,test-extension-02-newton-xpbd,newton-xpbd,protocol_pass,protocol_pass,cloth.final_tip_sag,m,-1.1920928966180355e-08,observed
cloth-heldout,test-extension-02-newton-xpbd,newton-xpbd,protocol_pass,protocol_pass,cloth.crossing_pairs,count,0.0,observed
cloth-heldout,test-extension-02-newton-xpbd,newton-xpbd,protocol_pass,protocol_pass,material_slip,m,,unavailable
cloth-heldout,test-extension-02-newton-vbd,newton-vbd,protocol_pass,protocol_pass,cloth.ground_depth,m,,not_applicable
cloth-heldout,test-extension-02-newton-vbd,newton-vbd,protocol_pass,protocol_pass,cloth.sphere_depth,m,,not_applicable
cloth-heldout,test-extension-02-newton-vbd,newton-vbd,protocol_pass,protocol_pass,cloth.edge_strain,1,0.0039693302821364185,observed
cloth-heldout,test-extension-02-newton-vbd,newton-vbd,protocol_pass,protocol_pass,cloth.pin_error,m,1.2036781337118375e-08,observed
cloth-heldout,test-extension-02-newton-vbd,newton-vbd,protocol_pass,protocol_pass,cloth.final_tip_sag,m,-1.1920928966180355e-08,observed
cloth-heldout,test-extension-02-newton-vbd,newton-vbd,protocol_pass,protocol_pass,cloth.crossing_pairs,count,0.0,observed
cloth-heldout,test-extension-02-newton-vbd,newton-vbd,protocol_pass,protocol_pass,material_slip,m,,unavailable
cloth-heldout,test-extension-02-newton-semi_implicit,newton-semi_implicit,protocol_pass,protocol_pass,cloth.ground_depth,m,,not_applicable
cloth-heldout,test-extension-02-newton-semi_implicit,newton-semi_implicit,protocol_pass,protocol_pass,cloth.sphere_depth,m,,not_applicable
cloth-heldout,test-extension-02-newton-semi_implicit,newton-semi_implicit,protocol_pass,protocol_pass,cloth.edge_strain,1,0.005153656328835465,observed
cloth-heldout,test-extension-02-newton-semi_implicit,newton-semi_implicit,protocol_pass,protocol_pass,cloth.pin_error,m,1.2036781337118375e-08,observed
cloth-heldout,test-extension-02-newton-semi_implicit,newton-semi_implicit,protocol_pass,protocol_pass,cloth.final_tip_sag,m,-1.1920928966180355e-08,observed
cloth-heldout,test-extension-02-newton-semi_implicit,newton-semi_implicit,protocol_pass,protocol_pass,cloth.crossing_pairs,count,0.0,observed
cloth-heldout,test-extension-02-newton-semi_implicit,newton-semi_implicit,protocol_pass,protocol_pass,material_slip,m,,unavailable
cloth-heldout,test-extension-02-newton-featherstone,newton-featherstone,protocol_pass,protocol_pass,cloth.ground_depth,m,,not_applicable
cloth-heldout,test-extension-02-newton-featherstone,newton-featherstone,protocol_pass,protocol_pass,cloth.sphere_depth,m,,not_applicable
cloth-heldout,test-extension-02-newton-featherstone,newton-featherstone,protocol_pass,protocol_pass,cloth.edge_strain,1,0.005153656328835465,observed
cloth-heldout,test-extension-02-newton-featherstone,newton-featherstone,protocol_pass,protocol_pass,cloth.pin_error,m,1.2036781337118375e-08,observed
cloth-heldout,test-extension-02-newton-featherstone,newton-featherstone,protocol_pass,protocol_pass,cloth.final_tip_sag,m,-1.1920928966180355e-08,observed
cloth-heldout,test-extension-02-newton-featherstone,newton-featherstone,protocol_pass,protocol_pass,cloth.crossing_pairs,count,0.0,observed
cloth-heldout,test-extension-02-newton-featherstone,newton-featherstone,protocol_pass,protocol_pass,material_slip,m,,unavailable
cloth-heldout,test-extension-02-newton-style3d,newton-style3d,protocol_pass,protocol_pass,cloth.ground_depth,m,,not_applicable
cloth-heldout,test-extension-02-newton-style3d,newton-style3d,protocol_pass,protocol_pass,cloth.sphere_depth,m,,not_applicable
cloth-heldout,test-extension-02-newton-style3d,newton-style3d,protocol_pass,protocol_pass,cloth.edge_strain,1,0.004999578004461824,observed
cloth-heldout,test-extension-02-newton-style3d,newton-style3d,protocol_pass,protocol_pass,cloth.pin_error,m,1.2036781337118375e-08,observed
cloth-heldout,test-extension-02-newton-style3d,newton-style3d,protocol_pass,protocol_pass,cloth.final_tip_sag,m,-1.1920928966180355e-08,observed
cloth-heldout,test-extension-02-newton-style3d,newton-style3d,protocol_pass,protocol_pass,cloth.crossing_pairs,count,0.0,observed
cloth-heldout,test-extension-02-newton-style3d,newton-style3d,protocol_pass,protocol_pass,material_slip,m,,unavailable
cloth-heldout,test-extension-03-mujoco,mujoco,protocol_pass,protocol_pass,cloth.ground_depth,m,,not_applicable
cloth-heldout,test-extension-03-mujoco,mujoco,protocol_pass,protocol_pass,cloth.sphere_depth,m,,not_applicable
cloth-heldout,test-extension-03-mujoco,mujoco,protocol_pass,protocol_pass,cloth.edge_strain,1,0.02648649447985485,observed
cloth-heldout,test-extension-03-mujoco,mujoco,protocol_pass,protocol_pass,cloth.pin_error,m,0.0,observed
cloth-heldout,test-extension-03-mujoco,mujoco,protocol_pass,protocol_pass,cloth.final_tip_sag,m,6.661338147750939e-17,observed
cloth-heldout,test-extension-03-mujoco,mujoco,protocol_pass,protocol_pass,cloth.crossing_pairs,count,0.0,observed
cloth-heldout,test-extension-03-mujoco,mujoco,protocol_pass,protocol_pass,material_slip,m,,unavailable
cloth-heldout,test-extension-03-superdex-shell,superdex-shell,protocol_pass,protocol_pass,cloth.ground_depth,m,,not_applicable
cloth-heldout,test-extension-03-superdex-shell,superdex-shell,protocol_pass,protocol_pass,cloth.sphere_depth,m,,not_applicable
cloth-heldout,test-extension-03-superdex-shell,superdex-shell,protocol_pass,protocol_pass,cloth.edge_strain,1,0.006667686476552248,observed
cloth-heldout,test-extension-03-superdex-shell,superdex-shell,protocol_pass,protocol_pass,cloth.pin_error,m,0.0,observed
cloth-heldout,test-extension-03-superdex-shell,superdex-shell,protocol_pass,protocol_pass,cloth.final_tip_sag,m,0.0,observed
cloth-heldout,test-extension-03-superdex-shell,superdex-shell,protocol_pass,protocol_pass,cloth.crossing_pairs,count,0.0,observed
cloth-heldout,test-extension-03-superdex-shell,superdex-shell,protocol_pass,protocol_pass,material_slip,m,,unavailable
cloth-heldout,test-extension-03-newton-xpbd,newton-xpbd,protocol_pass,protocol_pass,cloth.ground_depth,m,,not_applicable
cloth-heldout,test-extension-03-newton-xpbd,newton-xpbd,protocol_pass,protocol_pass,cloth.sphere_depth,m,,not_applicable
cloth-heldout,test-extension-03-newton-xpbd,newton-xpbd,protocol_pass,protocol_pass,cloth.edge_strain,1,0.00026579849430530267,observed
cloth-heldout,test-extension-03-newton-xpbd,newton-xpbd,protocol_pass,protocol_pass,cloth.pin_error,m,1.2036781337118375e-08,observed
cloth-heldout,test-extension-03-newton-xpbd,newton-xpbd,protocol_pass,protocol_pass,cloth.final_tip_sag,m,-1.1920928966180355e-08,observed
cloth-heldout,test-extension-03-newton-xpbd,newton-xpbd,protocol_pass,protocol_pass,cloth.crossing_pairs,count,0.0,observed
cloth-heldout,test-extension-03-newton-xpbd,newton-xpbd,protocol_pass,protocol_pass,material_slip,m,,unavailable
cloth-heldout,test-extension-03-newton-vbd,newton-vbd,protocol_pass,protocol_pass,cloth.ground_depth,m,,not_applicable
cloth-heldout,test-extension-03-newton-vbd,newton-vbd,protocol_pass,protocol_pass,cloth.sphere_depth,m,,not_applicable
cloth-heldout,test-extension-03-newton-vbd,newton-vbd,protocol_pass,protocol_pass,cloth.edge_strain,1,0.005360504068805172,observed
cloth-heldout,test-extension-03-newton-vbd,newton-vbd,protocol_pass,protocol_pass,cloth.pin_error,m,1.2036781337118375e-08,observed
cloth-heldout,test-extension-03-newton-vbd,newton-vbd,protocol_pass,protocol_pass,cloth.final_tip_sag,m,-1.1920928966180355e-08,observed
cloth-heldout,test-extension-03-newton-vbd,newton-vbd,protocol_pass,protocol_pass,cloth.crossing_pairs,count,0.0,observed
cloth-heldout,test-extension-03-newton-vbd,newton-vbd,protocol_pass,protocol_pass,material_slip,m,,unavailable
cloth-heldout,test-extension-03-newton-semi_implicit,newton-semi_implicit,protocol_pass,protocol_pass,cloth.ground_depth,m,,not_applicable
cloth-heldout,test-extension-03-newton-semi_implicit,newton-semi_implicit,protocol_pass,protocol_pass,cloth.sphere_depth,m,,not_applicable
cloth-heldout,test-extension-03-newton-semi_implicit,newton-semi_implicit,protocol_pass,protocol_pass,cloth.edge_strain,1,0.006790996372234792,observed
cloth-heldout,test-extension-03-newton-semi_implicit,newton-semi_implicit,protocol_pass,protocol_pass,cloth.pin_error,m,1.2036781337118375e-08,observed
cloth-heldout,test-extension-03-newton-semi_implicit,newton-semi_implicit,protocol_pass,protocol_pass,cloth.final_tip_sag,m,-1.1920928966180355e-08,observed
cloth-heldout,test-extension-03-newton-semi_implicit,newton-semi_implicit,protocol_pass,protocol_pass,cloth.crossing_pairs,count,0.0,observed
cloth-heldout,test-extension-03-newton-semi_implicit,newton-semi_implicit,protocol_pass,protocol_pass,material_slip,m,,unavailable
cloth-heldout,test-extension-03-newton-featherstone,newton-featherstone,protocol_pass,protocol_pass,cloth.ground_depth,m,,not_applicable
cloth-heldout,test-extension-03-newton-featherstone,newton-featherstone,protocol_pass,protocol_pass,cloth.sphere_depth,m,,not_applicable
cloth-heldout,test-extension-03-newton-featherstone,newton-featherstone,protocol_pass,protocol_pass,cloth.edge_strain,1,0.006790996372234792,observed
cloth-heldout,test-extension-03-newton-featherstone,newton-featherstone,protocol_pass,protocol_pass,cloth.pin_error,m,1.2036781337118375e-08,observed
cloth-heldout,test-extension-03-newton-featherstone,newton-featherstone,protocol_pass,protocol_pass,cloth.final_tip_sag,m,-1.1920928966180355e-08,observed
cloth-heldout,test-extension-03-newton-featherstone,newton-featherstone,protocol_pass,protocol_pass,cloth.crossing_pairs,count,0.0,observed
cloth-heldout,test-extension-03-newton-featherstone,newton-featherstone,protocol_pass,protocol_pass,material_slip,m,,unavailable
cloth-heldout,test-extension-03-newton-style3d,newton-style3d,protocol_pass,protocol_pass,cloth.ground_depth,m,,not_applicable
cloth-heldout,test-extension-03-newton-style3d,newton-style3d,protocol_pass,protocol_pass,cloth.sphere_depth,m,,not_applicable
cloth-heldout,test-extension-03-newton-style3d,newton-style3d,protocol_pass,protocol_pass,cloth.edge_strain,1,0.0067400336323903964,observed
cloth-heldout,test-extension-03-newton-style3d,newton-style3d,protocol_pass,protocol_pass,cloth.pin_error,m,1.2036781337118375e-08,observed
cloth-heldout,test-extension-03-newton-style3d,newton-style3d,protocol_pass,protocol_pass,cloth.final_tip_sag,m,-1.1920928966180355e-08,observed
cloth-heldout,test-extension-03-newton-style3d,newton-style3d,protocol_pass,protocol_pass,cloth.crossing_pairs,count,0.0,observed
cloth-heldout,test-extension-03-newton-style3d,newton-style3d,protocol_pass,protocol_pass,material_slip,m,,unavailable
cloth-heldout,test-sag-00-mujoco,mujoco,protocol_fail,protocol_fail,cloth.ground_depth,m,,not_applicable
cloth-heldout,test-sag-00-mujoco,mujoco,protocol_fail,protocol_fail,cloth.sphere_depth,m,,not_applicable
cloth-heldout,test-sag-00-mujoco,mujoco,protocol_fail,protocol_fail,cloth.edge_strain,1,0.5439458223449598,observed
cloth-heldout,test-sag-00-mujoco,mujoco,protocol_fail,protocol_fail,cloth.pin_error,m,0.0,observed
cloth-heldout,test-sag-00-mujoco,mujoco,protocol_fail,protocol_fail,cloth.final_tip_sag,m,0.17041493272357983,observed
cloth-heldout,test-sag-00-mujoco,mujoco,protocol_fail,protocol_fail,cloth.crossing_pairs,count,7.0,observed
cloth-heldout,test-sag-00-mujoco,mujoco,protocol_fail,protocol_fail,material_slip,m,,unavailable
cloth-heldout,test-sag-00-superdex-shell,superdex-shell,protocol_pass,protocol_pass,cloth.ground_depth,m,,not_applicable
cloth-heldout,test-sag-00-superdex-shell,superdex-shell,protocol_pass,protocol_pass,cloth.sphere_depth,m,,not_applicable
cloth-heldout,test-sag-00-superdex-shell,superdex-shell,protocol_pass,protocol_pass,cloth.edge_strain,1,0.13730177914100694,observed
cloth-heldout,test-sag-00-superdex-shell,superdex-shell,protocol_pass,protocol_pass,cloth.pin_error,m,0.0,observed
cloth-heldout,test-sag-00-superdex-shell,superdex-shell,protocol_pass,protocol_pass,cloth.final_tip_sag,m,0.15728527926271976,observed
cloth-heldout,test-sag-00-superdex-shell,superdex-shell,protocol_pass,protocol_pass,cloth.crossing_pairs,count,0.0,observed
cloth-heldout,test-sag-00-superdex-shell,superdex-shell,protocol_pass,protocol_pass,material_slip,m,,unavailable
cloth-heldout,test-sag-00-newton-xpbd,newton-xpbd,protocol_pass,protocol_pass,cloth.ground_depth,m,,not_applicable
cloth-heldout,test-sag-00-newton-xpbd,newton-xpbd,protocol_pass,protocol_pass,cloth.sphere_depth,m,,not_applicable
cloth-heldout,test-sag-00-newton-xpbd,newton-xpbd,protocol_pass,protocol_pass,cloth.edge_strain,1,0.06329631395876811,observed
cloth-heldout,test-sag-00-newton-xpbd,newton-xpbd,protocol_pass,protocol_pass,cloth.pin_error,m,1.2036781337118375e-08,observed
cloth-heldout,test-sag-00-newton-xpbd,newton-xpbd,protocol_pass,protocol_pass,cloth.final_tip_sag,m,0.194044990837574,observed
cloth-heldout,test-sag-00-newton-xpbd,newton-xpbd,protocol_pass,protocol_pass,cloth.crossing_pairs,count,0.0,observed
cloth-heldout,test-sag-00-newton-xpbd,newton-xpbd,protocol_pass,protocol_pass,material_slip,m,,unavailable
cloth-heldout,test-sag-00-newton-vbd,newton-vbd,protocol_pass,protocol_pass,cloth.ground_depth,m,,not_applicable
cloth-heldout,test-sag-00-newton-vbd,newton-vbd,protocol_pass,protocol_pass,cloth.sphere_depth,m,,not_applicable
cloth-heldout,test-sag-00-newton-vbd,newton-vbd,protocol_pass,protocol_pass,cloth.edge_strain,1,0.2346943066939533,observed
cloth-heldout,test-sag-00-newton-vbd,newton-vbd,protocol_pass,protocol_pass,cloth.pin_error,m,1.2036781337118375e-08,observed
cloth-heldout,test-sag-00-newton-vbd,newton-vbd,protocol_pass,protocol_pass,cloth.final_tip_sag,m,0.2022765412926674,observed
cloth-heldout,test-sag-00-newton-vbd,newton-vbd,protocol_pass,protocol_pass,cloth.crossing_pairs,count,0.0,observed
cloth-heldout,test-sag-00-newton-vbd,newton-vbd,protocol_pass,protocol_pass,material_slip,m,,unavailable
cloth-heldout,test-sag-00-newton-semi_implicit,newton-semi_implicit,protocol_pass,protocol_pass,cloth.ground_depth,m,,not_applicable
cloth-heldout,test-sag-00-newton-semi_implicit,newton-semi_implicit,protocol_pass,protocol_pass,cloth.sphere_depth,m,,not_applicable
cloth-heldout,test-sag-00-newton-semi_implicit,newton-semi_implicit,protocol_pass,protocol_pass,cloth.edge_strain,1,0.09866568429304579,observed
cloth-heldout,test-sag-00-newton-semi_implicit,newton-semi_implicit,protocol_pass,protocol_pass,cloth.pin_error,m,1.2036781337118375e-08,observed
cloth-heldout,test-sag-00-newton-semi_implicit,newton-semi_implicit,protocol_pass,protocol_pass,cloth.final_tip_sag,m,0.19858471900224686,observed
cloth-heldout,test-sag-00-newton-semi_implicit,newton-semi_implicit,protocol_pass,protocol_pass,cloth.crossing_pairs,count,0.0,observed
cloth-heldout,test-sag-00-newton-semi_implicit,newton-semi_implicit,protocol_pass,protocol_pass,material_slip,m,,unavailable
cloth-heldout,test-sag-00-newton-featherstone,newton-featherstone,protocol_pass,protocol_pass,cloth.ground_depth,m,,not_applicable
cloth-heldout,test-sag-00-newton-featherstone,newton-featherstone,protocol_pass,protocol_pass,cloth.sphere_depth,m,,not_applicable
cloth-heldout,test-sag-00-newton-featherstone,newton-featherstone,protocol_pass,protocol_pass,cloth.edge_strain,1,0.09866568429304579,observed
cloth-heldout,test-sag-00-newton-featherstone,newton-featherstone,protocol_pass,protocol_pass,cloth.pin_error,m,1.2036781337118375e-08,observed
cloth-heldout,test-sag-00-newton-featherstone,newton-featherstone,protocol_pass,protocol_pass,cloth.final_tip_sag,m,0.19858471900224686,observed
cloth-heldout,test-sag-00-newton-featherstone,newton-featherstone,protocol_pass,protocol_pass,cloth.crossing_pairs,count,0.0,observed
cloth-heldout,test-sag-00-newton-featherstone,newton-featherstone,protocol_pass,protocol_pass,material_slip,m,,unavailable
cloth-heldout,test-sag-00-newton-style3d,newton-style3d,protocol_pass,protocol_pass,cloth.ground_depth,m,,not_applicable
cloth-heldout,test-sag-00-newton-style3d,newton-style3d,protocol_pass,protocol_pass,cloth.sphere_depth,m,,not_applicable
cloth-heldout,test-sag-00-newton-style3d,newton-style3d,protocol_pass,protocol_pass,cloth.edge_strain,1,0.0671199673755023,observed
cloth-heldout,test-sag-00-newton-style3d,newton-style3d,protocol_pass,protocol_pass,cloth.pin_error,m,1.2036781337118375e-08,observed
cloth-heldout,test-sag-00-newton-style3d,newton-style3d,protocol_pass,protocol_pass,cloth.final_tip_sag,m,0.20368669778108597,observed
cloth-heldout,test-sag-00-newton-style3d,newton-style3d,protocol_pass,protocol_pass,cloth.crossing_pairs,count,0.0,observed
cloth-heldout,test-sag-00-newton-style3d,newton-style3d,protocol_pass,protocol_pass,material_slip,m,,unavailable
cloth-heldout,test-sag-01-mujoco,mujoco,protocol_fail,protocol_fail,cloth.ground_depth,m,,not_applicable
cloth-heldout,test-sag-01-mujoco,mujoco,protocol_fail,protocol_fail,cloth.sphere_depth,m,,not_applicable
cloth-heldout,test-sag-01-mujoco,mujoco,protocol_fail,protocol_fail,cloth.edge_strain,1,0.47123195847405186,observed
cloth-heldout,test-sag-01-mujoco,mujoco,protocol_fail,protocol_fail,cloth.pin_error,m,0.0,observed
cloth-heldout,test-sag-01-mujoco,mujoco,protocol_fail,protocol_fail,cloth.final_tip_sag,m,0.15428334256428478,observed
cloth-heldout,test-sag-01-mujoco,mujoco,protocol_fail,protocol_fail,cloth.crossing_pairs,count,5.0,observed
cloth-heldout,test-sag-01-mujoco,mujoco,protocol_fail,protocol_fail,material_slip,m,,unavailable
cloth-heldout,test-sag-01-superdex-shell,superdex-shell,protocol_pass,protocol_pass,cloth.ground_depth,m,,not_applicable
cloth-heldout,test-sag-01-superdex-shell,superdex-shell,protocol_pass,protocol_pass,cloth.sphere_depth,m,,not_applicable
cloth-heldout,test-sag-01-superdex-shell,superdex-shell,protocol_pass,protocol_pass,cloth.edge_strain,1,0.16274026623530768,observed
cloth-heldout,test-sag-01-superdex-shell,superdex-shell,protocol_pass,protocol_pass,cloth.pin_error,m,0.0,observed
cloth-heldout,test-sag-01-superdex-shell,superdex-shell,protocol_pass,protocol_pass,cloth.final_tip_sag,m,0.16290988467219578,observed
cloth-heldout,test-sag-01-superdex-shell,superdex-shell,protocol_pass,protocol_pass,cloth.crossing_pairs,count,0.0,observed
cloth-heldout,test-sag-01-superdex-shell,superdex-shell,protocol_pass,protocol_pass,material_slip,m,,unavailable
cloth-heldout,test-sag-01-newton-xpbd,newton-xpbd,protocol_pass,protocol_pass,cloth.ground_depth,m,,not_applicable
cloth-heldout,test-sag-01-newton-xpbd,newton-xpbd,protocol_pass,protocol_pass,cloth.sphere_depth,m,,not_applicable
cloth-heldout,test-sag-01-newton-xpbd,newton-xpbd,protocol_pass,protocol_pass,cloth.edge_strain,1,0.06289247609466897,observed
cloth-heldout,test-sag-01-newton-xpbd,newton-xpbd,protocol_pass,protocol_pass,cloth.pin_error,m,1.2036781337118375e-08,observed
cloth-heldout,test-sag-01-newton-xpbd,newton-xpbd,protocol_pass,protocol_pass,cloth.final_tip_sag,m,0.19374673664569855,observed
cloth-heldout,test-sag-01-newton-xpbd,newton-xpbd,protocol_pass,protocol_pass,cloth.crossing_pairs,count,0.0,observed
cloth-heldout,test-sag-01-newton-xpbd,newton-xpbd,protocol_pass,protocol_pass,material_slip,m,,unavailable
cloth-heldout,test-sag-01-newton-vbd,newton-vbd,protocol_pass,protocol_pass,cloth.ground_depth,m,,not_applicable
cloth-heldout,test-sag-01-newton-vbd,newton-vbd,protocol_pass,protocol_pass,cloth.sphere_depth,m,,not_applicable
cloth-heldout,test-sag-01-newton-vbd,newton-vbd,protocol_pass,protocol_pass,cloth.edge_strain,1,0.11398730994988004,observed
cloth-heldout,test-sag-01-newton-vbd,newton-vbd,protocol_pass,protocol_pass,cloth.pin_error,m,1.2036781337118375e-08,observed
cloth-heldout,test-sag-01-newton-vbd,newton-vbd,protocol_pass,protocol_pass,cloth.final_tip_sag,m,0.14081403017044067,observed
cloth-heldout,test-sag-01-newton-vbd,newton-vbd,protocol_pass,protocol_pass,cloth.crossing_pairs,count,0.0,observed
cloth-heldout,test-sag-01-newton-vbd,newton-vbd,protocol_pass,protocol_pass,material_slip,m,,unavailable
cloth-heldout,test-sag-01-newton-semi_implicit,newton-semi_implicit,protocol_pass,protocol_pass,cloth.ground_depth,m,,not_applicable
cloth-heldout,test-sag-01-newton-semi_implicit,newton-semi_implicit,protocol_pass,protocol_pass,cloth.sphere_depth,m,,not_applicable
cloth-heldout,test-sag-01-newton-semi_implicit,newton-semi_implicit,protocol_pass,protocol_pass,cloth.edge_strain,1,0.12192108255220724,observed
cloth-heldout,test-sag-01-newton-semi_implicit,newton-semi_implicit,protocol_pass,protocol_pass,cloth.pin_error,m,1.2036781337118375e-08,observed
cloth-heldout,test-sag-01-newton-semi_implicit,newton-semi_implicit,protocol_pass,protocol_pass,cloth.final_tip_sag,m,0.18747283667325973,observed
cloth-heldout,test-sag-01-newton-semi_implicit,newton-semi_implicit,protocol_pass,protocol_pass,cloth.crossing_pairs,count,0.0,observed
cloth-heldout,test-sag-01-newton-semi_implicit,newton-semi_implicit,protocol_pass,protocol_pass,material_slip,m,,unavailable
cloth-heldout,test-sag-01-newton-featherstone,newton-featherstone,protocol_pass,protocol_pass,cloth.ground_depth,m,,not_applicable
cloth-heldout,test-sag-01-newton-featherstone,newton-featherstone,protocol_pass,protocol_pass,cloth.sphere_depth,m,,not_applicable
cloth-heldout,test-sag-01-newton-featherstone,newton-featherstone,protocol_pass,protocol_pass,cloth.edge_strain,1,0.12192108255220724,observed
cloth-heldout,test-sag-01-newton-featherstone,newton-featherstone,protocol_pass,protocol_pass,cloth.pin_error,m,1.2036781337118375e-08,observed
cloth-heldout,test-sag-01-newton-featherstone,newton-featherstone,protocol_pass,protocol_pass,cloth.final_tip_sag,m,0.18747283667325973,observed
cloth-heldout,test-sag-01-newton-featherstone,newton-featherstone,protocol_pass,protocol_pass,cloth.crossing_pairs,count,0.0,observed
cloth-heldout,test-sag-01-newton-featherstone,newton-featherstone,protocol_pass,protocol_pass,material_slip,m,,unavailable
cloth-heldout,test-sag-01-newton-style3d,newton-style3d,protocol_pass,protocol_pass,cloth.ground_depth,m,,not_applicable
cloth-heldout,test-sag-01-newton-style3d,newton-style3d,protocol_pass,protocol_pass,cloth.sphere_depth,m,,not_applicable
cloth-heldout,test-sag-01-newton-style3d,newton-style3d,protocol_pass,protocol_pass,cloth.edge_strain,1,0.08387586234553468,observed
cloth-heldout,test-sag-01-newton-style3d,newton-style3d,protocol_pass,protocol_pass,cloth.pin_error,m,1.2036781337118375e-08,observed
cloth-heldout,test-sag-01-newton-style3d,newton-style3d,protocol_pass,protocol_pass,cloth.final_tip_sag,m,0.20459704399108886,observed
cloth-heldout,test-sag-01-newton-style3d,newton-style3d,protocol_pass,protocol_pass,cloth.crossing_pairs,count,0.0,observed
cloth-heldout,test-sag-01-newton-style3d,newton-style3d,protocol_pass,protocol_pass,material_slip,m,,unavailable
cloth-heldout,test-sag-02-mujoco,mujoco,protocol_fail,protocol_fail,cloth.ground_depth,m,,not_applicable
cloth-heldout,test-sag-02-mujoco,mujoco,protocol_fail,protocol_fail,cloth.sphere_depth,m,,not_applicable
cloth-heldout,test-sag-02-mujoco,mujoco,protocol_fail,protocol_fail,cloth.edge_strain,1,0.5210366615679223,observed
cloth-heldout,test-sag-02-mujoco,mujoco,protocol_fail,protocol_fail,cloth.pin_error,m,0.0,observed
cloth-heldout,test-sag-02-mujoco,mujoco,protocol_fail,protocol_fail,cloth.final_tip_sag,m,0.2058102606431334,observed
cloth-heldout,test-sag-02-mujoco,mujoco,protocol_fail,protocol_fail,cloth.crossing_pairs,count,6.0,observed
cloth-heldout,test-sag-02-mujoco,mujoco,protocol_fail,protocol_fail,material_slip,m,,unavailable
cloth-heldout,test-sag-02-superdex-shell,superdex-shell,protocol_fail,protocol_fail,cloth.ground_depth,m,,not_applicable
cloth-heldout,test-sag-02-superdex-shell,superdex-shell,protocol_fail,protocol_fail,cloth.sphere_depth,m,,not_applicable
cloth-heldout,test-sag-02-superdex-shell,superdex-shell,protocol_fail,protocol_fail,cloth.edge_strain,1,0.1315623108023134,observed
cloth-heldout,test-sag-02-superdex-shell,superdex-shell,protocol_fail,protocol_fail,cloth.pin_error,m,0.0,observed
cloth-heldout,test-sag-02-superdex-shell,superdex-shell,protocol_fail,protocol_fail,cloth.final_tip_sag,m,0.18137478461982076,observed
cloth-heldout,test-sag-02-superdex-shell,superdex-shell,protocol_fail,protocol_fail,cloth.crossing_pairs,count,1.0,observed
cloth-heldout,test-sag-02-superdex-shell,superdex-shell,protocol_fail,protocol_fail,material_slip,m,,unavailable
cloth-heldout,test-sag-02-newton-xpbd,newton-xpbd,protocol_pass,protocol_pass,cloth.ground_depth,m,,not_applicable
cloth-heldout,test-sag-02-newton-xpbd,newton-xpbd,protocol_pass,protocol_pass,cloth.sphere_depth,m,,not_applicable
cloth-heldout,test-sag-02-newton-xpbd,newton-xpbd,protocol_pass,protocol_pass,cloth.edge_strain,1,0.062010527555780515,observed
cloth-heldout,test-sag-02-newton-xpbd,newton-xpbd,protocol_pass,protocol_pass,cloth.pin_error,m,1.2036781337118375e-08,observed
cloth-heldout,test-sag-02-newton-xpbd,newton-xpbd,protocol_pass,protocol_pass,cloth.final_tip_sag,m,0.19767108857631682,observed
cloth-heldout,test-sag-02-newton-xpbd,newton-xpbd,protocol_pass,protocol_pass,cloth.crossing_pairs,count,0.0,observed
cloth-heldout,test-sag-02-newton-xpbd,newton-xpbd,protocol_pass,protocol_pass,material_slip,m,,unavailable
cloth-heldout,test-sag-02-newton-vbd,newton-vbd,protocol_pass,protocol_pass,cloth.ground_depth,m,,not_applicable
cloth-heldout,test-sag-02-newton-vbd,newton-vbd,protocol_pass,protocol_pass,cloth.sphere_depth,m,,not_applicable
cloth-heldout,test-sag-02-newton-vbd,newton-vbd,protocol_pass,protocol_pass,cloth.edge_strain,1,0.27237349238743747,observed
cloth-heldout,test-sag-02-newton-vbd,newton-vbd,protocol_pass,protocol_pass,cloth.pin_error,m,1.2036781337118375e-08,observed
cloth-heldout,test-sag-02-newton-vbd,newton-vbd,protocol_pass,protocol_pass,cloth.final_tip_sag,m,0.16917376667261125,observed
cloth-heldout,test-sag-02-newton-vbd,newton-vbd,protocol_pass,protocol_pass,cloth.crossing_pairs,count,0.0,observed
cloth-heldout,test-sag-02-newton-vbd,newton-vbd,protocol_pass,protocol_pass,material_slip,m,,unavailable
cloth-heldout,test-sag-02-newton-semi_implicit,newton-semi_implicit,protocol_pass,protocol_pass,cloth.ground_depth,m,,not_applicable
cloth-heldout,test-sag-02-newton-semi_implicit,newton-semi_implicit,protocol_pass,protocol_pass,cloth.sphere_depth,m,,not_applicable
cloth-heldout,test-sag-02-newton-semi_implicit,newton-semi_implicit,protocol_pass,protocol_pass,cloth.edge_strain,1,0.09345119738378571,observed
cloth-heldout,test-sag-02-newton-semi_implicit,newton-semi_implicit,protocol_pass,protocol_pass,cloth.pin_error,m,1.2036781337118375e-08,observed
cloth-heldout,test-sag-02-newton-semi_implicit,newton-semi_implicit,protocol_pass,protocol_pass,cloth.final_tip_sag,m,0.20041700601577758,observed
cloth-heldout,test-sag-02-newton-semi_implicit,newton-semi_implicit,protocol_pass,protocol_pass,cloth.crossing_pairs,count,0.0,observed
cloth-heldout,test-sag-02-newton-semi_implicit,newton-semi_implicit,protocol_pass,protocol_pass,material_slip,m,,unavailable
cloth-heldout,test-sag-02-newton-featherstone,newton-featherstone,protocol_pass,protocol_pass,cloth.ground_depth,m,,not_applicable
cloth-heldout,test-sag-02-newton-featherstone,newton-featherstone,protocol_pass,protocol_pass,cloth.sphere_depth,m,,not_applicable
cloth-heldout,test-sag-02-newton-featherstone,newton-featherstone,protocol_pass,protocol_pass,cloth.edge_strain,1,0.09345119738378571,observed
cloth-heldout,test-sag-02-newton-featherstone,newton-featherstone,protocol_pass,protocol_pass,cloth.pin_error,m,1.2036781337118375e-08,observed
cloth-heldout,test-sag-02-newton-featherstone,newton-featherstone,protocol_pass,protocol_pass,cloth.final_tip_sag,m,0.20041700601577758,observed
cloth-heldout,test-sag-02-newton-featherstone,newton-featherstone,protocol_pass,protocol_pass,cloth.crossing_pairs,count,0.0,observed
cloth-heldout,test-sag-02-newton-featherstone,newton-featherstone,protocol_pass,protocol_pass,material_slip,m,,unavailable
cloth-heldout,test-sag-02-newton-style3d,newton-style3d,protocol_pass,protocol_pass,cloth.ground_depth,m,,not_applicable
cloth-heldout,test-sag-02-newton-style3d,newton-style3d,protocol_pass,protocol_pass,cloth.sphere_depth,m,,not_applicable
cloth-heldout,test-sag-02-newton-style3d,newton-style3d,protocol_pass,protocol_pass,cloth.edge_strain,1,0.06344028741261898,observed
cloth-heldout,test-sag-02-newton-style3d,newton-style3d,protocol_pass,protocol_pass,cloth.pin_error,m,1.2036781337118375e-08,observed
cloth-heldout,test-sag-02-newton-style3d,newton-style3d,protocol_pass,protocol_pass,cloth.final_tip_sag,m,0.20350010842084884,observed
cloth-heldout,test-sag-02-newton-style3d,newton-style3d,protocol_pass,protocol_pass,cloth.crossing_pairs,count,0.0,observed
cloth-heldout,test-sag-02-newton-style3d,newton-style3d,protocol_pass,protocol_pass,material_slip,m,,unavailable
cloth-heldout,test-sag-03-mujoco,mujoco,protocol_fail,protocol_fail,cloth.ground_depth,m,,not_applicable
cloth-heldout,test-sag-03-mujoco,mujoco,protocol_fail,protocol_fail,cloth.sphere_depth,m,,not_applicable
cloth-heldout,test-sag-03-mujoco,mujoco,protocol_fail,protocol_fail,cloth.edge_strain,1,0.556045289887435,observed
cloth-heldout,test-sag-03-mujoco,mujoco,protocol_fail,protocol_fail,cloth.pin_error,m,0.0,observed
cloth-heldout,test-sag-03-mujoco,mujoco,protocol_fail,protocol_fail,cloth.final_tip_sag,m,0.17727810968723284,observed
cloth-heldout,test-sag-03-mujoco,mujoco,protocol_fail,protocol_fail,cloth.crossing_pairs,count,11.0,observed
cloth-heldout,test-sag-03-mujoco,mujoco,protocol_fail,protocol_fail,material_slip,m,,unavailable
cloth-heldout,test-sag-03-superdex-shell,superdex-shell,protocol_pass,protocol_pass,cloth.ground_depth,m,,not_applicable
cloth-heldout,test-sag-03-superdex-shell,superdex-shell,protocol_pass,protocol_pass,cloth.sphere_depth,m,,not_applicable
cloth-heldout,test-sag-03-superdex-shell,superdex-shell,protocol_pass,protocol_pass,cloth.edge_strain,1,0.1594511108611163,observed
cloth-heldout,test-sag-03-superdex-shell,superdex-shell,protocol_pass,protocol_pass,cloth.pin_error,m,0.0,observed
cloth-heldout,test-sag-03-superdex-shell,superdex-shell,protocol_pass,protocol_pass,cloth.final_tip_sag,m,0.16950069450364671,observed
cloth-heldout,test-sag-03-superdex-shell,superdex-shell,protocol_pass,protocol_pass,cloth.crossing_pairs,count,0.0,observed
cloth-heldout,test-sag-03-superdex-shell,superdex-shell,protocol_pass,protocol_pass,material_slip,m,,unavailable
cloth-heldout,test-sag-03-newton-xpbd,newton-xpbd,protocol_pass,protocol_pass,cloth.ground_depth,m,,not_applicable
cloth-heldout,test-sag-03-newton-xpbd,newton-xpbd,protocol_pass,protocol_pass,cloth.sphere_depth,m,,not_applicable
cloth-heldout,test-sag-03-newton-xpbd,newton-xpbd,protocol_pass,protocol_pass,cloth.edge_strain,1,0.061401195637486916,observed
cloth-heldout,test-sag-03-newton-xpbd,newton-xpbd,protocol_pass,protocol_pass,cloth.pin_error,m,1.2036781337118375e-08,observed
cloth-heldout,test-sag-03-newton-xpbd,newton-xpbd,protocol_pass,protocol_pass,cloth.final_tip_sag,m,0.19734373390674592,observed
cloth-heldout,test-sag-03-newton-xpbd,newton-xpbd,protocol_pass,protocol_pass,cloth.crossing_pairs,count,0.0,observed
cloth-heldout,test-sag-03-newton-xpbd,newton-xpbd,protocol_pass,protocol_pass,material_slip,m,,unavailable
cloth-heldout,test-sag-03-newton-vbd,newton-vbd,protocol_pass,protocol_pass,cloth.ground_depth,m,,not_applicable
cloth-heldout,test-sag-03-newton-vbd,newton-vbd,protocol_pass,protocol_pass,cloth.sphere_depth,m,,not_applicable
cloth-heldout,test-sag-03-newton-vbd,newton-vbd,protocol_pass,protocol_pass,cloth.edge_strain,1,0.11020164784285891,observed
cloth-heldout,test-sag-03-newton-vbd,newton-vbd,protocol_pass,protocol_pass,cloth.pin_error,m,1.2036781337118375e-08,observed
cloth-heldout,test-sag-03-newton-vbd,newton-vbd,protocol_pass,protocol_pass,cloth.final_tip_sag,m,0.15102759897708892,observed
cloth-heldout,test-sag-03-newton-vbd,newton-vbd,protocol_pass,protocol_pass,cloth.crossing_pairs,count,0.0,observed
cloth-heldout,test-sag-03-newton-vbd,newton-vbd,protocol_pass,protocol_pass,material_slip,m,,unavailable
cloth-heldout,test-sag-03-newton-semi_implicit,newton-semi_implicit,protocol_pass,protocol_pass,cloth.ground_depth,m,,not_applicable
cloth-heldout,test-sag-03-newton-semi_implicit,newton-semi_implicit,protocol_pass,protocol_pass,cloth.sphere_depth,m,,not_applicable
cloth-heldout,test-sag-03-newton-semi_implicit,newton-semi_implicit,protocol_pass,protocol_pass,cloth.edge_strain,1,0.124293550812832,observed
cloth-heldout,test-sag-03-newton-semi_implicit,newton-semi_implicit,protocol_pass,protocol_pass,cloth.pin_error,m,1.2036781337118375e-08,observed
cloth-heldout,test-sag-03-newton-semi_implicit,newton-semi_implicit,protocol_pass,protocol_pass,cloth.final_tip_sag,m,0.18620446175336838,observed
cloth-heldout,test-sag-03-newton-semi_implicit,newton-semi_implicit,protocol_pass,protocol_pass,cloth.crossing_pairs,count,0.0,observed
cloth-heldout,test-sag-03-newton-semi_implicit,newton-semi_implicit,protocol_pass,protocol_pass,material_slip,m,,unavailable
cloth-heldout,test-sag-03-newton-featherstone,newton-featherstone,protocol_pass,protocol_pass,cloth.ground_depth,m,,not_applicable
cloth-heldout,test-sag-03-newton-featherstone,newton-featherstone,protocol_pass,protocol_pass,cloth.sphere_depth,m,,not_applicable
cloth-heldout,test-sag-03-newton-featherstone,newton-featherstone,protocol_pass,protocol_pass,cloth.edge_strain,1,0.124293550812832,observed
cloth-heldout,test-sag-03-newton-featherstone,newton-featherstone,protocol_pass,protocol_pass,cloth.pin_error,m,1.2036781337118375e-08,observed
cloth-heldout,test-sag-03-newton-featherstone,newton-featherstone,protocol_pass,protocol_pass,cloth.final_tip_sag,m,0.18620446175336838,observed
cloth-heldout,test-sag-03-newton-featherstone,newton-featherstone,protocol_pass,protocol_pass,cloth.crossing_pairs,count,0.0,observed
cloth-heldout,test-sag-03-newton-featherstone,newton-featherstone,protocol_pass,protocol_pass,material_slip,m,,unavailable
cloth-heldout,test-sag-03-newton-style3d,newton-style3d,protocol_pass,protocol_pass,cloth.ground_depth,m,,not_applicable
cloth-heldout,test-sag-03-newton-style3d,newton-style3d,protocol_pass,protocol_pass,cloth.sphere_depth,m,,not_applicable
cloth-heldout,test-sag-03-newton-style3d,newton-style3d,protocol_pass,protocol_pass,cloth.edge_strain,1,0.08547089576485778,observed
cloth-heldout,test-sag-03-newton-style3d,newton-style3d,protocol_pass,protocol_pass,cloth.pin_error,m,1.2036781337118375e-08,observed
cloth-heldout,test-sag-03-newton-style3d,newton-style3d,protocol_pass,protocol_pass,cloth.final_tip_sag,m,0.20469116866588594,observed
cloth-heldout,test-sag-03-newton-style3d,newton-style3d,protocol_pass,protocol_pass,cloth.crossing_pairs,count,0.0,observed
cloth-heldout,test-sag-03-newton-style3d,newton-style3d,protocol_pass,protocol_pass,material_slip,m,,unavailable
cloth-heldout,test-drape-00-mujoco,mujoco,protocol_fail,protocol_fail,cloth.ground_depth,m,0.0,observed
cloth-heldout,test-drape-00-mujoco,mujoco,protocol_fail,protocol_fail,cloth.sphere_depth,m,0.002653066781037855,observed
cloth-heldout,test-drape-00-mujoco,mujoco,protocol_fail,protocol_fail,cloth.edge_strain,1,0.3302914179992428,observed
cloth-heldout,test-drape-00-mujoco,mujoco,protocol_fail,protocol_fail,cloth.pin_error,m,,not_applicable
cloth-heldout,test-drape-00-mujoco,mujoco,protocol_fail,protocol_fail,cloth.final_tip_sag,m,0.13087694547189677,observed
cloth-heldout,test-drape-00-mujoco,mujoco,protocol_fail,protocol_fail,cloth.crossing_pairs,count,0.0,observed
cloth-heldout,test-drape-00-mujoco,mujoco,protocol_fail,protocol_fail,material_slip,m,,unavailable
cloth-heldout,test-drape-00-superdex-shell,superdex-shell,protocol_fail,protocol_fail,cloth.ground_depth,m,0.0,observed
cloth-heldout,test-drape-00-superdex-shell,superdex-shell,protocol_fail,protocol_fail,cloth.sphere_depth,m,0.003890174650011201,observed
cloth-heldout,test-drape-00-superdex-shell,superdex-shell,protocol_fail,protocol_fail,cloth.edge_strain,1,0.11819569471540059,observed
cloth-heldout,test-drape-00-superdex-shell,superdex-shell,protocol_fail,protocol_fail,cloth.pin_error,m,,not_applicable
cloth-heldout,test-drape-00-superdex-shell,superdex-shell,protocol_fail,protocol_fail,cloth.final_tip_sag,m,0.12802846229735715,observed
cloth-heldout,test-drape-00-superdex-shell,superdex-shell,protocol_fail,protocol_fail,cloth.crossing_pairs,count,10.0,observed
cloth-heldout,test-drape-00-superdex-shell,superdex-shell,protocol_fail,protocol_fail,material_slip,m,,unavailable
cloth-heldout,test-drape-00-newton-xpbd,newton-xpbd,protocol_fail,protocol_fail,cloth.ground_depth,m,0.0,observed
cloth-heldout,test-drape-00-newton-xpbd,newton-xpbd,protocol_fail,protocol_fail,cloth.sphere_depth,m,0.005497899329733075,observed
cloth-heldout,test-drape-00-newton-xpbd,newton-xpbd,protocol_fail,protocol_fail,cloth.edge_strain,1,0.05684124063844265,observed
cloth-heldout,test-drape-00-newton-xpbd,newton-xpbd,protocol_fail,protocol_fail,cloth.pin_error,m,,not_applicable
cloth-heldout,test-drape-00-newton-xpbd,newton-xpbd,protocol_fail,protocol_fail,cloth.final_tip_sag,m,0.1142155799269676,observed
cloth-heldout,test-drape-00-newton-xpbd,newton-xpbd,protocol_fail,protocol_fail,cloth.crossing_pairs,count,0.0,observed
cloth-heldout,test-drape-00-newton-xpbd,newton-xpbd,protocol_fail,protocol_fail,material_slip,m,,unavailable
cloth-heldout,test-drape-00-newton-vbd,newton-vbd,protocol_fail,protocol_fail,cloth.ground_depth,m,0.0046975303664803505,observed
cloth-heldout,test-drape-00-newton-vbd,newton-vbd,protocol_fail,protocol_fail,cloth.sphere_depth,m,0.01035090852561469,observed
cloth-heldout,test-drape-00-newton-vbd,newton-vbd,protocol_fail,protocol_fail,cloth.edge_strain,1,0.7470642144110982,observed
cloth-heldout,test-drape-00-newton-vbd,newton-vbd,protocol_fail,protocol_fail,cloth.pin_error,m,,not_applicable
cloth-heldout,test-drape-00-newton-vbd,newton-vbd,protocol_fail,protocol_fail,cloth.final_tip_sag,m,0.17900932300370184,observed
cloth-heldout,test-drape-00-newton-vbd,newton-vbd,protocol_fail,protocol_fail,cloth.crossing_pairs,count,2.0,observed
cloth-heldout,test-drape-00-newton-vbd,newton-vbd,protocol_fail,protocol_fail,material_slip,m,,unavailable
cloth-heldout,test-drape-00-newton-semi_implicit,newton-semi_implicit,protocol_fail,protocol_fail,cloth.ground_depth,m,0.0,observed
cloth-heldout,test-drape-00-newton-semi_implicit,newton-semi_implicit,protocol_fail,protocol_fail,cloth.sphere_depth,m,0.008042239340318363,observed
cloth-heldout,test-drape-00-newton-semi_implicit,newton-semi_implicit,protocol_fail,protocol_fail,cloth.edge_strain,1,0.31688495243693704,observed
cloth-heldout,test-drape-00-newton-semi_implicit,newton-semi_implicit,protocol_fail,protocol_fail,cloth.pin_error,m,,not_applicable
cloth-heldout,test-drape-00-newton-semi_implicit,newton-semi_implicit,protocol_fail,protocol_fail,cloth.final_tip_sag,m,0.13412968460004776,observed
cloth-heldout,test-drape-00-newton-semi_implicit,newton-semi_implicit,protocol_fail,protocol_fail,cloth.crossing_pairs,count,4.0,observed
cloth-heldout,test-drape-00-newton-semi_implicit,newton-semi_implicit,protocol_fail,protocol_fail,material_slip,m,,unavailable
cloth-heldout,test-drape-00-newton-featherstone,newton-featherstone,protocol_fail,protocol_fail,cloth.ground_depth,m,0.00017997058946639301,observed
cloth-heldout,test-drape-00-newton-featherstone,newton-featherstone,protocol_fail,protocol_fail,cloth.sphere_depth,m,0.008215008791153888,observed
cloth-heldout,test-drape-00-newton-featherstone,newton-featherstone,protocol_fail,protocol_fail,cloth.edge_strain,1,1.7304024960268696,observed
cloth-heldout,test-drape-00-newton-featherstone,newton-featherstone,protocol_fail,protocol_fail,cloth.pin_error,m,,not_applicable
cloth-heldout,test-drape-00-newton-featherstone,newton-featherstone,protocol_fail,protocol_fail,cloth.final_tip_sag,m,0.15297779847867785,observed
cloth-heldout,test-drape-00-newton-featherstone,newton-featherstone,protocol_fail,protocol_fail,cloth.crossing_pairs,count,12.0,observed
cloth-heldout,test-drape-00-newton-featherstone,newton-featherstone,protocol_fail,protocol_fail,material_slip,m,,unavailable
cloth-heldout,test-drape-00-newton-style3d,newton-style3d,protocol_fail,protocol_fail,cloth.ground_depth,m,0.0,observed
cloth-heldout,test-drape-00-newton-style3d,newton-style3d,protocol_fail,protocol_fail,cloth.sphere_depth,m,0.008569624507312329,observed
cloth-heldout,test-drape-00-newton-style3d,newton-style3d,protocol_fail,protocol_fail,cloth.edge_strain,1,0.16252187416646469,observed
cloth-heldout,test-drape-00-newton-style3d,newton-style3d,protocol_fail,protocol_fail,cloth.pin_error,m,,not_applicable
cloth-heldout,test-drape-00-newton-style3d,newton-style3d,protocol_fail,protocol_fail,cloth.final_tip_sag,m,0.1303408707678318,observed
cloth-heldout,test-drape-00-newton-style3d,newton-style3d,protocol_fail,protocol_fail,cloth.crossing_pairs,count,0.0,observed
cloth-heldout,test-drape-00-newton-style3d,newton-style3d,protocol_fail,protocol_fail,material_slip,m,,unavailable
cloth-heldout,test-drape-01-mujoco,mujoco,protocol_fail,protocol_fail,cloth.ground_depth,m,0.0,observed
cloth-heldout,test-drape-01-mujoco,mujoco,protocol_fail,protocol_fail,cloth.sphere_depth,m,0.0025041121981954975,observed
cloth-heldout,test-drape-01-mujoco,mujoco,protocol_fail,protocol_fail,cloth.edge_strain,1,0.3435055953095575,observed
cloth-heldout,test-drape-01-mujoco,mujoco,protocol_fail,protocol_fail,cloth.pin_error,m,,not_applicable
cloth-heldout,test-drape-01-mujoco,mujoco,protocol_fail,protocol_fail,cloth.final_tip_sag,m,0.13092816697233034,observed
cloth-heldout,test-drape-01-mujoco,mujoco,protocol_fail,protocol_fail,cloth.crossing_pairs,count,0.0,observed
cloth-heldout,test-drape-01-mujoco,mujoco,protocol_fail,protocol_fail,material_slip,m,,unavailable
cloth-heldout,test-drape-01-superdex-shell,superdex-shell,protocol_fail,protocol_fail,cloth.ground_depth,m,0.0,observed
cloth-heldout,test-drape-01-superdex-shell,superdex-shell,protocol_fail,protocol_fail,cloth.sphere_depth,m,0.0038965898047674807,observed
cloth-heldout,test-drape-01-superdex-shell,superdex-shell,protocol_fail,protocol_fail,cloth.edge_strain,1,0.11840036411578736,observed
cloth-heldout,test-drape-01-superdex-shell,superdex-shell,protocol_fail,protocol_fail,cloth.pin_error,m,,not_applicable
cloth-heldout,test-drape-01-superdex-shell,superdex-shell,protocol_fail,protocol_fail,cloth.final_tip_sag,m,0.1280182770367809,observed
cloth-heldout,test-drape-01-superdex-shell,superdex-shell,protocol_fail,protocol_fail,cloth.crossing_pairs,count,8.0,observed
cloth-heldout,test-drape-01-superdex-shell,superdex-shell,protocol_fail,protocol_fail,material_slip,m,,unavailable
cloth-heldout,test-drape-01-newton-xpbd,newton-xpbd,protocol_fail,protocol_fail,cloth.ground_depth,m,0.0,observed
cloth-heldout,test-drape-01-newton-xpbd,newton-xpbd,protocol_fail,protocol_fail,cloth.sphere_depth,m,0.005494614599295455,observed
cloth-heldout,test-drape-01-newton-xpbd,newton-xpbd,protocol_fail,protocol_fail,cloth.edge_strain,1,0.05706675010428386,observed
cloth-heldout,test-drape-01-newton-xpbd,newton-xpbd,protocol_fail,protocol_fail,cloth.pin_error,m,,not_applicable
cloth-heldout,test-drape-01-newton-xpbd,newton-xpbd,protocol_fail,protocol_fail,cloth.final_tip_sag,m,0.11424623534083364,observed
cloth-heldout,test-drape-01-newton-xpbd,newton-xpbd,protocol_fail,protocol_fail,cloth.crossing_pairs,count,0.0,observed
cloth-heldout,test-drape-01-newton-xpbd,newton-xpbd,protocol_fail,protocol_fail,material_slip,m,,unavailable
cloth-heldout,test-drape-01-newton-vbd,newton-vbd,protocol_fail,protocol_fail,cloth.ground_depth,m,0.0,observed
cloth-heldout,test-drape-01-newton-vbd,newton-vbd,protocol_fail,protocol_fail,cloth.sphere_depth,m,0.010859473255351734,observed
cloth-heldout,test-drape-01-newton-vbd,newton-vbd,protocol_fail,protocol_fail,cloth.edge_strain,1,0.4172577488626039,observed
cloth-heldout,test-drape-01-newton-vbd,newton-vbd,protocol_fail,protocol_fail,cloth.pin_error,m,,not_applicable
cloth-heldout,test-drape-01-newton-vbd,newton-vbd,protocol_fail,protocol_fail,cloth.final_tip_sag,m,0.11862325698137281,observed
cloth-heldout,test-drape-01-newton-vbd,newton-vbd,protocol_fail,protocol_fail,cloth.crossing_pairs,count,0.0,observed
cloth-heldout,test-drape-01-newton-vbd,newton-vbd,protocol_fail,protocol_fail,material_slip,m,,unavailable
cloth-heldout,test-drape-01-newton-semi_implicit,newton-semi_implicit,protocol_fail,protocol_fail,cloth.ground_depth,m,318.7404104003906,observed
cloth-heldout,test-drape-01-newton-semi_implicit,newton-semi_implicit,protocol_fail,protocol_fail,cloth.sphere_depth,m,0.05709670561973303,observed
cloth-heldout,test-drape-01-newton-semi_implicit,newton-semi_implicit,protocol_fail,protocol_fail,cloth.edge_strain,1,6552.798263098195,observed
cloth-heldout,test-drape-01-newton-semi_implicit,newton-semi_implicit,protocol_fail,protocol_fail,cloth.pin_error,m,,not_applicable
cloth-heldout,test-drape-01-newton-semi_implicit,newton-semi_implicit,protocol_fail,protocol_fail,cloth.final_tip_sag,m,98.04145477294922,observed
cloth-heldout,test-drape-01-newton-semi_implicit,newton-semi_implicit,protocol_fail,protocol_fail,cloth.crossing_pairs,count,866.0,observed
cloth-heldout,test-drape-01-newton-semi_implicit,newton-semi_implicit,protocol_fail,protocol_fail,material_slip,m,,unavailable
cloth-heldout,test-drape-01-newton-featherstone,newton-featherstone,protocol_fail,protocol_fail,cloth.ground_depth,m,0.0,observed
cloth-heldout,test-drape-01-newton-featherstone,newton-featherstone,protocol_fail,protocol_fail,cloth.sphere_depth,m,0.008131849918585642,observed
cloth-heldout,test-drape-01-newton-featherstone,newton-featherstone,protocol_fail,protocol_fail,cloth.edge_strain,1,0.32860943239508345,observed
cloth-heldout,test-drape-01-newton-featherstone,newton-featherstone,protocol_fail,protocol_fail,cloth.pin_error,m,,not_applicable
cloth-heldout,test-drape-01-newton-featherstone,newton-featherstone,protocol_fail,protocol_fail,cloth.final_tip_sag,m,0.12819480888545512,observed
cloth-heldout,test-drape-01-newton-featherstone,newton-featherstone,protocol_fail,protocol_fail,cloth.crossing_pairs,count,8.0,observed
cloth-heldout,test-drape-01-newton-featherstone,newton-featherstone,protocol_fail,protocol_fail,material_slip,m,,unavailable
cloth-heldout,test-drape-01-newton-style3d,newton-style3d,protocol_fail,protocol_fail,cloth.ground_depth,m,0.0,observed
cloth-heldout,test-drape-01-newton-style3d,newton-style3d,protocol_fail,protocol_fail,cloth.sphere_depth,m,0.00857233333382166,observed
cloth-heldout,test-drape-01-newton-style3d,newton-style3d,protocol_fail,protocol_fail,cloth.edge_strain,1,0.16353426098014978,observed
cloth-heldout,test-drape-01-newton-style3d,newton-style3d,protocol_fail,protocol_fail,cloth.pin_error,m,,not_applicable
cloth-heldout,test-drape-01-newton-style3d,newton-style3d,protocol_fail,protocol_fail,cloth.final_tip_sag,m,0.1310048098862171,observed
cloth-heldout,test-drape-01-newton-style3d,newton-style3d,protocol_fail,protocol_fail,cloth.crossing_pairs,count,0.0,observed
cloth-heldout,test-drape-01-newton-style3d,newton-style3d,protocol_fail,protocol_fail,material_slip,m,,unavailable
cloth-heldout,test-drape-02-mujoco,mujoco,protocol_fail,protocol_fail,cloth.ground_depth,m,0.0,observed
cloth-heldout,test-drape-02-mujoco,mujoco,protocol_fail,protocol_fail,cloth.sphere_depth,m,0.0024222911475184072,observed
cloth-heldout,test-drape-02-mujoco,mujoco,protocol_fail,protocol_fail,cloth.edge_strain,1,0.3404577959331019,observed
cloth-heldout,test-drape-02-mujoco,mujoco,protocol_fail,protocol_fail,cloth.pin_error,m,,not_applicable
cloth-heldout,test-drape-02-mujoco,mujoco,protocol_fail,protocol_fail,cloth.final_tip_sag,m,0.13213853935511044,observed
cloth-heldout,test-drape-02-mujoco,mujoco,protocol_fail,protocol_fail,cloth.crossing_pairs,count,0.0,observed
cloth-heldout,test-drape-02-mujoco,mujoco,protocol_fail,protocol_fail,material_slip,m,,unavailable
cloth-heldout,test-drape-02-superdex-shell,superdex-shell,protocol_fail,protocol_fail,cloth.ground_depth,m,0.0,observed
cloth-heldout,test-drape-02-superdex-shell,superdex-shell,protocol_fail,protocol_fail,cloth.sphere_depth,m,0.003944349746648833,observed
cloth-heldout,test-drape-02-superdex-shell,superdex-shell,protocol_fail,protocol_fail,cloth.edge_strain,1,0.12247514730914899,observed
cloth-heldout,test-drape-02-superdex-shell,superdex-shell,protocol_fail,protocol_fail,cloth.pin_error,m,,not_applicable
cloth-heldout,test-drape-02-superdex-shell,superdex-shell,protocol_fail,protocol_fail,cloth.final_tip_sag,m,0.12844606064464653,observed
cloth-heldout,test-drape-02-superdex-shell,superdex-shell,protocol_fail,protocol_fail,cloth.crossing_pairs,count,6.0,observed
cloth-heldout,test-drape-02-superdex-shell,superdex-shell,protocol_fail,protocol_fail,material_slip,m,,unavailable
cloth-heldout,test-drape-02-newton-xpbd,newton-xpbd,protocol_fail,protocol_fail,cloth.ground_depth,m,0.0,observed
cloth-heldout,test-drape-02-newton-xpbd,newton-xpbd,protocol_fail,protocol_fail,cloth.sphere_depth,m,0.005698269890167529,observed
cloth-heldout,test-drape-02-newton-xpbd,newton-xpbd,protocol_fail,protocol_fail,cloth.edge_strain,1,0.060271347087577753,observed
cloth-heldout,test-drape-02-newton-xpbd,newton-xpbd,protocol_fail,protocol_fail,cloth.pin_error,m,,not_applicable
cloth-heldout,test-drape-02-newton-xpbd,newton-xpbd,protocol_fail,protocol_fail,cloth.final_tip_sag,m,0.11407201319932936,observed
cloth-heldout,test-drape-02-newton-xpbd,newton-xpbd,protocol_fail,protocol_fail,cloth.crossing_pairs,count,0.0,observed
cloth-heldout,test-drape-02-newton-xpbd,newton-xpbd,protocol_fail,protocol_fail,material_slip,m,,unavailable
cloth-heldout,test-drape-02-newton-vbd,newton-vbd,protocol_fail,protocol_fail,cloth.ground_depth,m,0.002077928929589689,observed
cloth-heldout,test-drape-02-newton-vbd,newton-vbd,protocol_fail,protocol_fail,cloth.sphere_depth,m,0.00995029946939538,observed
cloth-heldout,test-drape-02-newton-vbd,newton-vbd,protocol_fail,protocol_fail,cloth.edge_strain,1,0.45472896117031825,observed
cloth-heldout,test-drape-02-newton-vbd,newton-vbd,protocol_fail,protocol_fail,cloth.pin_error,m,,not_applicable
cloth-heldout,test-drape-02-newton-vbd,newton-vbd,protocol_fail,protocol_fail,cloth.final_tip_sag,m,0.1746053684572689,observed
cloth-heldout,test-drape-02-newton-vbd,newton-vbd,protocol_fail,protocol_fail,cloth.crossing_pairs,count,0.0,observed
cloth-heldout,test-drape-02-newton-vbd,newton-vbd,protocol_fail,protocol_fail,material_slip,m,,unavailable
cloth-heldout,test-drape-02-newton-semi_implicit,newton-semi_implicit,protocol_fail,protocol_fail,cloth.ground_depth,m,325.910912109375,observed
cloth-heldout,test-drape-02-newton-semi_implicit,newton-semi_implicit,protocol_fail,protocol_fail,cloth.sphere_depth,m,0.057681125529973176,observed
cloth-heldout,test-drape-02-newton-semi_implicit,newton-semi_implicit,protocol_fail,protocol_fail,cloth.edge_strain,1,6804.709648441452,observed
cloth-heldout,test-drape-02-newton-semi_implicit,newton-semi_implicit,protocol_fail,protocol_fail,cloth.pin_error,m,,not_applicable
cloth-heldout,test-drape-02-newton-semi_implicit,newton-semi_implicit,protocol_fail,protocol_fail,cloth.final_tip_sag,m,261.0470562744141,observed
cloth-heldout,test-drape-02-newton-semi_implicit,newton-semi_implicit,protocol_fail,protocol_fail,cloth.crossing_pairs,count,955.0,observed
cloth-heldout,test-drape-02-newton-semi_implicit,newton-semi_implicit,protocol_fail,protocol_fail,material_slip,m,,unavailable
cloth-heldout,test-drape-02-newton-featherstone,newton-featherstone,protocol_fail,protocol_fail,cloth.ground_depth,m,111.39763696289063,observed
cloth-heldout,test-drape-02-newton-featherstone,newton-featherstone,protocol_fail,protocol_fail,cloth.sphere_depth,m,0.0447523899421267,observed
cloth-heldout,test-drape-02-newton-featherstone,newton-featherstone,protocol_fail,protocol_fail,cloth.edge_strain,1,6441.8355366812575,observed
cloth-heldout,test-drape-02-newton-featherstone,newton-featherstone,protocol_fail,protocol_fail,cloth.pin_error,m,,not_applicable
cloth-heldout,test-drape-02-newton-featherstone,newton-featherstone,protocol_fail,protocol_fail,cloth.final_tip_sag,m,-189.5961260986328,observed
cloth-heldout,test-drape-02-newton-featherstone,newton-featherstone,protocol_fail,protocol_fail,cloth.crossing_pairs,count,929.0,observed
cloth-heldout,test-drape-02-newton-featherstone,newton-featherstone,protocol_fail,protocol_fail,material_slip,m,,unavailable
cloth-heldout,test-drape-02-newton-style3d,newton-style3d,protocol_fail,protocol_fail,cloth.ground_depth,m,0.0,observed
cloth-heldout,test-drape-02-newton-style3d,newton-style3d,protocol_fail,protocol_fail,cloth.sphere_depth,m,0.008699004728784036,observed
cloth-heldout,test-drape-02-newton-style3d,newton-style3d,protocol_fail,protocol_fail,cloth.edge_strain,1,0.17392735021123573,observed
cloth-heldout,test-drape-02-newton-style3d,newton-style3d,protocol_fail,protocol_fail,cloth.pin_error,m,,not_applicable
cloth-heldout,test-drape-02-newton-style3d,newton-style3d,protocol_fail,protocol_fail,cloth.final_tip_sag,m,0.13145502202212808,observed
cloth-heldout,test-drape-02-newton-style3d,newton-style3d,protocol_fail,protocol_fail,cloth.crossing_pairs,count,0.0,observed
cloth-heldout,test-drape-02-newton-style3d,newton-style3d,protocol_fail,protocol_fail,material_slip,m,,unavailable
cloth-heldout,test-drape-03-mujoco,mujoco,protocol_fail,protocol_fail,cloth.ground_depth,m,0.0,observed
cloth-heldout,test-drape-03-mujoco,mujoco,protocol_fail,protocol_fail,cloth.sphere_depth,m,0.0024334515787946126,observed
cloth-heldout,test-drape-03-mujoco,mujoco,protocol_fail,protocol_fail,cloth.edge_strain,1,0.3153866475445616,observed
cloth-heldout,test-drape-03-mujoco,mujoco,protocol_fail,protocol_fail,cloth.pin_error,m,,not_applicable
cloth-heldout,test-drape-03-mujoco,mujoco,protocol_fail,protocol_fail,cloth.final_tip_sag,m,0.13022550757209844,observed
cloth-heldout,test-drape-03-mujoco,mujoco,protocol_fail,protocol_fail,cloth.crossing_pairs,count,0.0,observed
cloth-heldout,test-drape-03-mujoco,mujoco,protocol_fail,protocol_fail,material_slip,m,,unavailable
cloth-heldout,test-drape-03-superdex-shell,superdex-shell,protocol_fail,protocol_fail,cloth.ground_depth,m,0.0,observed
cloth-heldout,test-drape-03-superdex-shell,superdex-shell,protocol_fail,protocol_fail,cloth.sphere_depth,m,0.003771983818794046,observed
cloth-heldout,test-drape-03-superdex-shell,superdex-shell,protocol_fail,protocol_fail,cloth.edge_strain,1,0.10823880679473619,observed
cloth-heldout,test-drape-03-superdex-shell,superdex-shell,protocol_fail,protocol_fail,cloth.pin_error,m,,not_applicable
cloth-heldout,test-drape-03-superdex-shell,superdex-shell,protocol_fail,protocol_fail,cloth.final_tip_sag,m,0.12735564590042686,observed
cloth-heldout,test-drape-03-superdex-shell,superdex-shell,protocol_fail,protocol_fail,cloth.crossing_pairs,count,12.0,observed
cloth-heldout,test-drape-03-superdex-shell,superdex-shell,protocol_fail,protocol_fail,material_slip,m,,unavailable
cloth-heldout,test-drape-03-newton-xpbd,newton-xpbd,protocol_fail,protocol_fail,cloth.ground_depth,m,0.0,observed
cloth-heldout,test-drape-03-newton-xpbd,newton-xpbd,protocol_fail,protocol_fail,cloth.sphere_depth,m,0.0055232035110139716,observed
cloth-heldout,test-drape-03-newton-xpbd,newton-xpbd,protocol_fail,protocol_fail,cloth.edge_strain,1,0.05226047499564834,observed
cloth-heldout,test-drape-03-newton-xpbd,newton-xpbd,protocol_fail,protocol_fail,cloth.pin_error,m,,not_applicable
cloth-heldout,test-drape-03-newton-xpbd,newton-xpbd,protocol_fail,protocol_fail,cloth.final_tip_sag,m,0.11429235145449637,observed
cloth-heldout,test-drape-03-newton-xpbd,newton-xpbd,protocol_fail,protocol_fail,cloth.crossing_pairs,count,0.0,observed
cloth-heldout,test-drape-03-newton-xpbd,newton-xpbd,protocol_fail,protocol_fail,material_slip,m,,unavailable
cloth-heldout,test-drape-03-newton-vbd,newton-vbd,protocol_fail,protocol_fail,cloth.ground_depth,m,0.0016960108876228333,observed
cloth-heldout,test-drape-03-newton-vbd,newton-vbd,protocol_fail,protocol_fail,cloth.sphere_depth,m,0.008192637933205904,observed
cloth-heldout,test-drape-03-newton-vbd,newton-vbd,protocol_fail,protocol_fail,cloth.edge_strain,1,0.37428228163290744,observed
cloth-heldout,test-drape-03-newton-vbd,newton-vbd,protocol_fail,protocol_fail,cloth.pin_error,m,,not_applicable
cloth-heldout,test-drape-03-newton-vbd,newton-vbd,protocol_fail,protocol_fail,cloth.final_tip_sag,m,0.17900774627458302,observed
cloth-heldout,test-drape-03-newton-vbd,newton-vbd,protocol_fail,protocol_fail,cloth.crossing_pairs,count,0.0,observed
cloth-heldout,test-drape-03-newton-vbd,newton-vbd,protocol_fail,protocol_fail,material_slip,m,,unavailable
cloth-heldout,test-drape-03-newton-semi_implicit,newton-semi_implicit,protocol_fail,protocol_fail,cloth.ground_depth,m,47.31419427490234,observed
cloth-heldout,test-drape-03-newton-semi_implicit,newton-semi_implicit,protocol_fail,protocol_fail,cloth.sphere_depth,m,0.05960347849074013,observed
cloth-heldout,test-drape-03-newton-semi_implicit,newton-semi_implicit,protocol_fail,protocol_fail,cloth.edge_strain,1,7101.52584527045,observed
cloth-heldout,test-drape-03-newton-semi_implicit,newton-semi_implicit,protocol_fail,protocol_fail,cloth.pin_error,m,,not_applicable
cloth-heldout,test-drape-03-newton-semi_implicit,newton-semi_implicit,protocol_fail,protocol_fail,cloth.final_tip_sag,m,-279.3018664550781,observed
cloth-heldout,test-drape-03-newton-semi_implicit,newton-semi_implicit,protocol_fail,protocol_fail,cloth.crossing_pairs,count,914.0,observed
cloth-heldout,test-drape-03-newton-semi_implicit,newton-semi_implicit,protocol_fail,protocol_fail,material_slip,m,,unavailable
cloth-heldout,test-drape-03-newton-featherstone,newton-featherstone,protocol_fail,protocol_fail,cloth.ground_depth,m,0.0008672449146397412,observed
cloth-heldout,test-drape-03-newton-featherstone,newton-featherstone,protocol_fail,protocol_fail,cloth.sphere_depth,m,0.007983848205765531,observed
cloth-heldout,test-drape-03-newton-featherstone,newton-featherstone,protocol_fail,protocol_fail,cloth.edge_strain,1,1.579695281784098,observed
cloth-heldout,test-drape-03-newton-featherstone,newton-featherstone,protocol_fail,protocol_fail,cloth.pin_error,m,,not_applicable
cloth-heldout,test-drape-03-newton-featherstone,newton-featherstone,protocol_fail,protocol_fail,cloth.final_tip_sag,m,0.1633563486114144,observed
cloth-heldout,test-drape-03-newton-featherstone,newton-featherstone,protocol_fail,protocol_fail,cloth.crossing_pairs,count,141.0,observed
cloth-heldout,test-drape-03-newton-featherstone,newton-featherstone,protocol_fail,protocol_fail,material_slip,m,,unavailable
cloth-heldout,test-drape-03-newton-style3d,newton-style3d,protocol_fail,protocol_fail,cloth.ground_depth,m,0.0,observed
cloth-heldout,test-drape-03-newton-style3d,newton-style3d,protocol_fail,protocol_fail,cloth.sphere_depth,m,0.008343617663234153,observed
cloth-heldout,test-drape-03-newton-style3d,newton-style3d,protocol_fail,protocol_fail,cloth.edge_strain,1,0.15044172356593166,observed
cloth-heldout,test-drape-03-newton-style3d,newton-style3d,protocol_fail,protocol_fail,cloth.pin_error,m,,not_applicable
cloth-heldout,test-drape-03-newton-style3d,newton-style3d,protocol_fail,protocol_fail,cloth.final_tip_sag,m,0.12929373562335966,observed
cloth-heldout,test-drape-03-newton-style3d,newton-style3d,protocol_fail,protocol_fail,cloth.crossing_pairs,count,0.0,observed
cloth-heldout,test-drape-03-newton-style3d,newton-style3d,protocol_fail,protocol_fail,material_slip,m,,unavailable
cloth-heldout,test-folded-drop-00-mujoco,mujoco,protocol_fail,protocol_fail,cloth.ground_depth,m,0.0019434581320783564,observed
cloth-heldout,test-folded-drop-00-mujoco,mujoco,protocol_fail,protocol_fail,cloth.sphere_depth,m,,not_applicable
cloth-heldout,test-folded-drop-00-mujoco,mujoco,protocol_fail,protocol_fail,cloth.edge_strain,1,0.04680719069138206,observed
cloth-heldout,test-folded-drop-00-mujoco,mujoco,protocol_fail,protocol_fail,cloth.pin_error,m,,not_applicable
cloth-heldout,test-folded-drop-00-mujoco,mujoco,protocol_fail,protocol_fail,cloth.final_tip_sag,m,0.0590081094331721,observed
cloth-heldout,test-folded-drop-00-mujoco,mujoco,protocol_fail,protocol_fail,cloth.crossing_pairs,count,0.0,observed
cloth-heldout,test-folded-drop-00-mujoco,mujoco,protocol_fail,protocol_fail,material_slip,m,,unavailable
cloth-heldout,test-folded-drop-00-superdex-shell,superdex-shell,protocol_fail,protocol_fail,cloth.ground_depth,m,0.002889402134693491,observed
cloth-heldout,test-folded-drop-00-superdex-shell,superdex-shell,protocol_fail,protocol_fail,cloth.sphere_depth,m,,not_applicable
cloth-heldout,test-folded-drop-00-superdex-shell,superdex-shell,protocol_fail,protocol_fail,cloth.edge_strain,1,0.037652978274594906,observed
cloth-heldout,test-folded-drop-00-superdex-shell,superdex-shell,protocol_fail,protocol_fail,cloth.pin_error,m,,not_applicable
cloth-heldout,test-folded-drop-00-superdex-shell,superdex-shell,protocol_fail,protocol_fail,cloth.final_tip_sag,m,0.05935971233404756,observed
cloth-heldout,test-folded-drop-00-superdex-shell,superdex-shell,protocol_fail,protocol_fail,cloth.crossing_pairs,count,59.0,observed
cloth-heldout,test-folded-drop-00-superdex-shell,superdex-shell,protocol_fail,protocol_fail,material_slip,m,,unavailable
cloth-heldout,test-folded-drop-00-newton-xpbd,newton-xpbd,protocol_fail,protocol_fail,cloth.ground_depth,m,1.2809945270419142e-05,observed
cloth-heldout,test-folded-drop-00-newton-xpbd,newton-xpbd,protocol_fail,protocol_fail,cloth.sphere_depth,m,,not_applicable
cloth-heldout,test-folded-drop-00-newton-xpbd,newton-xpbd,protocol_fail,protocol_fail,cloth.edge_strain,1,0.009036910225415529,observed
cloth-heldout,test-folded-drop-00-newton-xpbd,newton-xpbd,protocol_fail,protocol_fail,cloth.pin_error,m,,not_applicable
cloth-heldout,test-folded-drop-00-newton-xpbd,newton-xpbd,protocol_fail,protocol_fail,cloth.final_tip_sag,m,0.058999999952502546,observed
cloth-heldout,test-folded-drop-00-newton-xpbd,newton-xpbd,protocol_fail,protocol_fail,cloth.crossing_pairs,count,8.0,observed
cloth-heldout,test-folded-drop-00-newton-xpbd,newton-xpbd,protocol_fail,protocol_fail,material_slip,m,,unavailable
cloth-heldout,test-folded-drop-00-newton-vbd,newton-vbd,protocol_fail,protocol_fail,cloth.ground_depth,m,0.0028967126961797476,observed
cloth-heldout,test-folded-drop-00-newton-vbd,newton-vbd,protocol_fail,protocol_fail,cloth.sphere_depth,m,,not_applicable
cloth-heldout,test-folded-drop-00-newton-vbd,newton-vbd,protocol_fail,protocol_fail,cloth.edge_strain,1,0.7381069286348456,observed
cloth-heldout,test-folded-drop-00-newton-vbd,newton-vbd,protocol_fail,protocol_fail,cloth.pin_error,m,,not_applicable
cloth-heldout,test-folded-drop-00-newton-vbd,newton-vbd,protocol_fail,protocol_fail,cloth.final_tip_sag,m,0.059004303221590816,observed
cloth-heldout,test-folded-drop-00-newton-vbd,newton-vbd,protocol_fail,protocol_fail,cloth.crossing_pairs,count,0.0,observed
cloth-heldout,test-folded-drop-00-newton-vbd,newton-vbd,protocol_fail,protocol_fail,material_slip,m,,unavailable
cloth-heldout,test-folded-drop-00-newton-semi_implicit,newton-semi_implicit,protocol_fail,protocol_fail,cloth.ground_depth,m,131.7930379638672,observed
cloth-heldout,test-folded-drop-00-newton-semi_implicit,newton-semi_implicit,protocol_fail,protocol_fail,cloth.sphere_depth,m,,not_applicable
cloth-heldout,test-folded-drop-00-newton-semi_implicit,newton-semi_implicit,protocol_fail,protocol_fail,cloth.edge_strain,1,6593.8821324868995,observed
cloth-heldout,test-folded-drop-00-newton-semi_implicit,newton-semi_implicit,protocol_fail,protocol_fail,cloth.pin_error,m,,not_applicable
cloth-heldout,test-folded-drop-00-newton-semi_implicit,newton-semi_implicit,protocol_fail,protocol_fail,cloth.final_tip_sag,m,14.240806350708008,observed
cloth-heldout,test-folded-drop-00-newton-semi_implicit,newton-semi_implicit,protocol_fail,protocol_fail,cloth.crossing_pairs,count,832.0,observed
cloth-heldout,test-folded-drop-00-newton-semi_implicit,newton-semi_implicit,protocol_fail,protocol_fail,material_slip,m,,unavailable
cloth-heldout,test-folded-drop-00-newton-featherstone,newton-featherstone,protocol_fail,protocol_fail,cloth.ground_depth,m,169.41805322265625,observed
cloth-heldout,test-folded-drop-00-newton-featherstone,newton-featherstone,protocol_fail,protocol_fail,cloth.sphere_depth,m,,not_applicable
cloth-heldout,test-folded-drop-00-newton-featherstone,newton-featherstone,protocol_fail,protocol_fail,cloth.edge_strain,1,6802.555032096614,observed
cloth-heldout,test-folded-drop-00-newton-featherstone,newton-featherstone,protocol_fail,protocol_fail,cloth.pin_error,m,,not_applicable
cloth-heldout,test-folded-drop-00-newton-featherstone,newton-featherstone,protocol_fail,protocol_fail,cloth.final_tip_sag,m,9.617123565673827,observed
cloth-heldout,test-folded-drop-00-newton-featherstone,newton-featherstone,protocol_fail,protocol_fail,cloth.crossing_pairs,count,868.0,observed
cloth-heldout,test-folded-drop-00-newton-featherstone,newton-featherstone,protocol_fail,protocol_fail,material_slip,m,,unavailable
cloth-heldout,test-folded-drop-00-newton-style3d,newton-style3d,protocol_pass,protocol_pass,cloth.ground_depth,m,0.0002597558884881437,observed
cloth-heldout,test-folded-drop-00-newton-style3d,newton-style3d,protocol_pass,protocol_pass,cloth.sphere_depth,m,,not_applicable
cloth-heldout,test-folded-drop-00-newton-style3d,newton-style3d,protocol_pass,protocol_pass,cloth.edge_strain,1,13.534082693016696,observed
cloth-heldout,test-folded-drop-00-newton-style3d,newton-style3d,protocol_pass,protocol_pass,cloth.pin_error,m,,not_applicable
cloth-heldout,test-folded-drop-00-newton-style3d,newton-style3d,protocol_pass,protocol_pass,cloth.final_tip_sag,m,0.05900572707410902,observed
cloth-heldout,test-folded-drop-00-newton-style3d,newton-style3d,protocol_pass,protocol_pass,cloth.crossing_pairs,count,0.0,observed
cloth-heldout,test-folded-drop-00-newton-style3d,newton-style3d,protocol_pass,protocol_pass,material_slip,m,,unavailable
cloth-heldout,test-folded-drop-01-mujoco,mujoco,protocol_fail,protocol_fail,cloth.ground_depth,m,0.00252677560417612,observed
cloth-heldout,test-folded-drop-01-mujoco,mujoco,protocol_fail,protocol_fail,cloth.sphere_depth,m,,not_applicable
cloth-heldout,test-folded-drop-01-mujoco,mujoco,protocol_fail,protocol_fail,cloth.edge_strain,1,0.049523084732605804,observed
cloth-heldout,test-folded-drop-01-mujoco,mujoco,protocol_fail,protocol_fail,cloth.pin_error,m,,not_applicable
cloth-heldout,test-folded-drop-01-mujoco,mujoco,protocol_fail,protocol_fail,cloth.final_tip_sag,m,0.09900832616465774,observed
cloth-heldout,test-folded-drop-01-mujoco,mujoco,protocol_fail,protocol_fail,cloth.crossing_pairs,count,0.0,observed
cloth-heldout,test-folded-drop-01-mujoco,mujoco,protocol_fail,protocol_fail,material_slip,m,,unavailable
cloth-heldout,test-folded-drop-01-superdex-shell,superdex-shell,protocol_fail,protocol_fail,cloth.ground_depth,m,0.002853261545699564,observed
cloth-heldout,test-folded-drop-01-superdex-shell,superdex-shell,protocol_fail,protocol_fail,cloth.sphere_depth,m,,not_applicable
cloth-heldout,test-folded-drop-01-superdex-shell,superdex-shell,protocol_fail,protocol_fail,cloth.edge_strain,1,0.04940674992287186,observed
cloth-heldout,test-folded-drop-01-superdex-shell,superdex-shell,protocol_fail,protocol_fail,cloth.pin_error,m,,not_applicable
cloth-heldout,test-folded-drop-01-superdex-shell,superdex-shell,protocol_fail,protocol_fail,cloth.final_tip_sag,m,0.09937468546268723,observed
cloth-heldout,test-folded-drop-01-superdex-shell,superdex-shell,protocol_fail,protocol_fail,cloth.crossing_pairs,count,65.0,observed
cloth-heldout,test-folded-drop-01-superdex-shell,superdex-shell,protocol_fail,protocol_fail,material_slip,m,,unavailable
cloth-heldout,test-folded-drop-01-newton-xpbd,newton-xpbd,protocol_fail,protocol_fail,cloth.ground_depth,m,1.690951082855465e-05,observed
cloth-heldout,test-folded-drop-01-newton-xpbd,newton-xpbd,protocol_fail,protocol_fail,cloth.sphere_depth,m,,not_applicable
cloth-heldout,test-folded-drop-01-newton-xpbd,newton-xpbd,protocol_fail,protocol_fail,cloth.edge_strain,1,0.011293514679542205,observed
cloth-heldout,test-folded-drop-01-newton-xpbd,newton-xpbd,protocol_fail,protocol_fail,cloth.pin_error,m,,not_applicable
cloth-heldout,test-folded-drop-01-newton-xpbd,newton-xpbd,protocol_fail,protocol_fail,cloth.final_tip_sag,m,0.09899999995250255,observed
cloth-heldout,test-folded-drop-01-newton-xpbd,newton-xpbd,protocol_fail,protocol_fail,cloth.crossing_pairs,count,17.0,observed
cloth-heldout,test-folded-drop-01-newton-xpbd,newton-xpbd,protocol_fail,protocol_fail,material_slip,m,,unavailable
cloth-heldout,test-folded-drop-01-newton-vbd,newton-vbd,protocol_fail,protocol_fail,cloth.ground_depth,m,0.003501694718375802,observed
cloth-heldout,test-folded-drop-01-newton-vbd,newton-vbd,protocol_fail,protocol_fail,cloth.sphere_depth,m,,not_applicable
cloth-heldout,test-folded-drop-01-newton-vbd,newton-vbd,protocol_fail,protocol_fail,cloth.edge_strain,1,0.23968547715522148,observed
cloth-heldout,test-folded-drop-01-newton-vbd,newton-vbd,protocol_fail,protocol_fail,cloth.pin_error,m,,not_applicable
cloth-heldout,test-folded-drop-01-newton-vbd,newton-vbd,protocol_fail,protocol_fail,cloth.final_tip_sag,m,0.09900528471916914,observed
cloth-heldout,test-folded-drop-01-newton-vbd,newton-vbd,protocol_fail,protocol_fail,cloth.crossing_pairs,count,0.0,observed
cloth-heldout,test-folded-drop-01-newton-vbd,newton-vbd,protocol_fail,protocol_fail,material_slip,m,,unavailable
cloth-heldout,test-folded-drop-01-newton-semi_implicit,newton-semi_implicit,protocol_fail,protocol_fail,cloth.ground_depth,m,120.34574182128907,observed
cloth-heldout,test-folded-drop-01-newton-semi_implicit,newton-semi_implicit,protocol_fail,protocol_fail,cloth.sphere_depth,m,,not_applicable
cloth-heldout,test-folded-drop-01-newton-semi_implicit,newton-semi_implicit,protocol_fail,protocol_fail,cloth.edge_strain,1,7023.7611905078675,observed
cloth-heldout,test-folded-drop-01-newton-semi_implicit,newton-semi_implicit,protocol_fail,protocol_fail,cloth.pin_error,m,,not_applicable
cloth-heldout,test-folded-drop-01-newton-semi_implicit,newton-semi_implicit,protocol_fail,protocol_fail,cloth.final_tip_sag,m,-117.8243194580078,observed
cloth-heldout,test-folded-drop-01-newton-semi_implicit,newton-semi_implicit,protocol_fail,protocol_fail,cloth.crossing_pairs,count,884.0,observed
cloth-heldout,test-folded-drop-01-newton-semi_implicit,newton-semi_implicit,protocol_fail,protocol_fail,material_slip,m,,unavailable
cloth-heldout,test-folded-drop-01-newton-featherstone,newton-featherstone,protocol_fail,protocol_fail,cloth.ground_depth,m,0.002764591783285141,observed
cloth-heldout,test-folded-drop-01-newton-featherstone,newton-featherstone,protocol_fail,protocol_fail,cloth.sphere_depth,m,,not_applicable
cloth-heldout,test-folded-drop-01-newton-featherstone,newton-featherstone,protocol_fail,protocol_fail,cloth.edge_strain,1,7.589587001937863,observed
cloth-heldout,test-folded-drop-01-newton-featherstone,newton-featherstone,protocol_fail,protocol_fail,cloth.pin_error,m,,not_applicable
cloth-heldout,test-folded-drop-01-newton-featherstone,newton-featherstone,protocol_fail,protocol_fail,cloth.final_tip_sag,m,-0.054064154624938965,observed
cloth-heldout,test-folded-drop-01-newton-featherstone,newton-featherstone,protocol_fail,protocol_fail,cloth.crossing_pairs,count,241.0,observed
cloth-heldout,test-folded-drop-01-newton-featherstone,newton-featherstone,protocol_fail,protocol_fail,material_slip,m,,unavailable
cloth-heldout,test-folded-drop-01-newton-style3d,newton-style3d,protocol_fail,protocol_fail,cloth.ground_depth,m,0.0007833376546623185,observed
cloth-heldout,test-folded-drop-01-newton-style3d,newton-style3d,protocol_fail,protocol_fail,cloth.sphere_depth,m,,not_applicable
cloth-heldout,test-folded-drop-01-newton-style3d,newton-style3d,protocol_fail,protocol_fail,cloth.edge_strain,1,18.027747669561787,observed
cloth-heldout,test-folded-drop-01-newton-style3d,newton-style3d,protocol_fail,protocol_fail,cloth.pin_error,m,,not_applicable
cloth-heldout,test-folded-drop-01-newton-style3d,newton-style3d,protocol_fail,protocol_fail,cloth.final_tip_sag,m,0.09663401052821427,observed
cloth-heldout,test-folded-drop-01-newton-style3d,newton-style3d,protocol_fail,protocol_fail,cloth.crossing_pairs,count,49.0,observed
cloth-heldout,test-folded-drop-01-newton-style3d,newton-style3d,protocol_fail,protocol_fail,material_slip,m,,unavailable
cloth-heldout,test-folded-drop-02-mujoco,mujoco,protocol_fail,protocol_fail,cloth.ground_depth,m,0.0027649993556533433,observed
cloth-heldout,test-folded-drop-02-mujoco,mujoco,protocol_fail,protocol_fail,cloth.sphere_depth,m,,not_applicable
cloth-heldout,test-folded-drop-02-mujoco,mujoco,protocol_fail,protocol_fail,cloth.edge_strain,1,0.1448951414715438,observed
cloth-heldout,test-folded-drop-02-mujoco,mujoco,protocol_fail,protocol_fail,cloth.pin_error,m,,not_applicable
cloth-heldout,test-folded-drop-02-mujoco,mujoco,protocol_fail,protocol_fail,cloth.final_tip_sag,m,0.11900793806608836,observed
cloth-heldout,test-folded-drop-02-mujoco,mujoco,protocol_fail,protocol_fail,cloth.crossing_pairs,count,26.0,observed
cloth-heldout,test-folded-drop-02-mujoco,mujoco,protocol_fail,protocol_fail,material_slip,m,,unavailable
cloth-heldout,test-folded-drop-02-superdex-shell,superdex-shell,protocol_fail,protocol_fail,cloth.ground_depth,m,0.002774025310632116,observed
cloth-heldout,test-folded-drop-02-superdex-shell,superdex-shell,protocol_fail,protocol_fail,cloth.sphere_depth,m,,not_applicable
cloth-heldout,test-folded-drop-02-superdex-shell,superdex-shell,protocol_fail,protocol_fail,cloth.edge_strain,1,0.04925402317865768,observed
cloth-heldout,test-folded-drop-02-superdex-shell,superdex-shell,protocol_fail,protocol_fail,cloth.pin_error,m,,not_applicable
cloth-heldout,test-folded-drop-02-superdex-shell,superdex-shell,protocol_fail,protocol_fail,cloth.final_tip_sag,m,0.11936749548223047,observed
cloth-heldout,test-folded-drop-02-superdex-shell,superdex-shell,protocol_fail,protocol_fail,cloth.crossing_pairs,count,66.0,observed
cloth-heldout,test-folded-drop-02-superdex-shell,superdex-shell,protocol_fail,protocol_fail,material_slip,m,,unavailable
cloth-heldout,test-folded-drop-02-newton-xpbd,newton-xpbd,protocol_fail,protocol_fail,cloth.ground_depth,m,1.850998867303135e-05,observed
cloth-heldout,test-folded-drop-02-newton-xpbd,newton-xpbd,protocol_fail,protocol_fail,cloth.sphere_depth,m,,not_applicable
cloth-heldout,test-folded-drop-02-newton-xpbd,newton-xpbd,protocol_fail,protocol_fail,cloth.edge_strain,1,0.01154380384572673,observed
cloth-heldout,test-folded-drop-02-newton-xpbd,newton-xpbd,protocol_fail,protocol_fail,cloth.pin_error,m,,not_applicable
cloth-heldout,test-folded-drop-02-newton-xpbd,newton-xpbd,protocol_fail,protocol_fail,cloth.final_tip_sag,m,0.11899999995250254,observed
cloth-heldout,test-folded-drop-02-newton-xpbd,newton-xpbd,protocol_fail,protocol_fail,cloth.crossing_pairs,count,21.0,observed
cloth-heldout,test-folded-drop-02-newton-xpbd,newton-xpbd,protocol_fail,protocol_fail,material_slip,m,,unavailable
cloth-heldout,test-folded-drop-02-newton-vbd,newton-vbd,protocol_fail,protocol_fail,cloth.ground_depth,m,0.004851213259622455,observed
cloth-heldout,test-folded-drop-02-newton-vbd,newton-vbd,protocol_fail,protocol_fail,cloth.sphere_depth,m,,not_applicable
cloth-heldout,test-folded-drop-02-newton-vbd,newton-vbd,protocol_fail,protocol_fail,cloth.edge_strain,1,0.4552875660344291,observed
cloth-heldout,test-folded-drop-02-newton-vbd,newton-vbd,protocol_fail,protocol_fail,cloth.pin_error,m,,not_applicable
cloth-heldout,test-folded-drop-02-newton-vbd,newton-vbd,protocol_fail,protocol_fail,cloth.final_tip_sag,m,0.11900480213109403,observed
cloth-heldout,test-folded-drop-02-newton-vbd,newton-vbd,protocol_fail,protocol_fail,cloth.crossing_pairs,count,1.0,observed
cloth-heldout,test-folded-drop-02-newton-vbd,newton-vbd,protocol_fail,protocol_fail,material_slip,m,,unavailable
cloth-heldout,test-folded-drop-02-newton-semi_implicit,newton-semi_implicit,protocol_fail,protocol_fail,cloth.ground_depth,m,396.6027150878906,observed
cloth-heldout,test-folded-drop-02-newton-semi_implicit,newton-semi_implicit,protocol_fail,protocol_fail,cloth.sphere_depth,m,,not_applicable
cloth-heldout,test-folded-drop-02-newton-semi_implicit,newton-semi_implicit,protocol_fail,protocol_fail,cloth.edge_strain,1,6899.090688205243,observed
cloth-heldout,test-folded-drop-02-newton-semi_implicit,newton-semi_implicit,protocol_fail,protocol_fail,cloth.pin_error,m,,not_applicable
cloth-heldout,test-folded-drop-02-newton-semi_implicit,newton-semi_implicit,protocol_fail,protocol_fail,cloth.final_tip_sag,m,251.01168395996092,observed
cloth-heldout,test-folded-drop-02-newton-semi_implicit,newton-semi_implicit,protocol_fail,protocol_fail,cloth.crossing_pairs,count,852.0,observed
cloth-heldout,test-folded-drop-02-newton-semi_implicit,newton-semi_implicit,protocol_fail,protocol_fail,material_slip,m,,unavailable
cloth-heldout,test-folded-drop-02-newton-featherstone,newton-featherstone,protocol_fail,protocol_fail,cloth.ground_depth,m,0.0036173749938607216,observed
cloth-heldout,test-folded-drop-02-newton-featherstone,newton-featherstone,protocol_fail,protocol_fail,cloth.sphere_depth,m,,not_applicable
cloth-heldout,test-folded-drop-02-newton-featherstone,newton-featherstone,protocol_fail,protocol_fail,cloth.edge_strain,1,8.927809666629713,observed
cloth-heldout,test-folded-drop-02-newton-featherstone,newton-featherstone,protocol_fail,protocol_fail,cloth.pin_error,m,,not_applicable
cloth-heldout,test-folded-drop-02-newton-featherstone,newton-featherstone,protocol_fail,protocol_fail,cloth.final_tip_sag,m,-4.2280452537536615,observed
cloth-heldout,test-folded-drop-02-newton-featherstone,newton-featherstone,protocol_fail,protocol_fail,cloth.crossing_pairs,count,140.0,observed
cloth-heldout,test-folded-drop-02-newton-featherstone,newton-featherstone,protocol_fail,protocol_fail,material_slip,m,,unavailable
cloth-heldout,test-folded-drop-02-newton-style3d,newton-style3d,protocol_fail,protocol_fail,cloth.ground_depth,m,0.0008840022599324584,observed
cloth-heldout,test-folded-drop-02-newton-style3d,newton-style3d,protocol_fail,protocol_fail,cloth.sphere_depth,m,,not_applicable
cloth-heldout,test-folded-drop-02-newton-style3d,newton-style3d,protocol_fail,protocol_fail,cloth.edge_strain,1,19.719106399841287,observed
cloth-heldout,test-folded-drop-02-newton-style3d,newton-style3d,protocol_fail,protocol_fail,cloth.pin_error,m,,not_applicable
cloth-heldout,test-folded-drop-02-newton-style3d,newton-style3d,protocol_fail,protocol_fail,cloth.final_tip_sag,m,0.11900450645945966,observed
cloth-heldout,test-folded-drop-02-newton-style3d,newton-style3d,protocol_fail,protocol_fail,cloth.crossing_pairs,count,85.0,observed
cloth-heldout,test-folded-drop-02-newton-style3d,newton-style3d,protocol_fail,protocol_fail,material_slip,m,,unavailable
physx-cloth-heldout,test-extension-00-physx-surface,physx-surface,unsupported,unsupported,material_slip,m,,unavailable
physx-cloth-heldout,test-extension-01-physx-surface,physx-surface,unsupported,unsupported,material_slip,m,,unavailable
physx-cloth-heldout,test-extension-02-physx-surface,physx-surface,unsupported,unsupported,material_slip,m,,unavailable
physx-cloth-heldout,test-extension-03-physx-surface,physx-surface,unsupported,unsupported,material_slip,m,,unavailable
physx-cloth-heldout,test-sag-00-physx-surface,physx-surface,protocol_pass,protocol_pass,cloth.ground_depth,m,,not_applicable
physx-cloth-heldout,test-sag-00-physx-surface,physx-surface,protocol_pass,protocol_pass,cloth.sphere_depth,m,,not_applicable
physx-cloth-heldout,test-sag-00-physx-surface,physx-surface,protocol_pass,protocol_pass,cloth.edge_strain,1,0.11936093786534174,observed
physx-cloth-heldout,test-sag-00-physx-surface,physx-surface,protocol_pass,protocol_pass,cloth.pin_error,m,1.1108363428130548e-07,observed
physx-cloth-heldout,test-sag-00-physx-surface,physx-surface,protocol_pass,protocol_pass,cloth.final_tip_sag,m,0.20563392490148544,observed
physx-cloth-heldout,test-sag-00-physx-surface,physx-surface,protocol_pass,protocol_pass,cloth.crossing_pairs,count,0.0,observed
physx-cloth-heldout,test-sag-00-physx-surface,physx-surface,protocol_pass,protocol_pass,material_slip,m,,unavailable
physx-cloth-heldout,test-sag-01-physx-surface,physx-surface,protocol_pass,protocol_pass,cloth.ground_depth,m,,not_applicable
physx-cloth-heldout,test-sag-01-physx-surface,physx-surface,protocol_pass,protocol_pass,cloth.sphere_depth,m,,not_applicable
physx-cloth-heldout,test-sag-01-physx-surface,physx-surface,protocol_pass,protocol_pass,cloth.edge_strain,1,0.15296674139202193,observed
physx-cloth-heldout,test-sag-01-physx-surface,physx-surface,protocol_pass,protocol_pass,cloth.pin_error,m,1.3808521040829368e-07,observed
physx-cloth-heldout,test-sag-01-physx-surface,physx-surface,protocol_pass,protocol_pass,cloth.final_tip_sag,m,0.20624589323997497,observed
physx-cloth-heldout,test-sag-01-physx-surface,physx-surface,protocol_pass,protocol_pass,cloth.crossing_pairs,count,0.0,observed
physx-cloth-heldout,test-sag-01-physx-surface,physx-surface,protocol_pass,protocol_pass,material_slip,m,,unavailable
physx-cloth-heldout,test-sag-02-physx-surface,physx-surface,protocol_pass,protocol_pass,cloth.ground_depth,m,,not_applicable
physx-cloth-heldout,test-sag-02-physx-surface,physx-surface,protocol_pass,protocol_pass,cloth.sphere_depth,m,,not_applicable
physx-cloth-heldout,test-sag-02-physx-surface,physx-surface,protocol_pass,protocol_pass,cloth.edge_strain,1,0.11295259130912672,observed
physx-cloth-heldout,test-sag-02-physx-surface,physx-surface,protocol_pass,protocol_pass,cloth.pin_error,m,1.3784904497870706e-07,observed
physx-cloth-heldout,test-sag-02-physx-surface,physx-surface,protocol_pass,protocol_pass,cloth.final_tip_sag,m,0.2046475663781166,observed
physx-cloth-heldout,test-sag-02-physx-surface,physx-surface,protocol_pass,protocol_pass,cloth.crossing_pairs,count,0.0,observed
physx-cloth-heldout,test-sag-02-physx-surface,physx-surface,protocol_pass,protocol_pass,material_slip,m,,unavailable
physx-cloth-heldout,test-sag-03-physx-surface,physx-surface,protocol_pass,protocol_pass,cloth.ground_depth,m,,not_applicable
physx-cloth-heldout,test-sag-03-physx-surface,physx-surface,protocol_pass,protocol_pass,cloth.sphere_depth,m,,not_applicable
physx-cloth-heldout,test-sag-03-physx-surface,physx-surface,protocol_pass,protocol_pass,cloth.edge_strain,1,0.1444598344616328,observed
physx-cloth-heldout,test-sag-03-physx-surface,physx-surface,protocol_pass,protocol_pass,cloth.pin_error,m,1.0930791457561251e-07,observed
physx-cloth-heldout,test-sag-03-physx-surface,physx-surface,protocol_pass,protocol_pass,cloth.final_tip_sag,m,0.20646613091230392,observed
physx-cloth-heldout,test-sag-03-physx-surface,physx-surface,protocol_pass,protocol_pass,cloth.crossing_pairs,count,0.0,observed
physx-cloth-heldout,test-sag-03-physx-surface,physx-surface,protocol_pass,protocol_pass,material_slip,m,,unavailable
physx-cloth-heldout,test-drape-00-physx-surface,physx-surface,protocol_pass,protocol_pass,cloth.ground_depth,m,0.0,observed
physx-cloth-heldout,test-drape-00-physx-surface,physx-surface,protocol_pass,protocol_pass,cloth.sphere_depth,m,3.677516725632962e-05,observed
physx-cloth-heldout,test-drape-00-physx-surface,physx-surface,protocol_pass,protocol_pass,cloth.edge_strain,1,0.16564373056865278,observed
physx-cloth-heldout,test-drape-00-physx-surface,physx-surface,protocol_pass,protocol_pass,cloth.pin_error,m,,not_applicable
physx-cloth-heldout,test-drape-00-physx-surface,physx-surface,protocol_pass,protocol_pass,cloth.final_tip_sag,m,0.12848470203578471,observed
physx-cloth-heldout,test-drape-00-physx-surface,physx-surface,protocol_pass,protocol_pass,cloth.crossing_pairs,count,0.0,observed
physx-cloth-heldout,test-drape-00-physx-surface,physx-surface,protocol_pass,protocol_pass,material_slip,m,,unavailable
physx-cloth-heldout,test-drape-01-physx-surface,physx-surface,protocol_pass,protocol_pass,cloth.ground_depth,m,0.0,observed
physx-cloth-heldout,test-drape-01-physx-surface,physx-surface,protocol_pass,protocol_pass,cloth.sphere_depth,m,3.676754068535071e-05,observed
physx-cloth-heldout,test-drape-01-physx-surface,physx-surface,protocol_pass,protocol_pass,cloth.edge_strain,1,0.16479500212965792,observed
physx-cloth-heldout,test-drape-01-physx-surface,physx-surface,protocol_pass,protocol_pass,cloth.pin_error,m,,not_applicable
physx-cloth-heldout,test-drape-01-physx-surface,physx-surface,protocol_pass,protocol_pass,cloth.final_tip_sag,m,0.128044940456748,observed
physx-cloth-heldout,test-drape-01-physx-surface,physx-surface,protocol_pass,protocol_pass,cloth.crossing_pairs,count,0.0,observed
physx-cloth-heldout,test-drape-01-physx-surface,physx-surface,protocol_pass,protocol_pass,material_slip,m,,unavailable
physx-cloth-heldout,test-drape-02-physx-surface,physx-surface,protocol_pass,protocol_pass,cloth.ground_depth,m,0.0,observed
physx-cloth-heldout,test-drape-02-physx-surface,physx-surface,protocol_pass,protocol_pass,cloth.sphere_depth,m,4.4619935413374445e-05,observed
physx-cloth-heldout,test-drape-02-physx-surface,physx-surface,protocol_pass,protocol_pass,cloth.edge_strain,1,0.17881990807128723,observed
physx-cloth-heldout,test-drape-02-physx-surface,physx-surface,protocol_pass,protocol_pass,cloth.pin_error,m,,not_applicable
physx-cloth-heldout,test-drape-02-physx-surface,physx-surface,protocol_pass,protocol_pass,cloth.final_tip_sag,m,0.12906222112476823,observed
physx-cloth-heldout,test-drape-02-physx-surface,physx-surface,protocol_pass,protocol_pass,cloth.crossing_pairs,count,0.0,observed
physx-cloth-heldout,test-drape-02-physx-surface,physx-surface,protocol_pass,protocol_pass,material_slip,m,,unavailable
physx-cloth-heldout,test-drape-03-physx-surface,physx-surface,protocol_fail,protocol_fail,cloth.ground_depth,m,0.0,observed
physx-cloth-heldout,test-drape-03-physx-surface,physx-surface,protocol_fail,protocol_fail,cloth.sphere_depth,m,3.671242765482946e-05,observed
physx-cloth-heldout,test-drape-03-physx-surface,physx-surface,protocol_fail,protocol_fail,cloth.edge_strain,1,0.14701629232358093,observed
physx-cloth-heldout,test-drape-03-physx-surface,physx-surface,protocol_fail,protocol_fail,cloth.pin_error,m,,not_applicable
physx-cloth-heldout,test-drape-03-physx-surface,physx-surface,protocol_fail,protocol_fail,cloth.final_tip_sag,m,0.12810552485287188,observed
physx-cloth-heldout,test-drape-03-physx-surface,physx-surface,protocol_fail,protocol_fail,cloth.crossing_pairs,count,2.0,observed
physx-cloth-heldout,test-drape-03-physx-surface,physx-surface,protocol_fail,protocol_fail,material_slip,m,,unavailable
physx-cloth-heldout,test-folded-drop-00-physx-surface,physx-surface,protocol_pass,protocol_pass,cloth.ground_depth,m,8.838251233309058e-10,observed
physx-cloth-heldout,test-folded-drop-00-physx-surface,physx-surface,protocol_pass,protocol_pass,cloth.sphere_depth,m,,not_applicable
physx-cloth-heldout,test-folded-drop-00-physx-surface,physx-surface,protocol_pass,protocol_pass,cloth.edge_strain,1,0.0827659989852777,observed
physx-cloth-heldout,test-folded-drop-00-physx-surface,physx-surface,protocol_pass,protocol_pass,cloth.pin_error,m,,not_applicable
physx-cloth-heldout,test-folded-drop-00-physx-surface,physx-surface,protocol_pass,protocol_pass,cloth.final_tip_sag,m,0.058999999836087225,observed
physx-cloth-heldout,test-folded-drop-00-physx-surface,physx-surface,protocol_pass,protocol_pass,cloth.crossing_pairs,count,0.0,observed
physx-cloth-heldout,test-folded-drop-00-physx-surface,physx-surface,protocol_pass,protocol_pass,material_slip,m,,unavailable
physx-cloth-heldout,test-folded-drop-01-physx-surface,physx-surface,protocol_pass,protocol_pass,cloth.ground_depth,m,8.838251233309058e-10,observed
physx-cloth-heldout,test-folded-drop-01-physx-surface,physx-surface,protocol_pass,protocol_pass,cloth.sphere_depth,m,,not_applicable
physx-cloth-heldout,test-folded-drop-01-physx-surface,physx-surface,protocol_pass,protocol_pass,cloth.edge_strain,1,0.07738066016887368,observed
physx-cloth-heldout,test-folded-drop-01-physx-surface,physx-surface,protocol_pass,protocol_pass,cloth.pin_error,m,,not_applicable
physx-cloth-heldout,test-folded-drop-01-physx-surface,physx-surface,protocol_pass,protocol_pass,cloth.final_tip_sag,m,0.09899999983608723,observed
physx-cloth-heldout,test-folded-drop-01-physx-surface,physx-surface,protocol_pass,protocol_pass,cloth.crossing_pairs,count,0.0,observed
physx-cloth-heldout,test-folded-drop-01-physx-surface,physx-surface,protocol_pass,protocol_pass,material_slip,m,,unavailable
physx-cloth-heldout,test-folded-drop-02-physx-surface,physx-surface,protocol_pass,protocol_pass,cloth.ground_depth,m,8.838251233309058e-10,observed
physx-cloth-heldout,test-folded-drop-02-physx-surface,physx-surface,protocol_pass,protocol_pass,cloth.sphere_depth,m,,not_applicable
physx-cloth-heldout,test-folded-drop-02-physx-surface,physx-surface,protocol_pass,protocol_pass,cloth.edge_strain,1,0.07883661057230618,observed
physx-cloth-heldout,test-folded-drop-02-physx-surface,physx-surface,protocol_pass,protocol_pass,cloth.pin_error,m,,not_applicable
physx-cloth-heldout,test-folded-drop-02-physx-surface,physx-surface,protocol_pass,protocol_pass,cloth.final_tip_sag,m,0.11900000013876706,observed
physx-cloth-heldout,test-folded-drop-02-physx-surface,physx-surface,protocol_pass,protocol_pass,cloth.crossing_pairs,count,0.0,observed
physx-cloth-heldout,test-folded-drop-02-physx-surface,physx-surface,protocol_pass,protocol_pass,material_slip,m,,unavailable
contact-development,plane-development-v1/mujoco-dev-frictionless,mujoco,protocol_pass,protocol_pass,plane.box_depth,m,3.329152545725883e-06,observed
contact-development,plane-development-v1/mujoco-dev-frictionless,mujoco,protocol_pass,protocol_pass,contact.momentum,1,3.052649314055371e-11,observed
contact-development,plane-development-v1/mujoco-dev-frictionless,mujoco,protocol_pass,protocol_pass,material_slip,m,,unavailable
contact-development,plane-development-v1/mujoco-dev-rest,mujoco,protocol_pass,protocol_pass,plane.box_depth,m,3.329152545725883e-06,observed
contact-development,plane-development-v1/mujoco-dev-rest,mujoco,protocol_pass,protocol_pass,contact.momentum,1,3.058398477275755e-11,observed
contact-development,plane-development-v1/mujoco-dev-rest,mujoco,protocol_pass,protocol_pass,material_slip,m,,unavailable
contact-development,plane-development-v1/mujoco-dev-slide,mujoco,protocol_pass,protocol_pass,plane.box_depth,m,2.0906244147095993e-05,observed
contact-development,plane-development-v1/mujoco-dev-slide,mujoco,protocol_pass,protocol_pass,contact.momentum,1,3.0397977179781885e-11,observed
contact-development,plane-development-v1/mujoco-dev-slide,mujoco,protocol_pass,protocol_pass,material_slip,m,,unavailable
contact-development,plane-development-v1/mujoco-dev-slide-reverse,mujoco,protocol_pass,protocol_pass,plane.box_depth,m,2.0906244147095993e-05,observed
contact-development,plane-development-v1/mujoco-dev-slide-reverse,mujoco,protocol_pass,protocol_pass,contact.momentum,1,3.053882031237792e-11,observed
contact-development,plane-development-v1/mujoco-dev-slide-reverse,mujoco,protocol_pass,protocol_pass,material_slip,m,,unavailable
contact-development,plane-development-v1/physx-dev-frictionless,physx,protocol_pass,protocol_pass,plane.box_depth,m,1.862645149230957e-09,observed
contact-development,plane-development-v1/physx-dev-frictionless,physx,protocol_pass,protocol_pass,contact.momentum,1,6.40524002622176e-08,observed
contact-development,plane-development-v1/physx-dev-frictionless,physx,protocol_pass,protocol_pass,material_slip,m,,unavailable
contact-development,plane-development-v1/physx-dev-rest,physx,protocol_pass,protocol_pass,plane.box_depth,m,1.1175870895385742e-08,observed
contact-development,plane-development-v1/physx-dev-rest,physx,protocol_pass,protocol_pass,contact.momentum,1,6.779016449527929e-08,observed
contact-development,plane-development-v1/physx-dev-rest,physx,protocol_pass,protocol_pass,material_slip,m,,unavailable
contact-development,plane-development-v1/physx-dev-slide,physx,protocol_pass,protocol_pass,plane.box_depth,m,2.7939677238464355e-08,observed
contact-development,plane-development-v1/physx-dev-slide,physx,protocol_pass,protocol_pass,contact.momentum,1,1.4339181191930567e-05,observed
contact-development,plane-development-v1/physx-dev-slide,physx,protocol_pass,protocol_pass,material_slip,m,,unavailable
contact-development,plane-development-v1/physx-dev-slide-reverse,physx,protocol_pass,protocol_pass,plane.box_depth,m,4.0978193283081055e-08,observed
contact-development,plane-development-v1/physx-dev-slide-reverse,physx,protocol_pass,protocol_pass,contact.momentum,1,1.0025247801917688e-05,observed
contact-development,plane-development-v1/physx-dev-slide-reverse,physx,protocol_pass,protocol_pass,material_slip,m,,unavailable
contact-development,plane-development-v1/superdex-dev-frictionless,superdex,protocol_pass,protocol_pass,plane.box_depth,m,0.0,observed
contact-development,plane-development-v1/superdex-dev-frictionless,superdex,protocol_pass,protocol_pass,contact.momentum,1,2.9105463876602653e-08,observed
contact-development,plane-development-v1/superdex-dev-frictionless,superdex,protocol_pass,protocol_pass,material_slip,m,,unavailable
contact-development,plane-development-v1/superdex-dev-rest,superdex,protocol_pass,protocol_pass,plane.box_depth,m,0.0,observed
contact-development,plane-development-v1/superdex-dev-rest,superdex,protocol_pass,protocol_pass,contact.momentum,1,0.0007620641093737734,observed
contact-development,plane-development-v1/superdex-dev-rest,superdex,protocol_pass,protocol_pass,material_slip,m,,unavailable
contact-development,plane-development-v1/superdex-dev-slide,superdex,protocol_pass,protocol_pass,plane.box_depth,m,0.0,observed
contact-development,plane-development-v1/superdex-dev-slide,superdex,protocol_pass,protocol_pass,contact.momentum,1,0.0009534400940402681,observed
contact-development,plane-development-v1/superdex-dev-slide,superdex,protocol_pass,protocol_pass,material_slip,m,,unavailable
contact-development,plane-development-v1/superdex-dev-slide-reverse,superdex,protocol_pass,protocol_pass,plane.box_depth,m,0.0,observed
contact-development,plane-development-v1/superdex-dev-slide-reverse,superdex,protocol_pass,protocol_pass,contact.momentum,1,0.0009534400926798625,observed
contact-development,plane-development-v1/superdex-dev-slide-reverse,superdex,protocol_pass,protocol_pass,material_slip,m,,unavailable
contact-development,indent-mujoco-v1,mujoco,protocol_pass,protocol_pass,plane.box_depth,m,9.960664574086564e-06,observed
contact-development,indent-mujoco-v1,mujoco,protocol_pass,protocol_pass,contact.momentum,1,2.945633317057966e-11,observed
contact-development,indent-mujoco-v1,mujoco,protocol_pass,protocol_pass,material_slip,m,,unavailable
contact-development,indent-superdex-v1,superdex,protocol_pass,protocol_pass,plane.box_depth,m,0.0,observed
contact-development,indent-superdex-v1,superdex,protocol_pass,protocol_pass,contact.momentum,1,0.0009900856968257932,observed
contact-development,indent-superdex-v1,superdex,protocol_pass,protocol_pass,material_slip,m,,unavailable
contact-development,indent-physx-v1,physx,protocol_pass,protocol_pass,plane.box_depth,m,3.91155481338501e-08,observed
contact-development,indent-physx-v1,physx,protocol_pass,protocol_pass,contact.momentum,1,4.316324122224547e-07,observed
contact-development,indent-physx-v1,physx,protocol_pass,protocol_pass,material_slip,m,,unavailable
contact-development,cylinder-development-v1/mujoco-dev-cylinder-frictionless,mujoco,protocol_fail,protocol_fail,cylinder.sat_depth,m,0.0002047330930506682,observed
contact-development,cylinder-development-v1/mujoco-dev-cylinder-frictionless,mujoco,protocol_fail,protocol_fail,contact.momentum,1,3.087951256120298e-08,observed
contact-development,cylinder-development-v1/mujoco-dev-cylinder-frictionless,mujoco,protocol_fail,protocol_fail,material_slip,m,,unavailable
contact-development,cylinder-development-v1/mujoco-dev-cylinder-hold,mujoco,protocol_fail,protocol_fail,cylinder.sat_depth,m,0.0002047330930506682,observed
contact-development,cylinder-development-v1/mujoco-dev-cylinder-hold,mujoco,protocol_fail,protocol_fail,contact.momentum,1,3.087951256120298e-08,observed
contact-development,cylinder-development-v1/mujoco-dev-cylinder-hold,mujoco,protocol_fail,protocol_fail,material_slip,m,,unavailable
contact-development,cylinder-development-v1/mujoco-dev-cylinder-overload,mujoco,protocol_fail,protocol_fail,cylinder.sat_depth,m,0.00020165439053484134,observed
contact-development,cylinder-development-v1/mujoco-dev-cylinder-overload,mujoco,protocol_fail,protocol_fail,contact.momentum,1,9.4694396168532e-09,observed
contact-development,cylinder-development-v1/mujoco-dev-cylinder-overload,mujoco,protocol_fail,protocol_fail,material_slip,m,,unavailable
contact-development,cylinder-development-v1/mujoco-dev-cylinder-ramp,mujoco,protocol_fail,protocol_fail,cylinder.sat_depth,m,0.0002047330930506682,observed
contact-development,cylinder-development-v1/mujoco-dev-cylinder-ramp,mujoco,protocol_fail,protocol_fail,contact.momentum,1,3.087951256120298e-08,observed
contact-development,cylinder-development-v1/mujoco-dev-cylinder-ramp,mujoco,protocol_fail,protocol_fail,material_slip,m,,unavailable
contact-development,cylinder-development-v1/physx-dev-cylinder-frictionless,physx,protocol_pass,protocol_pass,cylinder.sat_depth,m,0.0005274995788931841,observed
contact-development,cylinder-development-v1/physx-dev-cylinder-frictionless,physx,protocol_pass,protocol_pass,contact.momentum,1,0.001412581230886946,observed
contact-development,cylinder-development-v1/physx-dev-cylinder-frictionless,physx,protocol_pass,protocol_pass,material_slip,m,,unavailable
contact-development,cylinder-development-v1/physx-dev-cylinder-hold,physx,protocol_pass,protocol_pass,cylinder.sat_depth,m,0.0005274995788931841,observed
contact-development,cylinder-development-v1/physx-dev-cylinder-hold,physx,protocol_pass,protocol_pass,contact.momentum,1,0.00014285088557584692,observed
contact-development,cylinder-development-v1/physx-dev-cylinder-hold,physx,protocol_pass,protocol_pass,material_slip,m,,unavailable
contact-development,cylinder-development-v1/physx-dev-cylinder-overload,physx,protocol_pass,protocol_pass,cylinder.sat_depth,m,0.0005274995788931841,observed
contact-development,cylinder-development-v1/physx-dev-cylinder-overload,physx,protocol_pass,protocol_pass,contact.momentum,1,0.0001478048179006683,observed
contact-development,cylinder-development-v1/physx-dev-cylinder-overload,physx,protocol_pass,protocol_pass,material_slip,m,,unavailable
contact-development,cylinder-development-v1/physx-dev-cylinder-ramp,physx,protocol_pass,protocol_pass,cylinder.sat_depth,m,0.0005274995788931841,observed
contact-development,cylinder-development-v1/physx-dev-cylinder-ramp,physx,protocol_pass,protocol_pass,contact.momentum,1,0.001412581230886946,observed
contact-development,cylinder-development-v1/physx-dev-cylinder-ramp,physx,protocol_pass,protocol_pass,material_slip,m,,unavailable
contact-development,cylinder-development-v1/superdex-dev-cylinder-frictionless,superdex,protocol_fail,protocol_fail,cylinder.sat_depth,m,0.001375052018528472,observed
contact-development,cylinder-development-v1/superdex-dev-cylinder-frictionless,superdex,protocol_fail,protocol_fail,contact.momentum,1,0.8430531470476704,observed
contact-development,cylinder-development-v1/superdex-dev-cylinder-frictionless,superdex,protocol_fail,protocol_fail,material_slip,m,,unavailable
contact-development,cylinder-development-v1/superdex-dev-cylinder-hold,superdex,protocol_pass,protocol_pass,cylinder.sat_depth,m,6.167990880736295e-05,observed
contact-development,cylinder-development-v1/superdex-dev-cylinder-hold,superdex,protocol_pass,protocol_pass,contact.momentum,1,0.0009999944080754195,observed
contact-development,cylinder-development-v1/superdex-dev-cylinder-hold,superdex,protocol_pass,protocol_pass,material_slip,m,,unavailable
contact-development,cylinder-development-v1/superdex-dev-cylinder-overload,superdex,protocol_fail,protocol_fail,cylinder.sat_depth,m,0.002266792320131772,observed
contact-development,cylinder-development-v1/superdex-dev-cylinder-overload,superdex,protocol_fail,protocol_fail,contact.momentum,1,7.036394181346612,observed
contact-development,cylinder-development-v1/superdex-dev-cylinder-overload,superdex,protocol_fail,protocol_fail,material_slip,m,,unavailable
contact-development,cylinder-development-v1/superdex-dev-cylinder-ramp,superdex,protocol_fail,protocol_fail,cylinder.sat_depth,m,0.0019458445730064985,observed
contact-development,cylinder-development-v1/superdex-dev-cylinder-ramp,superdex,protocol_fail,protocol_fail,contact.momentum,1,6.770888033748326,observed
contact-development,cylinder-development-v1/superdex-dev-cylinder-ramp,superdex,protocol_fail,protocol_fail,material_slip,m,,unavailable
contact-development,cylinder-refinement-v1/mujoco-dev-cylinder-overload-h2,mujoco,protocol_fail,protocol_fail,cylinder.sat_depth,m,0.00025155420347130336,observed
contact-development,cylinder-refinement-v1/mujoco-dev-cylinder-overload-h2,mujoco,protocol_fail,protocol_fail,contact.momentum,1,1.1190895305236922e-08,observed
contact-development,cylinder-refinement-v1/mujoco-dev-cylinder-overload-h2,mujoco,protocol_fail,protocol_fail,material_slip,m,,unavailable
contact-development,cylinder-refinement-v1/mujoco-dev-cylinder-overload-h4,mujoco,protocol_fail,protocol_fail,cylinder.sat_depth,m,0.0002360114022575948,observed
contact-development,cylinder-refinement-v1/mujoco-dev-cylinder-overload-h4,mujoco,protocol_fail,protocol_fail,contact.momentum,1,6.197285514293913e-13,observed
contact-development,cylinder-refinement-v1/mujoco-dev-cylinder-overload-h4,mujoco,protocol_fail,protocol_fail,material_slip,m,,unavailable
contact-development,cylinder-refinement-v1/superdex-dev-cylinder-overload-h2,superdex,protocol_fail,protocol_fail,cylinder.sat_depth,m,0.002285633154485789,observed
contact-development,cylinder-refinement-v1/superdex-dev-cylinder-overload-h2,superdex,protocol_fail,protocol_fail,contact.momentum,1,8.036808891434786,observed
contact-development,cylinder-refinement-v1/superdex-dev-cylinder-overload-h2,superdex,protocol_fail,protocol_fail,material_slip,m,,unavailable
contact-development,cylinder-refinement-v1/superdex-dev-cylinder-overload-h4,superdex,protocol_fail,protocol_fail,cylinder.sat_depth,m,0.0022340574629526044,observed
contact-development,cylinder-refinement-v1/superdex-dev-cylinder-overload-h4,superdex,protocol_fail,protocol_fail,contact.momentum,1,7.6287784903651,observed
contact-development,cylinder-refinement-v1/superdex-dev-cylinder-overload-h4,superdex,protocol_fail,protocol_fail,material_slip,m,,unavailable
contact-development,cylinder-solver-refinement-v1,superdex,protocol_fail,protocol_fail,cylinder.sat_depth,m,0.0022667923242759517,observed
contact-development,cylinder-solver-refinement-v1,superdex,protocol_fail,protocol_fail,contact.momentum,1,8.13657312036455,observed
contact-development,cylinder-solver-refinement-v1,superdex,protocol_fail,protocol_fail,material_slip,m,,unavailable
contact-development,cylinder-spatial-v1/dev-cylinder-overload-surface1,superdex,protocol_fail,protocol_fail,cylinder.sat_depth,m,0.0008580676089537907,observed
contact-development,cylinder-spatial-v1/dev-cylinder-overload-surface1,superdex,protocol_fail,protocol_fail,contact.momentum,1,0.2157158064512655,observed
contact-development,cylinder-spatial-v1/dev-cylinder-overload-surface1,superdex,protocol_fail,protocol_fail,material_slip,m,,unavailable
contact-development,cylinder-spatial-v1/dev-cylinder-overload-surface2,superdex,protocol_pass,protocol_pass,cylinder.sat_depth,m,0.000481120257769526,observed
contact-development,cylinder-spatial-v1/dev-cylinder-overload-surface2,superdex,protocol_pass,protocol_pass,contact.momentum,1,0.0009928826029322157,observed
contact-development,cylinder-spatial-v1/dev-cylinder-overload-surface2,superdex,protocol_pass,protocol_pass,material_slip,m,,unavailable
contact-development,cylinder-spatial-v1/plane-readbacks,superdex,protocol_pass,protocol_pass,plane.box_depth,m,0.0,observed
contact-development,cylinder-spatial-v1/plane-readbacks,superdex,protocol_pass,protocol_pass,contact.momentum,1,0.0009534400940402681,observed
contact-development,cylinder-spatial-v1/plane-readbacks,superdex,protocol_pass,protocol_pass,material_slip,m,,unavailable
contact-development,cylinder-spatial-controls-v1/dev-cylinder-frictionless-surface2,superdex,protocol_pass,protocol_pass,cylinder.sat_depth,m,0.00033737116298927956,observed
contact-development,cylinder-spatial-controls-v1/dev-cylinder-frictionless-surface2,superdex,protocol_pass,protocol_pass,contact.momentum,1,0.000579884834312774,observed
contact-development,cylinder-spatial-controls-v1/dev-cylinder-frictionless-surface2,superdex,protocol_pass,protocol_pass,material_slip,m,,unavailable
contact-development,cylinder-spatial-controls-v1/dev-cylinder-hold-surface2,superdex,protocol_pass,protocol_pass,cylinder.sat_depth,m,6.185590096102235e-05,observed
contact-development,cylinder-spatial-controls-v1/dev-cylinder-hold-surface2,superdex,protocol_pass,protocol_pass,contact.momentum,1,0.0009979026742026622,observed
contact-development,cylinder-spatial-controls-v1/dev-cylinder-hold-surface2,superdex,protocol_pass,protocol_pass,material_slip,m,,unavailable
contact-development,cylinder-spatial-controls-v1/dev-cylinder-ramp-surface2,superdex,protocol_pass,protocol_pass,cylinder.sat_depth,m,0.0003762310039754947,observed
contact-development,cylinder-spatial-controls-v1/dev-cylinder-ramp-surface2,superdex,protocol_pass,protocol_pass,contact.momentum,1,0.0010695983572496129,observed
contact-development,cylinder-spatial-controls-v1/dev-cylinder-ramp-surface2,superdex,protocol_pass,protocol_pass,material_slip,m,,unavailable
normal-response,initial-mujoco,mujoco,protocol_fail,protocol_fail,plane.box_depth,m,7.856320116865143e-05,observed
normal-response,initial-mujoco,mujoco,protocol_fail,protocol_fail,contact.momentum,1,6.564009727651282e-15,observed
normal-response,initial-mujoco,mujoco,protocol_fail,protocol_fail,normal.static_error,1,0.7500008624664629,observed
normal-response,initial-mujoco,mujoco,protocol_fail,protocol_fail,normal.plateau_std,m,2.7887834096719034e-09,observed
normal-response,initial-mujoco,mujoco,protocol_fail,protocol_fail,material_slip,m,,unavailable
normal-response,initial-superdex,superdex,protocol_pass,protocol_pass,plane.box_depth,m,0.00037817896107935137,observed
normal-response,initial-superdex,superdex,protocol_pass,protocol_pass,contact.momentum,1,3.816659403947699e-05,observed
normal-response,initial-superdex,superdex,protocol_pass,protocol_pass,normal.static_error,1,0.004829892693824167,observed
normal-response,initial-superdex,superdex,protocol_pass,protocol_pass,normal.plateau_std,m,1.064325350171535e-06,observed
normal-response,initial-superdex,superdex,protocol_pass,protocol_pass,material_slip,m,,unavailable
normal-response,initial-physx,physx,protocol_pass,protocol_pass,plane.box_depth,m,0.00037530623376369476,observed
normal-response,initial-physx,physx,protocol_pass,protocol_pass,contact.momentum,1,8.549432628128144e-05,observed
normal-response,initial-physx,physx,protocol_pass,protocol_pass,normal.static_error,1,0.0003732556166748946,observed
normal-response,initial-physx,physx,protocol_pass,protocol_pass,normal.plateau_std,m,5.304880801304535e-07,observed
normal-response,initial-physx,physx,protocol_pass,protocol_pass,material_slip,m,,unavailable
normal-response,validation-mujoco-reference,mujoco,protocol_pass,protocol_pass,plane.box_depth,m,0.00029991050773876815,observed
normal-response,validation-mujoco-reference,mujoco,protocol_pass,protocol_pass,contact.momentum,1,4.7532484234716175e-15,observed
normal-response,validation-mujoco-reference,mujoco,protocol_pass,protocol_pass,normal.static_error,1,0.0014846181563918925,observed
normal-response,validation-mujoco-reference,mujoco,protocol_pass,protocol_pass,normal.plateau_std,m,1.6303837620069055e-07,observed
normal-response,validation-mujoco-reference,mujoco,protocol_pass,protocol_pass,material_slip,m,,unavailable
normal-response,validation-mujoco-mass01,mujoco,protocol_fail,protocol_fail,plane.box_depth,m,0.0005998210101367217,observed
normal-response,validation-mujoco-mass01,mujoco,protocol_fail,protocol_fail,contact.momentum,1,1.663636948215066e-14,observed
normal-response,validation-mujoco-mass01,mujoco,protocol_fail,protocol_fail,normal.static_error,1,0.9981896134396817,observed
normal-response,validation-mujoco-mass01,mujoco,protocol_fail,protocol_fail,normal.plateau_std,m,3.260767523875987e-07,observed
normal-response,validation-mujoco-mass01,mujoco,protocol_fail,protocol_fail,material_slip,m,,unavailable
normal-response,validation-mujoco-mass04,mujoco,protocol_fail,protocol_fail,plane.box_depth,m,0.00014995525057963713,observed
normal-response,validation-mujoco-mass04,mujoco,protocol_fail,protocol_fail,contact.momentum,1,1.471243559645977e-15,observed
normal-response,validation-mujoco-mass04,mujoco,protocol_fail,protocol_fail,normal.static_error,1,0.5007423227029575,observed
normal-response,validation-mujoco-mass04,mujoco,protocol_fail,protocol_fail,normal.plateau_std,m,8.151918718763819e-08,observed
normal-response,validation-mujoco-mass04,mujoco,protocol_fail,protocol_fail,material_slip,m,,unavailable
normal-response,validation-mujoco-h2,mujoco,protocol_pass,protocol_pass,plane.box_depth,m,0.00029991700185124856,observed
normal-response,validation-mujoco-h2,mujoco,protocol_pass,protocol_pass,contact.momentum,1,1.788126787877418e-14,observed
normal-response,validation-mujoco-h2,mujoco,protocol_pass,protocol_pass,normal.static_error,1,0.0018691580398885188,observed
normal-response,validation-mujoco-h2,mujoco,protocol_pass,protocol_pass,normal.plateau_std,m,1.587260023750415e-07,observed
normal-response,validation-mujoco-h2,mujoco,protocol_pass,protocol_pass,material_slip,m,,unavailable
normal-response,validation-superdex-reference,superdex,protocol_pass,protocol_pass,plane.box_depth,m,0.00037817896107935137,observed
normal-response,validation-superdex-reference,superdex,protocol_pass,protocol_pass,contact.momentum,1,3.816659403947699e-05,observed
normal-response,validation-superdex-reference,superdex,protocol_pass,protocol_pass,normal.static_error,1,0.004829892693824167,observed
normal-response,validation-superdex-reference,superdex,protocol_pass,protocol_pass,normal.plateau_std,m,1.064325350171535e-06,observed
normal-response,validation-superdex-reference,superdex,protocol_pass,protocol_pass,material_slip,m,,unavailable
normal-response,validation-superdex-mass01,superdex,protocol_pass,protocol_pass,plane.box_depth,m,0.0003704647173090603,observed
normal-response,validation-superdex-mass01,superdex,protocol_pass,protocol_pass,contact.momentum,1,0.0009220500882284292,observed
normal-response,validation-superdex-mass01,superdex,protocol_pass,protocol_pass,normal.static_error,1,0.005396099510625141,observed
normal-response,validation-superdex-mass01,superdex,protocol_pass,protocol_pass,normal.plateau_std,m,1.8870059368514867e-08,observed
normal-response,validation-superdex-mass01,superdex,protocol_pass,protocol_pass,material_slip,m,,unavailable
normal-response,validation-superdex-mass04,superdex,protocol_fail,protocol_fail,plane.box_depth,m,0.0003900520010399512,observed
normal-response,validation-superdex-mass04,superdex,protocol_fail,protocol_fail,contact.momentum,1,0.0007615330222914314,observed
normal-response,validation-superdex-mass04,superdex,protocol_fail,protocol_fail,normal.static_error,1,0.003728249028480013,observed
normal-response,validation-superdex-mass04,superdex,protocol_fail,protocol_fail,normal.plateau_std,m,9.232588111581889e-06,observed
normal-response,validation-superdex-mass04,superdex,protocol_fail,protocol_fail,material_slip,m,,unavailable
normal-response,validation-superdex-h2,superdex,protocol_fail,protocol_fail,plane.box_depth,m,0.0003955563010265145,observed
normal-response,validation-superdex-h2,superdex,protocol_fail,protocol_fail,contact.momentum,1,0.0005632974221642316,observed
normal-response,validation-superdex-h2,superdex,protocol_fail,protocol_fail,normal.static_error,1,0.008491658698924986,observed
normal-response,validation-superdex-h2,superdex,protocol_fail,protocol_fail,normal.plateau_std,m,8.849663423032313e-06,observed
normal-response,validation-superdex-h2,superdex,protocol_fail,protocol_fail,material_slip,m,,unavailable
normal-response,validation-physx-reference,physx,protocol_pass,protocol_pass,plane.box_depth,m,0.00037530623376369476,observed
normal-response,validation-physx-reference,physx,protocol_pass,protocol_pass,contact.momentum,1,8.549432628128144e-05,observed
normal-response,validation-physx-reference,physx,protocol_pass,protocol_pass,normal.static_error,1,0.0003732556166748946,observed
normal-response,validation-physx-reference,physx,protocol_pass,protocol_pass,normal.plateau_std,m,5.304880801304535e-07,observed
normal-response,validation-physx-reference,physx,protocol_pass,protocol_pass,material_slip,m,,unavailable
normal-response,validation-physx-mass01,physx,protocol_pass,protocol_pass,plane.box_depth,m,0.00036662444472312927,observed
normal-response,validation-physx-mass01,physx,protocol_pass,protocol_pass,contact.momentum,1,0.00017104309268673506,observed
normal-response,validation-physx-mass01,physx,protocol_pass,protocol_pass,normal.static_error,1,0.0009759716922417283,observed
normal-response,validation-physx-mass01,physx,protocol_pass,protocol_pass,normal.plateau_std,m,5.398333779993436e-09,observed
normal-response,validation-physx-mass01,physx,protocol_pass,protocol_pass,material_slip,m,,unavailable
normal-response,validation-physx-mass04,physx,protocol_fail,protocol_fail,plane.box_depth,m,0.0003855489194393158,observed
normal-response,validation-physx-mass04,physx,protocol_fail,protocol_fail,contact.momentum,1,4.271994307855464e-05,observed
normal-response,validation-physx-mass04,physx,protocol_fail,protocol_fail,normal.static_error,1,0.006719103315845132,observed
normal-response,validation-physx-mass04,physx,protocol_fail,protocol_fail,normal.plateau_std,m,6.386175300576724e-06,observed
normal-response,validation-physx-mass04,physx,protocol_fail,protocol_fail,material_slip,m,,unavailable
normal-response,validation-physx-h2,physx,protocol_pass,protocol_pass,plane.box_depth,m,0.0003767870366573334,observed
normal-response,validation-physx-h2,physx,protocol_pass,protocol_pass,contact.momentum,1,0.00010893468827656767,observed
normal-response,validation-physx-h2,physx,protocol_pass,protocol_pass,normal.static_error,1,1.5959609299898148e-05,observed
normal-response,validation-physx-h2,physx,protocol_pass,protocol_pass,normal.plateau_std,m,7.323415047721937e-07,observed
normal-response,validation-physx-h2,physx,protocol_pass,protocol_pass,material_slip,m,,unavailable
normal-response,validation-mujoco-mass0.1-converted,mujoco,protocol_pass,protocol_pass,plane.box_depth,m,0.00029963052450271074,observed
normal-response,validation-mujoco-mass0.1-converted,mujoco,protocol_pass,protocol_pass,contact.momentum,1,1.663636948215066e-14,observed
normal-response,validation-mujoco-mass0.1-converted,mujoco,protocol_pass,protocol_pass,normal.static_error,1,0.00417420125929846,observed
normal-response,validation-mujoco-mass0.1-converted,mujoco,protocol_pass,protocol_pass,normal.plateau_std,m,3.4298812383948964e-07,observed
normal-response,validation-mujoco-mass0.1-converted,mujoco,protocol_pass,protocol_pass,material_slip,m,,unavailable
normal-response,validation-mujoco-mass0.4-converted,mujoco,protocol_pass,protocol_pass,plane.box_depth,m,0.00030314961596231496,observed
normal-response,validation-mujoco-mass0.4-converted,mujoco,protocol_pass,protocol_pass,contact.momentum,1,4.52690326044916e-15,observed
normal-response,validation-mujoco-mass0.4-converted,mujoco,protocol_pass,protocol_pass,normal.static_error,1,0.006046610582315148,observed
normal-response,validation-mujoco-mass0.4-converted,mujoco,protocol_pass,protocol_pass,normal.plateau_std,m,5.993281913911309e-07,observed
normal-response,validation-mujoco-mass0.4-converted,mujoco,protocol_pass,protocol_pass,material_slip,m,,unavailable
transient-response,mujoco-imp09-500us,mujoco,protocol_fail,protocol_fail,plane.box_depth,m,0.00035773881516234715,observed
transient-response,mujoco-imp09-500us,mujoco,protocol_fail,protocol_fail,contact.momentum,1,5.884974238583908e-15,observed
transient-response,mujoco-imp09-500us,mujoco,protocol_fail,protocol_fail,normal.static_error,1,0.33973210982091095,observed
transient-response,mujoco-imp09-500us,mujoco,protocol_fail,protocol_fail,normal.plateau_std,m,6.296680653512728e-05,observed
transient-response,mujoco-imp09-500us,mujoco,protocol_fail,protocol_fail,normal.transient_rms,m,0.00012065393479141886,observed
transient-response,mujoco-imp09-500us,mujoco,protocol_fail,protocol_fail,normal.transient_peak,m,0.00021486209815631193,observed
transient-response,mujoco-imp09-500us,mujoco,protocol_fail,protocol_fail,material_slip,m,,unavailable
transient-response,mujoco-imp09-250us,mujoco,protocol_fail,protocol_fail,plane.box_depth,m,0.0003380724720827982,observed
transient-response,mujoco-imp09-250us,mujoco,protocol_fail,protocol_fail,contact.momentum,1,2.7387764725717417e-14,observed
transient-response,mujoco-imp09-250us,mujoco,protocol_fail,protocol_fail,normal.static_error,1,0.5017966037634867,observed
transient-response,mujoco-imp09-250us,mujoco,protocol_fail,protocol_fail,normal.plateau_std,m,3.634524249446073e-05,observed
transient-response,mujoco-imp09-250us,mujoco,protocol_fail,protocol_fail,normal.transient_rms,m,7.654222715015674e-05,observed
transient-response,mujoco-imp09-250us,mujoco,protocol_fail,protocol_fail,normal.transient_peak,m,0.00014081160757742985,observed
transient-response,mujoco-imp09-250us,mujoco,protocol_fail,protocol_fail,material_slip,m,,unavailable
transient-response,mujoco-imp09-125us,mujoco,protocol_fail,protocol_fail,plane.box_depth,m,0.0003427152394729002,observed
transient-response,mujoco-imp09-125us,mujoco,protocol_fail,protocol_fail,contact.momentum,1,2.7387764725717417e-14,observed
transient-response,mujoco-imp09-125us,mujoco,protocol_fail,protocol_fail,normal.static_error,1,0.46258572120513963,observed
transient-response,mujoco-imp09-125us,mujoco,protocol_fail,protocol_fail,normal.plateau_std,m,3.2053569940986e-05,observed
transient-response,mujoco-imp09-125us,mujoco,protocol_fail,protocol_fail,normal.transient_rms,m,6.776463124080446e-05,observed
transient-response,mujoco-imp09-125us,mujoco,protocol_fail,protocol_fail,normal.transient_peak,m,0.00012745183498325712,observed
transient-response,mujoco-imp09-125us,mujoco,protocol_fail,protocol_fail,material_slip,m,,unavailable
transient-response,mujoco-imp0001-500us,mujoco,protocol_pass,protocol_pass,plane.box_depth,m,0.0003342671306543199,observed
transient-response,mujoco-imp0001-500us,mujoco,protocol_pass,protocol_pass,contact.momentum,1,9.770754824771956e-12,observed
transient-response,mujoco-imp0001-500us,mujoco,protocol_pass,protocol_pass,normal.static_error,1,3.1264501432204383e-08,observed
transient-response,mujoco-imp0001-500us,mujoco,protocol_pass,protocol_pass,normal.plateau_std,m,3.2179180819218245e-12,observed
transient-response,mujoco-imp0001-500us,mujoco,protocol_pass,protocol_pass,normal.transient_rms,m,2.7708940962438377e-06,observed
transient-response,mujoco-imp0001-500us,mujoco,protocol_pass,protocol_pass,normal.transient_peak,m,7.184669395206059e-06,observed
transient-response,mujoco-imp0001-500us,mujoco,protocol_pass,protocol_pass,material_slip,m,,unavailable
transient-response,mujoco-imp0001-250us,mujoco,protocol_pass,protocol_pass,plane.box_depth,m,0.00033469247401340246,observed
transient-response,mujoco-imp0001-250us,mujoco,protocol_pass,protocol_pass,contact.momentum,1,2.9073923017653216e-11,observed
transient-response,mujoco-imp0001-250us,mujoco,protocol_pass,protocol_pass,normal.static_error,1,3.2233840263629077e-08,observed
transient-response,mujoco-imp0001-250us,mujoco,protocol_pass,protocol_pass,normal.plateau_std,m,4.1366859775690084e-12,observed
transient-response,mujoco-imp0001-250us,mujoco,protocol_pass,protocol_pass,normal.transient_rms,m,1.3274049946025552e-06,observed
transient-response,mujoco-imp0001-250us,mujoco,protocol_pass,protocol_pass,normal.transient_peak,m,3.4636044714817025e-06,observed
transient-response,mujoco-imp0001-250us,mujoco,protocol_pass,protocol_pass,material_slip,m,,unavailable
transient-response,mujoco-imp0001-125us,mujoco,protocol_pass,protocol_pass,plane.box_depth,m,0.00033492614334454385,observed
transient-response,mujoco-imp0001-125us,mujoco,protocol_pass,protocol_pass,contact.momentum,1,2.8890470263023514e-11,observed
transient-response,mujoco-imp0001-125us,mujoco,protocol_pass,protocol_pass,normal.static_error,1,3.1562075841762294e-08,observed
transient-response,mujoco-imp0001-125us,mujoco,protocol_pass,protocol_pass,normal.plateau_std,m,5.060101788470858e-12,observed
transient-response,mujoco-imp0001-125us,mujoco,protocol_pass,protocol_pass,normal.transient_rms,m,6.170664076623062e-07,observed
transient-response,mujoco-imp0001-125us,mujoco,protocol_pass,protocol_pass,normal.transient_peak,m,1.6428693579009573e-06,observed
transient-response,mujoco-imp0001-125us,mujoco,protocol_pass,protocol_pass,material_slip,m,,unavailable
transient-response,superdex-load-damping-500us,superdex,protocol_fail,protocol_fail,plane.box_depth,m,0.00031688506392071186,observed
transient-response,superdex-load-damping-500us,superdex,protocol_fail,protocol_fail,contact.momentum,1,0.000953872984690022,observed
transient-response,superdex-load-damping-500us,superdex,protocol_fail,protocol_fail,normal.static_error,1,0.005562915761688436,observed
transient-response,superdex-load-damping-500us,superdex,protocol_fail,protocol_fail,normal.plateau_std,m,0.0,observed
transient-response,superdex-load-damping-500us,superdex,protocol_fail,protocol_fail,normal.transient_rms,m,9.209178035056652e-06,observed
transient-response,superdex-load-damping-500us,superdex,protocol_fail,protocol_fail,normal.transient_peak,m,2.2843073030722743e-05,observed
transient-response,superdex-load-damping-500us,superdex,protocol_fail,protocol_fail,material_slip,m,,unavailable
transient-response,superdex-load-damping-250us,superdex,protocol_fail,protocol_fail,plane.box_depth,m,0.00031913354158802365,observed
transient-response,superdex-load-damping-250us,superdex,protocol_fail,protocol_fail,contact.momentum,1,0.0009638116734809948,observed
transient-response,superdex-load-damping-250us,superdex,protocol_fail,protocol_fail,normal.static_error,1,0.005549755297268755,observed
transient-response,superdex-load-damping-250us,superdex,protocol_fail,protocol_fail,normal.plateau_std,m,0.0,observed
transient-response,superdex-load-damping-250us,superdex,protocol_fail,protocol_fail,normal.transient_rms,m,1.1997497415264596e-05,observed
transient-response,superdex-load-damping-250us,superdex,protocol_fail,protocol_fail,normal.transient_peak,m,2.7545441081929168e-05,observed
transient-response,superdex-load-damping-250us,superdex,protocol_fail,protocol_fail,material_slip,m,,unavailable
transient-response,superdex-load-damping-125us,superdex,protocol_fail,protocol_fail,plane.box_depth,m,0.00032035118869651324,observed
transient-response,superdex-load-damping-125us,superdex,protocol_fail,protocol_fail,contact.momentum,1,0.0009909394344636325,observed
transient-response,superdex-load-damping-125us,superdex,protocol_fail,protocol_fail,normal.static_error,1,0.004339677708304235,observed
transient-response,superdex-load-damping-125us,superdex,protocol_fail,protocol_fail,normal.plateau_std,m,0.0,observed
transient-response,superdex-load-damping-125us,superdex,protocol_fail,protocol_fail,normal.transient_rms,m,1.3750987088141327e-05,observed
transient-response,superdex-load-damping-125us,superdex,protocol_fail,protocol_fail,normal.transient_peak,m,3.0200432846785557e-05,observed
transient-response,superdex-load-damping-125us,superdex,protocol_fail,protocol_fail,material_slip,m,,unavailable
transient-response,physx-force-spring-500us,physx,protocol_pass,protocol_pass,plane.box_depth,m,0.0003250613808631897,observed
transient-response,physx-force-spring-500us,physx,protocol_pass,protocol_pass,contact.momentum,1,8.549432628128144e-05,observed
transient-response,physx-force-spring-500us,physx,protocol_pass,protocol_pass,normal.static_error,1,0.0010724266370136792,observed
transient-response,physx-force-spring-500us,physx,protocol_pass,protocol_pass,normal.plateau_std,m,0.0,observed
transient-response,physx-force-spring-500us,physx,protocol_pass,protocol_pass,normal.transient_rms,m,4.514630370649071e-06,observed
transient-response,physx-force-spring-500us,physx,protocol_pass,protocol_pass,normal.transient_peak,m,1.110914193358433e-05,observed
transient-response,physx-force-spring-500us,physx,protocol_pass,protocol_pass,material_slip,m,,unavailable
transient-response,physx-force-spring-250us,physx,protocol_pass,protocol_pass,plane.box_depth,m,0.0003253072500228882,observed
transient-response,physx-force-spring-250us,physx,protocol_pass,protocol_pass,contact.momentum,1,0.00010893468827656767,observed
transient-response,physx-force-spring-250us,physx,protocol_pass,protocol_pass,normal.static_error,1,1.6927719116210938e-05,observed
transient-response,physx-force-spring-250us,physx,protocol_pass,protocol_pass,normal.plateau_std,m,0.0,observed
transient-response,physx-force-spring-250us,physx,protocol_pass,protocol_pass,normal.transient_rms,m,4.301771860671721e-06,observed
transient-response,physx-force-spring-250us,physx,protocol_pass,protocol_pass,normal.transient_peak,m,1.0551531498600368e-05,observed
transient-response,physx-force-spring-250us,physx,protocol_pass,protocol_pass,material_slip,m,,unavailable
transient-response,physx-force-spring-125us,physx,protocol_pass,protocol_pass,plane.box_depth,m,0.0003255903720855713,observed
transient-response,physx-force-spring-125us,physx,protocol_pass,protocol_pass,contact.momentum,1,0.00027995372037265524,observed
transient-response,physx-force-spring-125us,physx,protocol_pass,protocol_pass,normal.static_error,1,0.00013208389282226562,observed
transient-response,physx-force-spring-125us,physx,protocol_pass,protocol_pass,normal.plateau_std,m,0.0,observed
transient-response,physx-force-spring-125us,physx,protocol_pass,protocol_pass,normal.transient_rms,m,4.191551560605886e-06,observed
transient-response,physx-force-spring-125us,physx,protocol_pass,protocol_pass,normal.transient_peak,m,1.0258756543747078e-05,observed
transient-response,physx-force-spring-125us,physx,protocol_pass,protocol_pass,material_slip,m,,unavailable
robot-cloth,integration-grasp-v1,mujoco,protocol_pass,geometry_review_required,robot_cloth.table_depth,m,0.0030000000000000083,observed
robot-cloth,integration-grasp-v1,mujoco,protocol_pass,geometry_review_required,robot_cloth.intrusion_frames,count,176.0,observed
robot-cloth,integration-grasp-v1,mujoco,protocol_pass,geometry_review_required,robot_cloth.anchor_error,m,0.003982802808762453,observed
robot-cloth,integration-grasp-v1,mujoco,protocol_pass,geometry_review_required,robot_cloth.lift,m,0.12145827075311838,observed
robot-cloth,integration-grasp-v1,mujoco,protocol_pass,geometry_review_required,material_slip,m,,unavailable
