# https://github.com/mikedh/trimesh
v -0.02353847 -0.02309095 -0.02490977
v -0.02237396 -0.03356982 0.00314769
v -0.02794703 -0.02291873 -0.01429677
v -0.02917311 -0.02360518 -0.00864366
v -0.02557804 -0.02791031 -0.00836356
v -0.02357013 -0.03024993 -0.00833361
v -0.02258734 -0.02935970 -0.01406488
v -0.02667404 -0.02222150 -0.01984989
v -0.02312031 -0.02595776 -0.01952090
v -0.02487580 -0.02398009 -0.01959834
v -0.02621873 -0.02490234 -0.01409087
v -0.02733464 -0.02563281 -0.00844006
v -0.02438605 -0.02697062 -0.01397984
v -0.03198497 -0.02199670 -0.00318093
v -0.02836888 -0.02630101 -0.00280655
v -0.03030175 -0.02423848 -0.00299652
v -0.03272183 -0.02220200 0.00250513
v -0.03095066 -0.02447035 0.00264576
v -0.02896843 -0.02657394 0.00279803
v -0.02637134 -0.02846433 -0.00266574
v -0.02431966 -0.03086035 -0.00259217
v -0.02693731 -0.02876954 0.00293046
v -0.02484476 -0.03116422 0.00304062
v -0.03420735 -0.01135013 -0.02205394
v -0.03562604 -0.00845665 -0.02267451
v -0.03451644 -0.00520507 -0.02863010
v -0.03522320 -0.00188579 -0.02907050
v -0.03681237 -0.00519774 -0.02323907
v -0.03754335 -0.00167131 -0.02363011
v -0.02299123 -0.01772622 -0.03459448
v -0.02529577 -0.01432276 -0.03539922
v -0.02633495 -0.01238054 -0.03586123
v -0.02419914 -0.01609408 -0.03498884
v -0.02383226 -0.01171535 -0.03928276
v -0.02295467 -0.01350284 -0.03890298
v -0.02795839 -0.01760784 -0.02573428
v -0.02859663 -0.01293648 -0.03160535
v -0.03268889 -0.01392707 -0.02144555
v -0.03207356 -0.01100128 -0.02735333
v -0.03069030 -0.01343478 -0.02672887
v -0.02932739 -0.01561562 -0.02618918
v -0.02614936 -0.01688733 -0.03064359
v -0.02344187 -0.02032778 -0.02995163
v -0.02483844 -0.01864046 -0.03025442
v -0.02655685 -0.01947549 -0.02536418
v -0.02509336 -0.02128203 -0.02508673
v -0.02738911 -0.01500239 -0.03108885
v -0.02838038 -0.00785092 -0.03704278
v -0.02934291 -0.00518904 -0.03775403
v -0.02998822 -0.00230294 -0.03830442
v -0.02268307 -0.00727408 -0.04267669
v -0.02737044 -0.01023567 -0.03641047
v -0.02557029 -0.00758135 -0.04034126
v -0.02470385 -0.00975494 -0.03975197
v -0.02643241 -0.00515430 -0.04108128
v -0.02703958 -0.00251236 -0.04168805
v -0.02343678 -0.00510139 -0.04341373
v -0.02413630 -0.00016074 -0.04426807
v -0.02399396 -0.00272113 -0.04404958
v -0.03338100 -0.00827231 -0.02800594
v -0.03097488 -0.00807582 -0.03286319
v -0.02981079 -0.01064046 -0.03220821
v -0.03203210 -0.00520406 -0.03353602
v -0.03271045 -0.00209520 -0.03403025
v -0.03448137 -0.01726368 -0.00961436
v -0.03453597 -0.01437349 -0.01584988
v -0.03616845 -0.01166357 -0.01640904
v -0.03791314 -0.01191818 -0.01051763
v -0.03617504 -0.01473421 -0.01003633
v -0.03938457 -0.01210170 -0.00450483
v -0.04038687 -0.01212780 0.00152914
v -0.03379088 -0.01980080 -0.00343793
v -0.03574300 -0.01757956 -0.00377246
v -0.03666091 -0.01772162 0.00206228
v -0.03462677 -0.01998139 0.00231245
v -0.03752358 -0.01497587 -0.00411281
v -0.03849905 -0.01506515 0.00181279
v -0.03957018 -0.00877184 -0.01101129
v -0.03967652 -0.00146757 -0.01781103
v -0.04087737 -0.00519050 -0.01143472
v -0.04167920 -0.00129664 -0.01172798
v -0.03768227 -0.00861982 -0.01697144
v -0.03891718 -0.00518639 -0.01746814
v -0.04106292 -0.00883915 -0.00489100
v -0.04208012 -0.00879936 0.00125413
v -0.04243442 -0.00514572 -0.00523285
v -0.04327142 -0.00112302 -0.00546883
v -0.04342828 -0.00501808 0.00101893
v -0.04409679 -0.00092240 0.00086688
v -0.03294512 -0.01680546 -0.01536290
v -0.03136469 -0.01902208 -0.01495047
v -0.02822466 -0.02031604 -0.02011908
v -0.02972399 -0.01834403 -0.02047398
v -0.03262494 -0.01942155 -0.00920743
v -0.03092094 -0.02156268 -0.00890371
v -0.02976351 -0.02108603 -0.01461500
v -0.03120324 -0.01623636 -0.02091751
v -0.01258436 -0.03347575 -0.02634360
v -0.01700026 -0.02421953 -0.03433556
v -0.01303735 -0.02812111 -0.03557119
v -0.01220688 -0.02267514 -0.04173391
v -0.01512478 -0.02609391 -0.03483037
v -0.01543230 -0.02272521 -0.03810164
v -0.01175442 -0.02629584 -0.03946857
v -0.01369215 -0.02446312 -0.03867288
v -0.01771869 -0.02890501 -0.02524125
v -0.02194521 -0.02201528 -0.02976550
v -0.02031563 -0.02375757 -0.02974275
v -0.01836015 -0.02546502 -0.02984465
v -0.01869715 -0.02247949 -0.03408725
v -0.02168600 -0.02480897 -0.02479262
v -0.01981768 -0.02678428 -0.02492067
v -0.01636121 -0.02746278 -0.03025611
v -0.01412163 -0.02964321 -0.03090383
v -0.01167653 -0.03192687 -0.03166296
v -0.01534115 -0.03120532 -0.02577144
v -0.00087852 -0.03289991 -0.03654916
v -0.00857636 -0.03380182 -0.03215961
v -0.00932864 -0.03552939 -0.02678979
v -0.00561845 -0.03700533 -0.02696722
v -0.00506311 -0.03508576 -0.03233047
v -0.00123796 -0.03524109 -0.03193477
v -0.00161731 -0.03752662 -0.02671017
v -0.01060799 -0.03006197 -0.03631185
v -0.00950300 -0.02799423 -0.04021937
v -0.00770672 -0.03167726 -0.03680622
v -0.00682192 -0.02932914 -0.04065598
v -0.00903011 -0.02210514 -0.04472049
v -0.01042250 -0.02429579 -0.04255865
v -0.00836100 -0.02574579 -0.04328402
v -0.00592711 -0.02682588 -0.04363519
v -0.00718140 -0.02333876 -0.04540428
v -0.00321502 -0.02742495 -0.04358138
v -0.00031894 -0.02743194 -0.04309179
v -0.00381396 -0.03012044 -0.04069497
v -0.00443106 -0.03270919 -0.03692756
v -0.00058193 -0.03018797 -0.04025293
v -0.00502743 -0.02423586 -0.04567014
v -0.00263744 -0.02472816 -0.04553546
v -0.00008060 -0.02474738 -0.04501765
v -0.00208148 -0.02201061 -0.04667713
v -0.01777689 -0.03429142 -0.01446467
v -0.01869856 -0.03543803 -0.00852508
v -0.01182712 -0.04029351 -0.00874237
v -0.01471263 -0.03676831 -0.01474649
v -0.01361190 -0.03511359 -0.02064731
v -0.01557025 -0.03802239 -0.00866510
v -0.02205230 -0.03345235 -0.00256908
v -0.01940772 -0.03620359 -0.00257975
v -0.01969812 -0.03629202 0.00326554
v -0.01625374 -0.03886934 -0.00257608
v -0.01245819 -0.04120486 -0.00251004
v -0.01669729 -0.03912995 0.00342182
v -0.01292490 -0.04155357 0.00364774
v -0.02120014 -0.02806971 -0.01959036
v -0.01903190 -0.03032511 -0.01982078
v -0.02037023 -0.03175581 -0.01420608
v -0.02132690 -0.03277053 -0.00839152
v -0.01653258 -0.03273865 -0.02021512
v -0.01108276 -0.03898826 -0.01495739
v -0.00625811 -0.03883310 -0.02112022
v -0.00697013 -0.04059487 -0.01500573
v -0.00757396 -0.04190967 -0.00869418
v -0.01017246 -0.03726493 -0.02099005
v -0.00245764 -0.04123175 -0.01479988
v -0.00201426 -0.03964942 -0.02098818
v -0.00291546 -0.04252909 -0.00845781
v -0.00812958 -0.04285303 -0.00234933
v -0.00861270 -0.04329704 0.00393790
v -0.00338484 -0.04322556 -0.00204542
v -0.00383678 -0.04369849 0.00429548
v -0.02167382 -0.01928974 -0.03427417
v -0.02093702 -0.01664801 -0.03818906
v -0.01974343 -0.01809894 -0.03788397
v -0.01843679 -0.01956343 -0.03772641
v -0.01700409 -0.02108952 -0.03777832
v -0.01772629 -0.01675128 -0.04066050
v -0.01970217 -0.01404022 -0.04124761
v -0.02122748 -0.01095947 -0.04178584
v -0.02049842 -0.01256218 -0.04150841
v -0.01877689 -0.01541390 -0.04092869
v -0.01739600 -0.01281191 -0.04296041
v -0.01805962 -0.01152030 -0.04312378
v -0.02200997 -0.01513965 -0.03855696
v -0.01464490 -0.01650661 -0.04242741
v -0.01380934 -0.02108314 -0.04108463
v -0.01212427 -0.01925016 -0.04314084
v -0.01345347 -0.01783773 -0.04261904
v -0.01525126 -0.01955362 -0.04067068
v -0.01655398 -0.01812043 -0.04055190
v -0.01569792 -0.01524271 -0.04248326
v -0.01661186 -0.01403192 -0.04270392
v -0.01453882 -0.01261123 -0.04363287
v -0.01519984 -0.01154466 -0.04382259
v -0.01374388 -0.01369567 -0.04346965
v -0.01278788 -0.01485069 -0.04347974
v -0.01168486 -0.01606842 -0.04375831
v -0.01265465 -0.01126094 -0.04383366
v -0.01194974 -0.01223261 -0.04373708
v -0.02024872 -0.02085519 -0.03408595
v -0.02195117 -0.00921177 -0.04215467
v -0.01985718 -0.00693610 -0.04396717
v -0.01865948 -0.01013144 -0.04328637
v -0.01925250 -0.00861968 -0.04354052
v -0.01673239 -0.00799735 -0.04408219
v -0.01721860 -0.00656418 -0.04440334
v -0.02098082 -0.00292687 -0.04525742
v -0.02049217 -0.00503185 -0.04464730
v -0.02114652 -0.00064115 -0.04547406
v -0.01772248 -0.00491872 -0.04500499
v -0.01811922 -0.00307788 -0.04557149
v -0.01828396 -0.00105855 -0.04578718
v -0.01575412 -0.01044323 -0.04389202
v -0.01624914 -0.00927234 -0.04394421
v -0.01411724 -0.00842320 -0.04391921
v -0.01489326 -0.00615508 -0.04417581
v -0.01451544 -0.00736351 -0.04395238
v -0.01322200 -0.01032839 -0.04396136
v -0.01369780 -0.00939698 -0.04395604
v -0.01192997 -0.00844385 -0.04350408
v -0.01150213 -0.00923653 -0.04356533
v -0.01265067 -0.00675264 -0.04334622
v -0.01294547 -0.00573330 -0.04348326
v -0.01230496 -0.00763240 -0.04340048
v -0.01118715 -0.00619923 -0.04245883
v -0.01552817 -0.00312243 -0.04525171
v -0.01525160 -0.00473507 -0.04470977
v -0.01566073 -0.00133613 -0.04549909
v -0.01331706 -0.00308431 -0.04447072
v -0.01316771 -0.00450311 -0.04395357
v -0.01143944 -0.00532335 -0.04252434
v -0.01155902 -0.00424507 -0.04292831
v -0.01159520 -0.00298725 -0.04340120
v -0.01339310 -0.00149913 -0.04474834
v -0.01159729 -0.00157275 -0.04367345
v -0.01158328 -0.00009527 -0.04357588
v -0.01065170 -0.02069046 -0.04387919
v -0.01044885 -0.01734097 -0.04440054
v -0.00909401 -0.01860747 -0.04522723
v -0.00763451 -0.01980705 -0.04605914
v -0.00600577 -0.02083393 -0.04667855
v -0.00760119 -0.01652460 -0.04589650
v -0.00629298 -0.01748467 -0.04667965
v -0.01001954 -0.01437227 -0.04422341
v -0.00885479 -0.01547023 -0.04499405
v -0.00850765 -0.01281413 -0.04414712
v -0.01106129 -0.01328140 -0.04383570
v -0.01035451 -0.01093155 -0.04346322
v -0.00950915 -0.01186869 -0.04365509
v -0.00739585 -0.01371062 -0.04501836
v -0.00622730 -0.01453147 -0.04596065
v -0.00612584 -0.01213479 -0.04457051
v -0.00719928 -0.01145886 -0.04366224
v -0.00414325 -0.02158228 -0.04686775
v -0.00487567 -0.01829204 -0.04720522
v -0.00329483 -0.01888829 -0.04733494
v -0.00154733 -0.01925286 -0.04712629
v -0.00103785 -0.01660638 -0.04694119
v -0.00505553 -0.01525000 -0.04666583
v -0.00383032 -0.01584640 -0.04708124
v -0.00502640 -0.01271775 -0.04549331
v -0.00397216 -0.01321508 -0.04610150
v -0.00290894 -0.01363032 -0.04640355
v -0.00403998 -0.01114051 -0.04464474
v -0.00308184 -0.01145772 -0.04514321
v -0.00250151 -0.01630086 -0.04715418
v -0.00178263 -0.01396701 -0.04640791
v -0.00055584 -0.01422267 -0.04618008
v -0.00214800 -0.01173639 -0.04533520
v -0.00118006 -0.01198915 -0.04527008
v -0.00014305 -0.01221132 -0.04502587
v -0.01099792 -0.01005996 -0.04349250
v -0.01007987 -0.00834251 -0.04282310
v -0.00899728 -0.00987050 -0.04282579
v -0.00960720 -0.00908722 -0.04279559
v -0.00845441 -0.00830291 -0.04191572
v -0.01048986 -0.00764612 -0.04272438
v -0.01085350 -0.00694829 -0.04257707
v -0.01003148 -0.00569693 -0.04143968
v -0.00932658 -0.00698959 -0.04176032
v -0.00891814 -0.00762175 -0.04188947
v -0.00969319 -0.00636260 -0.04158985
v -0.00817554 -0.01068257 -0.04309767
v -0.00706300 -0.00969333 -0.04232430
v -0.00786085 -0.00900334 -0.04200527
v -0.00611746 -0.01030541 -0.04290770
v -0.00692810 -0.00828396 -0.04118214
v -0.00617413 -0.00887130 -0.04149580
v -0.00797985 -0.00704968 -0.04091922
v -0.00751140 -0.00766720 -0.04102573
v -0.00838924 -0.00646004 -0.04075525
v -0.00875442 -0.00586703 -0.04057964
v -0.00718422 -0.00654761 -0.03993092
v -0.00759649 -0.00597704 -0.03972680
v -0.00670947 -0.00711862 -0.04011760
v -0.00613882 -0.00766937 -0.04033058
v -0.00597986 -0.00659565 -0.03918332
v -0.00645046 -0.00603685 -0.03894315
v -0.00574054 -0.00550889 -0.03802807
v -0.01026539 -0.00492072 -0.04146086
v -0.01031892 -0.00396211 -0.04180447
v -0.01027236 -0.00284015 -0.04222095
v -0.01020607 -0.00157390 -0.04246072
v -0.01017631 -0.00024356 -0.04235655
v -0.00925831 -0.00265189 -0.04110781
v -0.00915218 -0.00151944 -0.04129643
v -0.00910345 -0.00032413 -0.04116501
v -0.00909026 -0.00523939 -0.04043822
v -0.00931349 -0.00452091 -0.04045463
v -0.00934079 -0.00365540 -0.04075251
v -0.00849293 -0.00408726 -0.03946212
v -0.00850906 -0.00330549 -0.03973354
v -0.00841449 -0.00241857 -0.04003988
v -0.00795875 -0.00539044 -0.03954583
v -0.00828353 -0.00477138 -0.03942857
v -0.00722778 -0.00486171 -0.03848779
v -0.00753130 -0.00423768 -0.03838482
v -0.00771293 -0.00358308 -0.03843977
v -0.00770810 -0.00289291 -0.03870867
v -0.00686697 -0.00546015 -0.03869260
v -0.00648684 -0.00430348 -0.03758047
v -0.00614361 -0.00491878 -0.03777121
v -0.00690277 -0.00305894 -0.03757282
v -0.00675502 -0.00367806 -0.03750132
v -0.00566127 -0.00373839 -0.03699886
v -0.00587615 -0.00313227 -0.03697242
v -0.00829180 -0.00141905 -0.04017814
v -0.00760231 -0.00213632 -0.03899529
v -0.00822636 -0.00035686 -0.04001880
v -0.00748112 -0.00128244 -0.03910342
v -0.00740674 -0.00036158 -0.03893543
v -0.00688474 -0.00246256 -0.03783401
v -0.00678126 -0.00183303 -0.03809589
v -0.00667266 -0.00111449 -0.03816943
v -0.00658950 -0.00032482 -0.03800490
v -0.00599175 -0.00256543 -0.03704650
v -0.00598582 -0.00205931 -0.03726571
v -0.00591077 -0.00153661 -0.03746350
v -0.00581896 -0.00092006 -0.03747335
v -0.00571958 -0.00023307 -0.03731722
v -0.00508082 -0.01077210 -0.04379038
v -0.00429683 -0.00965191 -0.04281787
v -0.00528517 -0.00935277 -0.04202246
v -0.00462154 -0.00856202 -0.04105371
v -0.00330950 -0.00985687 -0.04356518
v -0.00369874 -0.00873175 -0.04173785
v -0.00242356 -0.01005577 -0.04394752
v -0.00158396 -0.01025719 -0.04403924
v -0.00194683 -0.00893948 -0.04264222
v -0.00277299 -0.00881527 -0.04236703
v -0.00073568 -0.01046970 -0.04391466
v -0.00117476 -0.00910288 -0.04265024
v -0.00041126 -0.00930401 -0.04247789
v -0.00016857 -0.00838743 -0.04109606
v -0.00236844 -0.00796418 -0.04116270
v -0.00160121 -0.00803909 -0.04135511
v -0.00087835 -0.00818359 -0.04130278
v -0.00543888 -0.00817920 -0.04061362
v -0.00543288 -0.00711660 -0.03942478
v -0.00478719 -0.00757977 -0.03967921
v -0.00420110 -0.00699709 -0.03879858
v -0.00529283 -0.00605874 -0.03830560
v -0.00478488 -0.00655818 -0.03857278
v -0.00461859 -0.00546831 -0.03756715
v -0.00404571 -0.00789425 -0.04004865
v -0.00321137 -0.00796915 -0.04063518
v -0.00281968 -0.00731004 -0.03959703
v -0.00354489 -0.00727965 -0.03910074
v -0.00366266 -0.00635527 -0.03807776
v -0.00416946 -0.00592664 -0.03788263
v -0.00310632 -0.00664844 -0.03830345
v -0.00316843 -0.00567439 -0.03755364
v -0.00207799 -0.00725949 -0.04004174
v -0.00250863 -0.00670037 -0.03871057
v -0.00271557 -0.00598697 -0.03770023
v -0.00224784 -0.00608877 -0.03800846
v -0.00188381 -0.00665705 -0.03909368
v -0.00174363 -0.00608348 -0.03832588
v -0.00161522 -0.00546537 -0.03774567
v -0.00137238 -0.00729923 -0.04018915
v -0.00000806 -0.00763424 -0.03989635
v -0.00068752 -0.00742543 -0.04011534
v -0.00124611 -0.00666452 -0.03924732
v -0.00059505 -0.00675448 -0.03920642
v -0.00118134 -0.00607479 -0.03850004
v -0.00113707 -0.00546989 -0.03791776
v -0.00057195 -0.00613051 -0.03851167
v -0.00058925 -0.00551324 -0.03796669
v -0.00501642 -0.00495523 -0.03725783
v -0.00536934 -0.00436232 -0.03708120
v -0.00428294 -0.00436095 -0.03673583
v -0.00457080 -0.00378356 -0.03666153
v -0.00480437 -0.00317591 -0.03669869
v -0.00395774 -0.00483462 -0.03705150
v -0.00358848 -0.00525546 -0.03739522
v -0.00331083 -0.00416787 -0.03684222
v -0.00304379 -0.00457814 -0.03715145
v -0.00354486 -0.00371111 -0.03656544
v -0.00377460 -0.00317530 -0.03655117
v -0.00285633 -0.00309606 -0.03660702
v -0.00496670 -0.00261150 -0.03671737
v -0.00505530 -0.00210629 -0.03677799
v -0.00506765 -0.00167627 -0.03694095
v -0.00502443 -0.00123722 -0.03707144
v -0.00494632 -0.00070494 -0.03703467
v -0.00418650 -0.00130655 -0.03679693
v -0.00483238 -0.00011389 -0.03689768
v -0.00396942 -0.00262552 -0.03663573
v -0.00409869 -0.00212689 -0.03665545
v -0.00416888 -0.00168526 -0.03668447
v -0.00320800 -0.00212402 -0.03671070
v -0.00304060 -0.00260820 -0.03661946
v -0.00331468 -0.00168888 -0.03672669
v -0.00415581 -0.00092500 -0.03689302
v -0.00408106 -0.00047490 -0.03687290
v -0.00337420 -0.00130154 -0.03673862
v -0.00340008 -0.00096071 -0.03681771
v -0.00338121 -0.00062799 -0.03689887
v -0.00330646 -0.00026493 -0.03691706
v -0.00200692 -0.00542391 -0.03752336
v -0.00108054 -0.00486362 -0.03755133
v -0.00061404 -0.00489807 -0.03761920
v -0.00060758 -0.00364718 -0.03758504
v -0.00021906 -0.00377371 -0.03756678
v -0.00014517 -0.00281092 -0.03834868
v -0.00068611 -0.00326937 -0.03759011
v -0.00047135 -0.00323792 -0.03780306
v -0.00039596 -0.00294666 -0.03804937
v -0.00051533 -0.00282046 -0.03797130
v -0.00059081 -0.00305845 -0.03776155
v -0.00066302 -0.00302972 -0.03754599
v -0.00060189 -0.00287505 -0.03768975
v -0.00053267 -0.00276276 -0.03760254
v -0.00021548 -0.00333845 -0.03779943
v -0.00018183 -0.00302657 -0.03807981
v -0.00033695 -0.00274002 -0.03829567
v -0.00271502 -0.00497452 -0.03726308
v -0.00235818 -0.00528158 -0.03733457
v -0.00227282 -0.00430414 -0.03716005
v -0.00146479 -0.00484092 -0.03740090
v -0.00200137 -0.00458551 -0.03718609
v -0.00175188 -0.00475633 -0.03727276
v -0.00144875 -0.00413662 -0.03727419
v -0.00252059 -0.00394533 -0.03707904
v -0.00269905 -0.00354220 -0.03682745
v -0.00214359 -0.00303176 -0.03689536
v -0.00181221 -0.00371171 -0.03719848
v -0.00161231 -0.00395198 -0.03723441
v -0.00200409 -0.00340768 -0.03710569
v -0.00152107 -0.00295085 -0.03719866
v -0.00125861 -0.00424834 -0.03733941
v -0.00097902 -0.00426980 -0.03745165
v -0.00008020 -0.00501790 -0.03749963
v -0.00061347 -0.00428039 -0.03751689
v -0.00016551 -0.00435946 -0.03744111
v -0.00115926 -0.00362523 -0.03736525
v -0.00105367 -0.00374224 -0.03739552
v -0.00087376 -0.00375212 -0.03747347
v -0.00136664 -0.00320408 -0.03731033
v -0.00117447 -0.00335416 -0.03737823
v -0.00090695 -0.00337729 -0.03740357
v -0.00094517 -0.00328259 -0.03738358
v -0.00088140 -0.00310384 -0.03740143
v -0.00080604 -0.00337426 -0.03747160
v -0.00073149 -0.00311254 -0.03743689
v -0.00078016 -0.00311992 -0.03736818
v -0.00096953 -0.00278808 -0.03742756
v -0.00078184 -0.00304829 -0.03734558
v -0.00071272 -0.00291329 -0.03735688
v -0.00082811 -0.00289708 -0.03746615
v -0.00060571 -0.00294322 -0.03736022
v -0.00063501 -0.00293659 -0.03729402
v -0.00067632 -0.00285471 -0.03744693
v -0.00056790 -0.00288442 -0.03746387
v -0.00064466 -0.00286197 -0.03726769
v -0.00060358 -0.00274069 -0.03727631
v -0.00040337 -0.00280786 -0.03735273
v -0.00045040 -0.00280921 -0.03717652
v -0.00041990 -0.00284019 -0.03724366
v -0.00017203 -0.00277447 -0.03722154
v -0.00016524 -0.00277733 -0.03708928
v -0.00037862 -0.00250935 -0.03846582
v -0.00042363 -0.00240802 -0.03836943
v -0.00025551 -0.00245474 -0.03875830
v -0.00014611 -0.00256058 -0.03884355
v -0.00009598 -0.00246922 -0.03906360
v -0.00026382 -0.00261300 -0.03855578
v -0.00008536 -0.00268493 -0.03862349
v -0.00014196 -0.00236901 -0.03898649
v -0.00012916 -0.00230347 -0.03891423
v -0.00007228 -0.00226487 -0.03885811
v -0.00030323 -0.00235456 -0.03867251
v -0.00028206 -0.00229007 -0.03859272
v -0.00021196 -0.00225241 -0.03852856
v -0.00011290 -0.00223271 -0.03848963
v -0.00045491 -0.00263434 -0.03820477
v -0.00049603 -0.00252928 -0.03810138
v -0.00045731 -0.00246026 -0.03801092
v -0.00035885 -0.00242178 -0.03793319
v -0.00054670 -0.00269331 -0.03787320
v -0.00057560 -0.00244804 -0.03753796
v -0.00049687 -0.00261060 -0.03778272
v -0.00046779 -0.00257088 -0.03755081
v -0.00038093 -0.00256635 -0.03769730
v -0.00039278 -0.00234300 -0.03828247
v -0.00022075 -0.00240835 -0.03786805
v -0.00021400 -0.00255463 -0.03761443
v -0.00003784 -0.00240219 -0.03780453
v -0.00030860 -0.00230587 -0.03821060
v -0.00019361 -0.00228819 -0.03815949
v -0.00003872 -0.00227470 -0.03811600
v -0.00006015 -0.00229667 -0.03762773
v -0.00013956 -0.00216827 -0.03762930
v -0.00023543 -0.00195266 -0.03757014
v -0.00107324 -0.00019334 -0.03757985
v -0.00109870 -0.00005335 -0.03753739
v -0.00099005 -0.00039725 -0.03753988
v -0.00077123 -0.00004727 -0.03773714
v -0.00086093 -0.00013053 -0.03753906
v -0.00083530 -0.00001136 -0.03760454
v -0.00028278 -0.00070795 -0.03752390
v -0.00048960 -0.00043152 -0.03762227
v -0.00065577 -0.00021312 -0.03770209
v -0.00046472 -0.00027777 -0.03755875
v -0.00045289 -0.00019510 -0.03762440
v -0.00040863 -0.00008956 -0.03768793
v -0.00002898 -0.00037181 -0.03755598
v -0.00033802 -0.00003587 -0.03785639
v -0.00019914 -0.00011053 -0.03752126
v -0.00015538 -0.00022308 -0.03778090
v -0.00003210 -0.00032510 -0.03760653
v -0.00000685 -0.00025108 -0.03766209
v -0.00227150 -0.00260611 -0.03672090
v -0.00242863 -0.00215291 -0.03673574
v -0.00257167 -0.00170817 -0.03682435
v -0.00177028 -0.00221104 -0.03687037
v -0.00164710 -0.00260921 -0.03701440
v -0.00191614 -0.00178826 -0.03687938
v -0.00204581 -0.00137296 -0.03696408
v -0.00148056 -0.00149310 -0.03702970
v -0.00265729 -0.00130791 -0.03687115
v -0.00271295 -0.00095426 -0.03691314
v -0.00212040 -0.00099724 -0.03704713
v -0.00276609 -0.00064935 -0.03698731
v -0.00277695 -0.00037425 -0.03705966
v -0.00270580 -0.00011004 -0.03709619
v -0.00228633 -0.00040087 -0.03716207
v -0.00211942 -0.00061168 -0.03713446
v -0.00232080 -0.00019929 -0.03722287
v -0.00225528 -0.00003522 -0.03725959
v -0.00161577 -0.00111339 -0.03711733
v -0.00169791 -0.00077015 -0.03721297
v -0.00196262 -0.00024370 -0.03719832
v -0.00199054 -0.00013864 -0.03723603
v -0.00193113 -0.00006546 -0.03725656
v -0.00184376 -0.00031056 -0.03719124
v -0.00174471 -0.00016978 -0.03716570
v -0.00177649 -0.00004398 -0.03727651
v -0.00170881 -0.00048239 -0.03727519
v -0.00148679 -0.00035191 -0.03706863
v -0.00165590 -0.00022736 -0.03714974
v -0.00173496 -0.00020814 -0.03714839
v -0.00163034 -0.00026911 -0.03726260
v -0.00168711 -0.00014798 -0.03717118
v -0.00150553 -0.00019176 -0.03720025
v -0.00151872 -0.00009400 -0.03731245
v -0.00156083 -0.00015342 -0.03718495
v -0.00154184 -0.00027022 -0.03707848
v -0.00154337 -0.00032446 -0.03706462
v -0.00147698 -0.00022999 -0.03708754
v -0.00109835 -0.00256053 -0.03732518
v -0.00121229 -0.00224723 -0.03715306
v -0.00070140 -0.00205315 -0.03698576
v -0.00133262 -0.00188061 -0.03701872
v -0.00079360 -0.00193149 -0.03729632
v -0.00071160 -0.00196004 -0.03690497
v -0.00081844 -0.00184881 -0.03693884
v -0.00072123 -0.00182894 -0.03700524
v -0.00086893 -0.00174181 -0.03689453
v -0.00091783 -0.00158696 -0.03716773
v -0.00097800 -0.00155933 -0.03691650
v -0.00088784 -0.00168301 -0.03693491
v -0.00095600 -0.00140307 -0.03696734
v -0.00091300 -0.00150525 -0.03687609
v -0.00083772 -0.00162208 -0.03696499
v -0.00054894 -0.00273053 -0.03738987
v -0.00054865 -0.00255330 -0.03714848
v -0.00039308 -0.00270581 -0.03750388
v -0.00036926 -0.00258390 -0.03751148
v -0.00050257 -0.00272135 -0.03715118
v -0.00048067 -0.00259408 -0.03731496
v -0.00047210 -0.00243443 -0.03723154
v -0.00047014 -0.00246677 -0.03699507
v -0.00068633 -0.00223003 -0.03745808
v -0.00052380 -0.00224062 -0.03714895
v -0.00060342 -0.00228459 -0.03705652
v -0.00058892 -0.00222355 -0.03695138
v -0.00036543 -0.00237659 -0.03689739
v -0.00043504 -0.00216209 -0.03684945
v -0.00019302 -0.00268845 -0.03739776
v -0.00029732 -0.00252442 -0.03744621
v -0.00026930 -0.00242977 -0.03738121
v -0.00032454 -0.00262415 -0.03699738
v -0.00020522 -0.00271968 -0.03701116
v -0.00016953 -0.00248158 -0.03685348
v -0.00028446 -0.00229944 -0.03731446
v -0.00034209 -0.00213292 -0.03724392
v -0.00009646 -0.00220481 -0.03676671
v -0.00043170 -0.00193886 -0.03717041
v -0.00061408 -0.00203225 -0.03707193
v -0.00054284 -0.00172593 -0.03709472
v -0.00059883 -0.00175559 -0.03682264
v -0.00066957 -0.00149453 -0.03704440
v -0.00005030 -0.00200277 -0.03735672
v -0.00013636 -0.00181449 -0.03728810
v -0.00006428 -0.00180340 -0.03673526
v -0.00034545 -0.00164764 -0.03742916
v -0.00024880 -0.00158348 -0.03720829
v -0.00107942 -0.00123100 -0.03718735
v -0.00106491 -0.00132385 -0.03692521
v -0.00106692 -0.00115332 -0.03698792
v -0.00123429 -0.00088847 -0.03728115
v -0.00115876 -0.00099783 -0.03693890
v -0.00116132 -0.00085424 -0.03700240
v -0.00108790 -0.00078479 -0.03691253
v -0.00099099 -0.00113643 -0.03688733
v -0.00080600 -0.00124508 -0.03704701
v -0.00093254 -0.00097872 -0.03707232
v -0.00102965 -0.00069656 -0.03709013
v -0.00075800 -0.00075385 -0.03687751
v -0.00133828 -0.00058427 -0.03737508
v -0.00111711 -0.00043265 -0.03712566
v -0.00130528 -0.00063468 -0.03696855
v -0.00125839 -0.00055676 -0.03703581
v -0.00136791 -0.00048943 -0.03698212
v -0.00134189 -0.00040422 -0.03699538
v -0.00118868 -0.00059978 -0.03693602
v -0.00110480 -0.00053604 -0.03693738
v -0.00138477 -0.00033752 -0.03742495
v -0.00137733 -0.00031178 -0.03711321
v -0.00136457 -0.00019681 -0.03722712
v -0.00136709 -0.00016736 -0.03738659
v -0.00124669 -0.00005222 -0.03744562
v -0.00130412 -0.00011484 -0.03729973
v -0.00121469 -0.00022101 -0.03720415
v -0.00120400 -0.00023738 -0.03715710
v -0.00110811 -0.00025191 -0.03729841
v -0.00119666 -0.00017066 -0.03737337
v -0.00107196 -0.00001013 -0.03744802
v -0.00136047 -0.00021522 -0.03710825
v -0.00126364 -0.00030890 -0.03701225
v -0.00113659 -0.00021774 -0.03703844
v -0.00104584 -0.00021967 -0.03711025
v -0.00085407 -0.00065725 -0.03745257
v -0.00079474 -0.00051573 -0.03721442
v -0.00100995 -0.00038211 -0.03695196
v -0.00099447 -0.00027488 -0.03723437
v -0.00089922 -0.00027694 -0.03726078
v -0.00099854 -0.00009653 -0.03734723
v -0.00080127 -0.00029251 -0.03739954
v -0.00084911 -0.00022910 -0.03746825
v -0.00071880 -0.00030616 -0.03734034
v -0.00086712 -0.00024650 -0.03719040
v -0.00073747 -0.00017369 -0.03717566
v -0.00091149 -0.00019849 -0.03697445
v -0.00089900 -0.00014767 -0.03709443
v -0.00094025 -0.00011153 -0.03703713
v -0.00081517 -0.00003053 -0.03705415
v -0.00081676 -0.00004565 -0.03699954
v -0.00075668 -0.00003997 -0.03709535
v -0.00053106 -0.00105742 -0.03715549
v -0.00048520 -0.00130223 -0.03731918
v -0.00038218 -0.00132577 -0.03715238
v -0.00062604 -0.00124209 -0.03683203
v -0.00067026 -0.00096551 -0.03735299
v -0.00067530 -0.00078515 -0.03718653
v -0.00007913 -0.00102848 -0.03748279
v -0.00003501 -0.00111809 -0.03728982
v -0.00003192 -0.00128689 -0.03675736
v -0.00019150 -0.00084221 -0.03728980
v -0.00003748 -0.00076349 -0.03679751
v -0.00035175 -0.00057391 -0.03732253
v -0.00065031 -0.00040712 -0.03689263
v -0.00061423 -0.00027632 -0.03729929
v -0.00063737 -0.00010174 -0.03742299
v -0.00060457 -0.00006686 -0.03717773
v -0.00044217 -0.00032901 -0.03749668
v -0.00050258 -0.00031822 -0.03736241
v -0.00038329 -0.00034025 -0.03744385
v -0.00050009 -0.00020923 -0.03728504
v -0.00037996 -0.00011063 -0.03728710
v -0.00061303 -0.00014015 -0.03691891
v -0.00001846 -0.00034632 -0.03747235
v -0.00011907 -0.00034140 -0.03682023
v -0.00029994 -0.00031514 -0.03740759
v -0.00020401 -0.00025736 -0.03739521
v -0.00010148 -0.00017053 -0.03739807
v -0.00022135 -0.00001435 -0.03684763
v -0.03350842 -0.02212642 0.01351332
v -0.02261729 -0.03345352 0.00869225
v -0.02261956 -0.03293782 0.01401781
v -0.03337765 -0.02238214 0.00807554
v -0.03136214 -0.02450827 0.00818209
v -0.02933900 -0.02662550 0.00828131
v -0.03144714 -0.02424468 0.01355462
v -0.02936236 -0.02630800 0.01358549
v -0.02727405 -0.02881122 0.00838930
v -0.02496797 -0.03098062 0.00850934
v -0.02722159 -0.02840604 0.01365612
v -0.02500750 -0.03061525 0.01379695
v -0.03144008 -0.02390891 0.01871932
v -0.03124433 -0.02340618 0.02361155
v -0.02929800 -0.02589447 0.01868405
v -0.02908922 -0.02532079 0.02351266
v -0.03055459 -0.02243927 0.02813897
v -0.02844049 -0.02428035 0.02796550
v -0.02708427 -0.02787010 0.01870333
v -0.02498152 -0.03008786 0.01883739
v -0.02258154 -0.03224133 0.01907912
v -0.02457777 -0.02909379 0.02353898
v -0.02396634 -0.02782453 0.02785351
v -0.02685030 -0.02718237 0.02346551
v -0.02622160 -0.02604097 0.02784349
v -0.02537443 -0.02464981 0.03179482
v -0.02753057 -0.02297229 0.03199349
v -0.02315210 -0.02630937 0.03171998
v -0.02430501 -0.02303888 0.03525746
v -0.03911655 -0.01501560 0.00765229
v -0.04097380 -0.01202862 0.00747612
v -0.03939117 -0.01484080 0.01331755
v -0.04115214 -0.01181227 0.01323386
v -0.03726375 -0.01771204 0.00781233
v -0.03535500 -0.02014934 0.00795465
v -0.03758009 -0.01757297 0.01340022
v -0.03567341 -0.02003836 0.01347165
v -0.03905320 -0.01438780 0.01870800
v -0.04070829 -0.01136680 0.01870909
v -0.03732727 -0.01709964 0.01872111
v -0.03677120 -0.01650631 0.02376509
v -0.03546301 -0.01957574 0.01872796
v -0.03350824 -0.02181035 0.01874190
v -0.03498174 -0.01894931 0.02372403
v -0.03429778 -0.01820531 0.02840820
v -0.03844268 -0.01382678 0.02381939
v -0.03740119 -0.01308494 0.02859013
v -0.03580614 -0.01569280 0.02846422
v -0.04262407 -0.00865345 0.00730860
v -0.04269492 -0.00840847 0.01315933
v -0.04400337 -0.00484924 0.00717103
v -0.04460185 -0.00071454 0.00708423
v -0.04400017 -0.00460415 0.01311088
v -0.04454674 -0.00048600 0.01308337
v -0.04212498 -0.00799865 0.01871813
v -0.04000150 -0.01085354 0.02391006
v -0.04139221 -0.00758397 0.02402056
v -0.04041509 -0.00715938 0.02896949
v -0.04330748 -0.00426052 0.01874442
v -0.04242794 -0.00394173 0.02409395
v -0.04398837 -0.00021724 0.01876980
v -0.04129926 -0.00362782 0.02907475
v -0.03890232 -0.01021897 0.02874508
v -0.03326543 -0.02133566 0.02369324
v -0.03249553 -0.02041432 0.02828320
v -0.03469989 -0.01481494 0.03284594
v -0.03617348 -0.01230676 0.03303277
v -0.03437523 -0.01126108 0.03695644
v -0.03941636 -0.00319866 0.03351801
v -0.03753050 -0.00955880 0.03322721
v -0.03868693 -0.00654366 0.03341453
v -0.03645083 -0.00581562 0.03732425
v -0.03553585 -0.00866107 0.03716943
v -0.03703021 -0.00270003 0.03739629
v -0.03387571 -0.00500949 0.04069881
v -0.03431125 -0.00215786 0.04070921
v -0.03141081 -0.01924451 0.03245849
v -0.03311165 -0.01711648 0.03265758
v -0.02956215 -0.02119709 0.03224002
v -0.02828443 -0.01971954 0.03585316
v -0.03002020 -0.01785308 0.03615458
v -0.03160221 -0.01582805 0.03643928
v -0.03305896 -0.01364040 0.03670982
v -0.03106189 -0.01228579 0.04004659
v -0.02976443 -0.01434847 0.03968485
v -0.02833268 -0.01626684 0.03930688
v -0.02636647 -0.02143154 0.03553255
v -0.02673885 -0.01804651 0.03891678
v -0.02495514 -0.01969308 0.03851862
v -0.02300956 -0.02123825 0.03816926
v -0.02335164 -0.01783097 0.04096425
v -0.02641798 -0.01456815 0.04189547
v -0.02768158 -0.01276616 0.04234088
v -0.02498431 -0.01625484 0.04143345
v -0.02307971 -0.01442136 0.04340575
v -0.02434582 -0.01283927 0.04390037
v -0.02543685 -0.01116950 0.04435403
v -0.03220037 -0.01005602 0.04035609
v -0.03315520 -0.00763640 0.04057730
v -0.02976038 -0.00878547 0.04310410
v -0.02880394 -0.01084414 0.04276028
v -0.03052623 -0.00657355 0.04332275
v -0.03107881 -0.00418887 0.04341125
v -0.03139543 -0.00161190 0.04336456
v -0.02822490 -0.00342911 0.04535532
v -0.02846615 -0.00111369 0.04529083
v -0.02638026 -0.00940846 0.04475490
v -0.02716664 -0.00754333 0.04507283
v -0.02778664 -0.00556127 0.04527784
v -0.02314692 -0.00964505 0.04574248
v -0.02393723 -0.00805792 0.04608684
v -0.02458667 -0.00639262 0.04635000
v -0.02510077 -0.00463675 0.04652922
v -0.02546187 -0.00274551 0.04659958
v -0.02565223 -0.00067411 0.04653624
v -0.02263296 -0.00383722 0.04716359
v -0.02293753 -0.00215338 0.04721260
v -0.02308256 -0.00030402 0.04714900
v -0.01694122 -0.03884709 0.00924243
v -0.01992101 -0.03606555 0.00893584
v -0.02010103 -0.03555722 0.01435976
v -0.01702596 -0.03806361 0.01479947
v -0.01325195 -0.04133232 0.00963411
v -0.01346409 -0.04053376 0.01535216
v -0.01995023 -0.03452976 0.01947818
v -0.01967071 -0.03323973 0.02422677
v -0.01698059 -0.03688662 0.02002419
v -0.01683425 -0.03542321 0.02484772
v -0.01356549 -0.03924536 0.02070671
v -0.01651424 -0.03367253 0.02919387
v -0.01348320 -0.03740961 0.02553185
v -0.01331650 -0.03539844 0.02991798
v -0.02220636 -0.03109845 0.02377782
v -0.02164049 -0.02968520 0.02806048
v -0.01920982 -0.03167717 0.02852919
v -0.00902686 -0.04317464 0.01006337
v -0.00933096 -0.04219647 0.01587405
v -0.00428323 -0.04363106 0.01048183
v -0.00467622 -0.04294720 0.01636799
v -0.00959431 -0.04086381 0.02134705
v -0.00971448 -0.03909022 0.02629187
v -0.00973305 -0.03687604 0.03072093
v -0.00509327 -0.04171667 0.02193034
v -0.00031192 -0.04174900 0.02241479
v -0.00549925 -0.04010801 0.02701550
v -0.00085786 -0.04003497 0.02748931
v -0.01301027 -0.03329390 0.03381398
v -0.02073340 -0.02786997 0.03173717
v -0.01838327 -0.02968681 0.03218551
v -0.01749659 -0.02765367 0.03543928
v -0.02213879 -0.02459142 0.03509258
v -0.01977020 -0.02601048 0.03503166
v -0.02093019 -0.02271376 0.03792558
v -0.01877249 -0.02417364 0.03792042
v -0.01752139 -0.02210333 0.04015527
v -0.01594791 -0.03163377 0.03298643
v -0.01518659 -0.02941051 0.03622795
v -0.01244548 -0.03087971 0.03706299
v -0.01173451 -0.02837430 0.03972039
v -0.01659199 -0.02567199 0.03828669
v -0.01428168 -0.02710635 0.03892107
v -0.01545003 -0.02347622 0.04047514
v -0.01328005 -0.02474925 0.04106458
v -0.01222866 -0.02236713 0.04265726
v -0.00966086 -0.03460190 0.03465354
v -0.00575966 -0.03787635 0.03149995
v -0.00585854 -0.03534702 0.03536677
v -0.00135374 -0.03788463 0.03201463
v -0.00174056 -0.03556487 0.03600430
v -0.00202187 -0.03283898 0.03925005
v -0.00934682 -0.03202625 0.03791270
v -0.00888699 -0.02933741 0.04053112
v -0.00583252 -0.03266974 0.03862179
v -0.00567557 -0.02985724 0.04119979
v -0.01093076 -0.02582490 0.04180288
v -0.01008760 -0.02327870 0.04332717
v -0.00833837 -0.02660799 0.04254468
v -0.00775793 -0.02391067 0.04398935
v -0.00219850 -0.02995231 0.04178033
v -0.00543909 -0.02700338 0.04314472
v -0.00230875 -0.02702039 0.04364607
v -0.00517449 -0.02420204 0.04450034
v -0.00239094 -0.02415874 0.04489812
v -0.02154138 -0.01931570 0.04054323
v -0.01957489 -0.02072816 0.04022579
v -0.01995372 -0.01733909 0.04239237
v -0.01812158 -0.01868640 0.04200004
v -0.02161104 -0.01591936 0.04288203
v -0.01829622 -0.01536976 0.04373948
v -0.01619297 -0.01997957 0.04185892
v -0.01424624 -0.02123695 0.04212289
v -0.01661036 -0.01664570 0.04328299
v -0.01482114 -0.01785746 0.04307432
v -0.01115594 -0.02000913 0.04375245
v -0.01301234 -0.01900599 0.04327922
v -0.01178003 -0.01683511 0.04399326
v -0.01508138 -0.01466331 0.04410925
v -0.01343980 -0.01579203 0.04384448
v -0.01208516 -0.01382747 0.04421531
v -0.01979492 -0.01402865 0.04427812
v -0.02110127 -0.01262626 0.04482837
v -0.02221010 -0.01116645 0.04531975
v -0.01912530 -0.01094975 0.04569604
v -0.01796484 -0.01222934 0.04515879
v -0.01661852 -0.01346907 0.04460741
v -0.01495836 -0.01167383 0.04503595
v -0.01357301 -0.01278087 0.04452044
v -0.01212354 -0.01103997 0.04455817
v -0.02092844 -0.00827936 0.04652447
v -0.02010481 -0.00963591 0.04615178
v -0.02162124 -0.00687163 0.04681254
v -0.01805717 -0.00823936 0.04647295
v -0.01718787 -0.00940147 0.04606884
v -0.01879130 -0.00704626 0.04679163
v -0.01941451 -0.00580792 0.04703316
v -0.01674539 -0.00591958 0.04663562
v -0.02218787 -0.00539638 0.04702320
v -0.01992482 -0.00450423 0.04720334
v -0.02032031 -0.00311504 0.04730789
v -0.02058112 -0.00161192 0.04733494
v -0.01729925 -0.00482509 0.04684987
v -0.01775206 -0.00366581 0.04700137
v -0.01832186 -0.00108039 0.04710720
v -0.01809990 -0.00242257 0.04708898
v -0.01615912 -0.01054684 0.04557096
v -0.01441602 -0.00900661 0.04556154
v -0.01609442 -0.00696854 0.04635976
v -0.01532507 -0.00799114 0.04600690
v -0.01422065 -0.00579569 0.04589265
v -0.01335347 -0.01002090 0.04506486
v -0.01181946 -0.00850782 0.04475349
v -0.01274831 -0.00759689 0.04519618
v -0.01354470 -0.00669693 0.04558498
v -0.01185455 -0.00549700 0.04487774
v -0.01116867 -0.00630593 0.04454067
v -0.01567856 -0.00286755 0.04647020
v -0.01479357 -0.00487082 0.04613585
v -0.01528088 -0.00389997 0.04633113
v -0.01598254 -0.00175798 0.04654478
v -0.01617157 -0.00056621 0.04655401
v -0.01397899 -0.00111945 0.04571337
v -0.01414209 -0.00007680 0.04570005
v -0.01336484 -0.00300948 0.04554553
v -0.01293870 -0.00387149 0.04537181
v -0.01243990 -0.00469309 0.04515201
v -0.01119470 -0.00294561 0.04434506
v -0.01371329 -0.00209587 0.04566281
v -0.01186455 -0.00138374 0.04457998
v -0.01156280 -0.00218459 0.04449077
v -0.01209436 -0.00053462 0.04460363
v -0.01079351 -0.01200795 0.04423270
v -0.00835284 -0.01112288 0.04397264
v -0.00710674 -0.01176474 0.04418624
v -0.00279278 -0.01094224 0.04411514
v -0.00152872 -0.01093215 0.04408619
v -0.00922396 -0.02078463 0.04434883
v -0.01009029 -0.01772436 0.04440356
v -0.00715196 -0.02129679 0.04492451
v -0.00835874 -0.01839157 0.04492332
v -0.00652681 -0.01881766 0.04540969
v -0.00588648 -0.01650799 0.04550213
v -0.01057694 -0.01477314 0.04431131
v -0.00904905 -0.01556345 0.04465686
v -0.00943061 -0.01286893 0.04427973
v -0.00750228 -0.01614392 0.04510022
v -0.00666488 -0.01408608 0.04492902
v -0.00804951 -0.01357696 0.04455870
v -0.00586397 -0.01221979 0.04448379
v -0.00487552 -0.02150988 0.04533571
v -0.00453585 -0.01898356 0.04571976
v -0.00415149 -0.01664905 0.04572339
v -0.00242527 -0.02142883 0.04562007
v -0.00239195 -0.01889210 0.04589538
v -0.00228164 -0.01656694 0.04580789
v -0.00010112 -0.01854607 0.04597839
v -0.00523506 -0.01440247 0.04525916
v -0.00371839 -0.01453227 0.04541756
v -0.00459199 -0.01250338 0.04474802
v -0.00325824 -0.01263081 0.04486165
v -0.00208508 -0.01447176 0.04544147
v -0.00026135 -0.01626151 0.04579955
v -0.00030535 -0.01421721 0.04536818
v -0.00182614 -0.01259676 0.04484970
v -0.00025905 -0.01239594 0.04473719
v -0.00957507 -0.01033503 0.04396464
v -0.00844009 -0.00881026 0.04347913
v -0.01037193 -0.00713219 0.04416107
v -0.00945400 -0.00798808 0.04375932
v -0.00900781 -0.00587648 0.04331704
v -0.00735540 -0.00953543 0.04346422
v -0.00623577 -0.01012659 0.04361666
v -0.00736133 -0.00740661 0.04277295
v -0.00823090 -0.00665594 0.04299753
v -0.00640841 -0.00807102 0.04274661
v -0.00631152 -0.00609700 0.04184295
v -0.01026553 -0.00439488 0.04391261
v -0.01076588 -0.00367528 0.04415197
v -0.00968277 -0.00512570 0.04362820
v -0.00921225 -0.00275683 0.04290666
v -0.00878854 -0.00339413 0.04271689
v -0.00988642 -0.00145626 0.04316469
v -0.01014062 -0.00076413 0.04322257
v -0.01033365 -0.00003114 0.04322459
v -0.00957549 -0.00211724 0.04305725
v -0.00836581 -0.00083340 0.04164047
v -0.00857634 -0.00024244 0.04166489
v -0.00596960 -0.00429944 0.04083204
v -0.00654243 -0.00368216 0.04100114
v -0.00772403 -0.00472321 0.04225065
v -0.00706067 -0.00542308 0.04201175
v -0.00829623 -0.00404824 0.04249197
v -0.00702983 -0.00308497 0.04117794
v -0.00703100 -0.00032489 0.03999137
v -0.00590433 -0.00224737 0.03973199
v -0.00625767 -0.00175021 0.03984285
v -0.00568740 -0.00030088 0.03835731
v -0.00681630 -0.00080393 0.03997052
v -0.00656009 -0.00127405 0.03992167
v -0.00810729 -0.00139910 0.04157640
v -0.00780247 -0.00195175 0.04147643
v -0.00744534 -0.00250811 0.04134285
v -0.00511702 -0.01054680 0.04383855
v -0.00541004 -0.00861725 0.04284594
v -0.00440415 -0.00901338 0.04299834
v -0.00397681 -0.01081302 0.04403599
v -0.00337885 -0.00927243 0.04313575
v -0.00382556 -0.00586139 0.04071355
v -0.00302749 -0.00620854 0.04077438
v -0.00460303 -0.00719145 0.04187005
v -0.00548202 -0.00669415 0.04181203
v -0.00370546 -0.00756583 0.04196825
v -0.00232230 -0.00940747 0.04319001
v -0.00014842 -0.01078047 0.04395945
v -0.00120308 -0.00942072 0.04315800
v -0.00220855 -0.00645744 0.04083496
v -0.00137495 -0.00660595 0.04086515
v -0.00050822 -0.00666052 0.04085077
v -0.00278744 -0.00782269 0.04205991
v -0.00184712 -0.00796744 0.04209825
v -0.00085949 -0.00800527 0.04207212
v -0.00452975 -0.00020677 0.03689772
v -0.00431708 -0.00055541 0.03691316
v -0.00334050 -0.00161313 0.03675150
v -0.00287836 -0.00195338 0.03668680
v -0.00357117 -0.00011958 0.03568885
v -0.00298476 -0.00010307 0.03500419
v -0.00339864 -0.00041881 0.03574759
v -0.00309980 -0.00065917 0.03564588
v -0.00406168 -0.00090346 0.03688526
v -0.00374300 -0.00125476 0.03682706
v -0.00068654 -0.00284952 0.03669910
v -0.00012532 -0.00292741 0.03671997
v -0.00180933 -0.00059364 0.03439806
v -0.00118153 -0.00082302 0.03430500
v -0.00125455 -0.00004745 0.03335900
v -0.00057883 -0.00086086 0.03415930
v -0.00000880 -0.00100307 0.03421174
v -0.00041157 -0.00003733 0.03303745
v -0.00188438 -0.00146093 0.03548063
v -0.00141648 -0.00159704 0.03539847
v -0.00238078 -0.00225034 0.03666097
v -0.00184552 -0.00250151 0.03666184
v -0.00270475 -0.00092753 0.03552948
v -0.00227809 -0.00120205 0.03545538
v -0.00266277 -0.00017302 0.03473256
v -0.00221871 -0.00034477 0.03448585
v -0.00159141 -0.00089493 0.03460319
v -0.00086281 -0.00173039 0.03536517
v -0.00031187 -0.00185152 0.03538762
v -0.00127035 -0.00270439 0.03667715
v -0.00531856 -0.00489278 0.04071208
v -0.00459657 -0.00541811 0.04068269
v -0.00548485 -0.00276310 0.03960762
v -0.00498399 -0.00329499 0.03948838
v -0.00441031 -0.00380529 0.03940315
v -0.00377240 -0.00425625 0.03938083
v -0.00308849 -0.00463930 0.03940089
v -0.00359437 -0.00282775 0.03802509
v -0.00302774 -0.00320237 0.03800682
v -0.00491615 -0.00152400 0.03826435
v -0.00455160 -0.00195699 0.03817974
v -0.00547316 -0.00070023 0.03835719
v -0.00521757 -0.00110459 0.03832892
v -0.00410667 -0.00240210 0.03809134
v -0.00237677 -0.00494591 0.03944270
v -0.00164814 -0.00517033 0.03948734
v -0.00241932 -0.00352080 0.03802075
v -0.00178163 -0.00377788 0.03805103
v -0.00091350 -0.00530680 0.03951590
v -0.00015959 -0.00536119 0.03951615
v -0.00113217 -0.00396610 0.03808583
v -0.00048841 -0.00407796 0.03811328
v -0.01074616 -0.00944194 0.04428396
v -0.00750621 -0.00001136 0.05360020
v -0.00721692 -0.00064253 0.05358010
v -0.00627284 -0.00166037 0.05403081
v -0.00597720 -0.00020082 0.05159506
v -0.00638679 -0.00070802 0.05273046
v -0.00679260 -0.00121346 0.05373139
v -0.00677983 -0.00021012 0.05259726
v -0.00591613 -0.00109432 0.05298797
v -0.00714614 -0.00161075 0.05449942
v -0.00736208 -0.00182940 0.05505346
v -0.00735511 -0.00179896 0.05541231
v -0.00725720 -0.00165347 0.05563577
v -0.00706293 -0.00137677 0.05597670
v -0.00776392 -0.00121969 0.05491000
v -0.00771364 -0.00126428 0.05530244
v -0.00767873 -0.00074533 0.05570470
v -0.00784473 -0.00031922 0.05437526
v -0.00803059 -0.00011815 0.05559095
v -0.00800867 -0.00055089 0.05495777
v -0.00794559 -0.00067232 0.05536985
v -0.00757165 -0.00099575 0.05434348
v -0.00746520 -0.00126985 0.05562368
v -0.00779540 -0.00024802 0.05589948
v -0.00767038 -0.00026670 0.05599063
v -0.00777442 -0.00010625 0.05596740
v -0.00776055 -0.00001260 0.05601225
v -0.00723135 -0.00083175 0.05605537
v -0.00752993 -0.00055353 0.05594171
v -0.00766231 -0.00013860 0.05604388
v -0.00765703 -0.00005310 0.05607967
v -0.00754418 -0.00009725 0.05615314
v -0.00753827 -0.00001612 0.05619426
v -0.00745765 -0.00019763 0.05618348
v -0.00735790 -0.00031338 0.05621847
v -0.00740787 -0.00006965 0.05628341
v -0.00716831 -0.00048187 0.05625744
v -0.00659788 -0.00208043 0.05482942
v -0.00682562 -0.00227920 0.05539106
v -0.00689036 -0.00218132 0.05572305
v -0.00600605 -0.00232153 0.05527216
v -0.00571641 -0.00189588 0.05444240
v -0.00638946 -0.00237297 0.05613203
v -0.00692512 -0.00185708 0.05589504
v -0.00648957 -0.00201101 0.05626291
v -0.00659529 -0.00149393 0.05632726
v -0.00624496 -0.00250230 0.05583500
v -0.00571056 -0.00243195 0.05629745
v -0.00592256 -0.00233554 0.05653661
v -0.00607340 -0.00201659 0.05660936
v -0.00615065 -0.00153023 0.05664117
v -0.00578825 -0.00189764 0.05680995
v -0.00575150 -0.00154387 0.05690382
v -0.00670959 -0.00091353 0.05639093
v -0.00683548 -0.00036160 0.05651974
v -0.00634556 -0.00044007 0.05677513
v -0.00621961 -0.00097265 0.05668033
v -0.00579078 -0.00100467 0.05695141
v -0.00593574 -0.00048244 0.05702341
v -0.00612167 -0.00011808 0.05706721
v -0.00565364 -0.00042232 0.05730333
v -0.00521182 -0.00005714 0.05059611
v -0.00496743 -0.00011368 0.05073839
v -0.00555379 -0.00051551 0.05180751
v -0.00528552 -0.00060273 0.05198700
v -0.00515015 -0.00050228 0.05216052
v -0.00495534 -0.00062464 0.05224033
v -0.00463163 -0.00011140 0.05096370
v -0.00441098 -0.00005251 0.05113317
v -0.00528690 -0.00101727 0.05280724
v -0.00494941 -0.00121827 0.05377506
v -0.00470722 -0.00057059 0.05245740
v -0.00439522 -0.00030759 0.05280630
v -0.00518208 -0.00183264 0.05493012
v -0.00474726 -0.00152002 0.05542018
v -0.00544976 -0.00225077 0.05576641
v -0.00557204 -0.00207393 0.05687879
v -0.00530451 -0.00210826 0.05672729
v -0.00501040 -0.00191777 0.05625093
v -0.00542031 -0.00159307 0.05710059
v -0.00510896 -0.00157134 0.05707346
v -0.00476936 -0.00137220 0.05666441
v -0.00457260 -0.00093256 0.05420557
v -0.00435667 -0.00048851 0.05456226
v -0.00545247 -0.00100512 0.05723209
v -0.00513720 -0.00092629 0.05729756
v -0.00540251 -0.00027821 0.05736123
v -0.00508569 -0.00006867 0.05694320
v -0.00448932 -0.00100736 0.05583886
v -0.00477749 -0.00072039 0.05692311
v -0.00448176 -0.00039690 0.05608671
v -0.03524458 0.00159930 -0.02917185
v -0.03459978 0.00512150 -0.02898360
v -0.03759596 0.00202476 -0.02373006
v -0.03677364 0.00569100 -0.02349106
v -0.03549002 0.00934439 -0.02312278
v -0.03369056 0.01291118 -0.02266139
v -0.03004659 0.00075447 -0.03845414
v -0.02949567 0.00383556 -0.03822907
v -0.02831315 0.00679273 -0.03765503
v -0.02714119 0.00030589 -0.04187757
v -0.02668685 0.00314296 -0.04164431
v -0.02379357 0.00241932 -0.04403557
v -0.02289551 0.00485858 -0.04331847
v -0.02562616 0.00584135 -0.04098278
v -0.02669224 0.00965488 -0.03696855
v -0.02415415 0.00844768 -0.04019958
v -0.03273792 0.00118074 -0.03414939
v -0.03212003 0.00448629 -0.03393817
v -0.03086227 0.00768395 -0.03344127
v -0.03330793 0.00855206 -0.02855518
v -0.02914165 0.01078753 -0.03284107
v -0.02246586 0.01100855 -0.03960136
v -0.02482617 0.01245090 -0.03640614
v -0.02280400 0.01519404 -0.03601206
v -0.03152838 0.01189185 -0.02803054
v -0.02942045 0.01514173 -0.02755362
v -0.03170967 0.01649705 -0.02231832
v -0.02933105 0.01992489 -0.02198437
v -0.02713516 0.01381083 -0.03231989
v -0.02498636 0.01680201 -0.03195348
v -0.02273092 0.01972131 -0.03173987
v -0.02713984 0.01835029 -0.02719971
v -0.02473317 0.02147774 -0.02696861
v -0.03976365 0.00243240 -0.01791201
v -0.04154852 0.00276572 -0.01176159
v -0.04093006 0.00691166 -0.01165942
v -0.03896220 0.00631465 -0.01771442
v -0.03767280 0.01019653 -0.01740071
v -0.04312261 0.00309332 -0.00549231
v -0.04414728 0.00340301 0.00082493
v -0.04244586 0.00741884 -0.00541693
v -0.04342497 0.00781615 0.00088929
v -0.03958965 0.01098652 -0.01139165
v -0.03585016 0.01398474 -0.01699532
v -0.03785352 0.01504595 -0.01111608
v -0.03382458 0.01779175 -0.01670064
v -0.03558708 0.01894079 -0.01078723
v -0.04125182 0.01171002 -0.00525857
v -0.03923926 0.01585048 -0.00497184
v -0.04212744 0.01220192 0.00101310
v -0.04010950 0.01646265 0.00122221
v -0.03691997 0.01989375 -0.00469802
v -0.03774613 0.02060018 0.00144710
v -0.03136842 0.02142235 -0.01638856
v -0.02662720 0.02311048 -0.02164938
v -0.02391549 0.02627348 -0.02149166
v -0.03431709 0.02380673 -0.00444991
v -0.03508085 0.02457336 0.00166555
v -0.02853057 0.02477433 -0.01605617
v -0.03305393 0.02273511 -0.01051109
v -0.03024223 0.02634403 -0.01027534
v -0.02565402 0.02809054 -0.01589427
v -0.02255700 0.03117891 -0.01578002
v -0.02705555 0.02961382 -0.01003234
v -0.03137986 0.02747434 -0.00422813
v -0.02805730 0.03078226 -0.00399171
v -0.03203486 0.02824098 0.00187521
v -0.02859416 0.03151217 0.00207110
v -0.02382784 0.03283241 -0.00991377
v -0.02473587 0.03405606 -0.00387519
v -0.02518593 0.03476455 0.00222630
v -0.02091587 0.00167548 -0.04525450
v -0.02021539 0.00387320 -0.04455605
v -0.01815233 0.00100569 -0.04559430
v -0.01765991 0.00298129 -0.04493512
v -0.01685311 0.00489738 -0.04411428
v -0.02161505 0.00721280 -0.04246890
v -0.02012506 0.00953775 -0.04183904
v -0.01916253 0.00599715 -0.04371125
v -0.01787467 0.00809250 -0.04305266
v -0.01560160 0.00050421 -0.04534819
v -0.01530317 0.00227895 -0.04469527
v -0.01474318 0.00401017 -0.04386564
v -0.01337487 0.00014567 -0.04463558
v -0.01324146 0.00174332 -0.04398162
v -0.01157114 0.00135152 -0.04293930
v -0.01290289 0.00331260 -0.04315125
v -0.01140231 0.00278178 -0.04215705
v -0.01226921 0.00487232 -0.04250927
v -0.01577830 0.00678312 -0.04343645
v -0.01642419 0.01015683 -0.04268390
v -0.01451395 0.00863098 -0.04307433
v -0.01389951 0.00571994 -0.04318462
v -0.01283422 0.00737881 -0.04286162
v -0.01138194 0.00636551 -0.04226220
v -0.01313859 0.01043344 -0.04320062
v -0.01160942 0.00895732 -0.04310609
v -0.01848911 0.01183110 -0.04147215
v -0.01677068 0.01409050 -0.04141150
v -0.02063295 0.01352854 -0.03922089
v -0.01872720 0.01601221 -0.03909095
v -0.02071483 0.01789755 -0.03583059
v -0.01674777 0.01841856 -0.03918858
v -0.01854071 0.02050964 -0.03582636
v -0.01488342 0.01218771 -0.04270857
v -0.01498229 0.01627717 -0.04163718
v -0.01168244 0.01214361 -0.04373746
v -0.01327232 0.01414143 -0.04308943
v -0.01161078 0.01597429 -0.04378922
v -0.01313638 0.01835233 -0.04212926
v -0.01469394 0.02070659 -0.03949080
v -0.01023933 0.00107069 -0.04174119
v -0.01017996 0.00237674 -0.04102669
v -0.01091821 0.00420964 -0.04162250
v -0.00919314 0.00086792 -0.04056017
v -0.00917430 0.00205650 -0.03990383
v -0.00978299 0.00368246 -0.04062513
v -0.00879996 0.00324138 -0.03961794
v -0.00909204 0.00489681 -0.04062086
v -0.00830351 0.00071806 -0.03943232
v -0.00744138 0.00059598 -0.03839371
v -0.00827467 0.00179628 -0.03883373
v -0.00737038 0.00157128 -0.03786165
v -0.00697900 0.00254537 -0.03772262
v -0.00656232 0.00051812 -0.03755257
v -0.00562182 0.00050097 -0.03701709
v -0.00643439 0.00138606 -0.03712196
v -0.00604903 0.00225072 -0.03702263
v -0.00789126 0.00286835 -0.03863806
v -0.00724216 0.00384991 -0.03880624
v -0.00813744 0.00433266 -0.03971592
v -0.00725406 0.00524045 -0.04021119
v -0.00635812 0.00343459 -0.03792041
v -0.00641628 0.00465654 -0.03929917
v -0.00559860 0.00415528 -0.03839879
v -0.01015404 0.00555630 -0.04149244
v -0.01028264 0.00773521 -0.04261657
v -0.00914500 0.00674299 -0.04192366
v -0.01027724 0.01041605 -0.04377336
v -0.00904917 0.00895538 -0.04337224
v -0.00815071 0.00592871 -0.04109824
v -0.00706841 0.00677651 -0.04187311
v -0.00799070 0.00775827 -0.04270917
v -0.00624891 0.00596190 -0.04095304
v -0.00595459 0.00743858 -0.04276135
v -0.00775930 0.00999996 -0.04432903
v -0.00639932 0.01090851 -0.04516070
v -0.00679079 0.00859075 -0.04364200
v -0.00543969 0.00124518 -0.03674903
v -0.00468168 0.00050146 -0.03672753
v -0.00446872 0.00110542 -0.03659149
v -0.00508721 0.00196270 -0.03668911
v -0.00461134 0.00261758 -0.03681891
v -0.00396332 0.00000515 -0.03677158
v -0.00380367 0.00047654 -0.03662409
v -0.00360390 0.00092360 -0.03649795
v -0.00319202 0.00009861 -0.03685751
v -0.00305409 0.00043280 -0.03670549
v -0.00336586 0.00133067 -0.03646071
v -0.00289338 0.00074055 -0.03655611
v -0.00416798 0.00166233 -0.03655686
v -0.00379538 0.00217504 -0.03662764
v -0.00308422 0.00171824 -0.03650899
v -0.00336683 0.00264638 -0.03680782
v -0.00480991 0.00367998 -0.03763183
v -0.00549407 0.00527927 -0.03999708
v -0.00476582 0.00469352 -0.03905340
v -0.00345608 0.00360058 -0.03754885
v -0.00282778 0.00386661 -0.03806156
v -0.00392518 0.00503533 -0.03977986
v -0.00310103 0.00531504 -0.04039252
v -0.00408091 0.00415161 -0.03820849
v -0.00334399 0.00443404 -0.03885266
v -0.00548222 0.00303954 -0.03720808
v -0.00405912 0.00317389 -0.03712006
v -0.00288776 0.00303772 -0.03708247
v -0.00119343 0.00023282 -0.03754422
v -0.00109486 0.00039911 -0.03757697
v -0.00082595 0.00007148 -0.03770121
v -0.00081901 0.00011344 -0.03761966
v -0.00077438 0.00012906 -0.03766295
v -0.00094504 0.00056971 -0.03757425
v -0.00054964 0.00020568 -0.03786425
v -0.00055527 0.00024693 -0.03778921
v -0.00068029 0.00029139 -0.03771258
v -0.00047575 0.00010327 -0.03789408
v -0.00036420 0.00008079 -0.03759411
v -0.00048819 0.00020261 -0.03769129
v -0.00055078 0.00046055 -0.03773006
v -0.00038357 0.00062142 -0.03769202
v -0.00018890 0.00028021 -0.03805552
v -0.00004432 0.00015993 -0.03801801
v -0.00033782 0.00003882 -0.03774680
v -0.00024635 0.00019002 -0.03779846
v -0.00009285 0.00029357 -0.03777615
v -0.00027135 0.00037015 -0.03802904
v -0.00028445 0.00041157 -0.03795984
v -0.00001024 0.00062860 -0.03813470
v -0.00022100 0.00038628 -0.03786917
v -0.00013602 0.00035016 -0.03782605
v -0.00000868 0.00050538 -0.03781272
v -0.00020694 0.00076579 -0.03761622
v -0.00004910 0.00088542 -0.03752040
v -0.00259807 0.00014106 -0.03707406
v -0.00249923 0.00037682 -0.03697042
v -0.00238524 0.00059714 -0.03685363
v -0.00223202 0.00080191 -0.03679201
v -0.00271062 0.00102482 -0.03650448
v -0.00249208 0.00131017 -0.03653340
v -0.00206549 0.00011303 -0.03730931
v -0.00205705 0.00030008 -0.03725896
v -0.00198324 0.00047353 -0.03720161
v -0.00184801 0.00063801 -0.03714862
v -0.00162587 0.00004497 -0.03738362
v -0.00164550 0.00019402 -0.03741115
v -0.00159118 0.00034986 -0.03741112
v -0.00147653 0.00050920 -0.03739963
v -0.00203320 0.00101384 -0.03677132
v -0.00178237 0.00125565 -0.03677733
v -0.00165434 0.00080840 -0.03709078
v -0.00140522 0.00099953 -0.03701885
v -0.00222402 0.00162121 -0.03662567
v -0.00237237 0.00246033 -0.03681734
v -0.00275365 0.00210680 -0.03663943
v -0.00190664 0.00193114 -0.03672444
v -0.00148732 0.00151288 -0.03677479
v -0.00154016 0.00221318 -0.03677289
v -0.00124482 0.00008232 -0.03750151
v -0.00130227 0.00067300 -0.03735978
v -0.00074950 0.00004892 -0.03751782
v -0.00071916 0.00005569 -0.03703753
v -0.00106910 0.00084225 -0.03727470
v -0.00111894 0.00120732 -0.03693287
v -0.00073990 0.00073311 -0.03751053
v -0.00080605 0.00101622 -0.03716319
v -0.00046750 0.00006356 -0.03718422
v -0.00061208 0.00008482 -0.03709875
v -0.00058187 0.00006212 -0.03696124
v -0.00053579 0.00019047 -0.03701875
v -0.00045378 0.00023565 -0.03709058
v -0.00025738 0.00001374 -0.03729500
v -0.00032378 0.00021897 -0.03718159
v -0.00013376 0.00016174 -0.03729659
v -0.00001046 0.00033127 -0.03727971
v -0.00028890 0.00022394 -0.03690180
v -0.00017097 0.00040075 -0.03715626
v -0.00002721 0.00059003 -0.03711468
v -0.00027032 0.00042148 -0.03705681
v -0.00030936 0.00037028 -0.03697433
v -0.00000417 0.00043563 -0.03683267
v -0.00008755 0.00058430 -0.03691061
v -0.00009287 0.00062628 -0.03700291
v -0.00051369 0.00088668 -0.03740967
v -0.00054213 0.00119422 -0.03704407
v -0.00030067 0.00102777 -0.03729547
v -0.00011476 0.00112839 -0.03718726
v -0.00029957 0.00132004 -0.03694234
v -0.00010052 0.00133747 -0.03688299
v -0.00115584 0.00177107 -0.03672848
v -0.00081377 0.00142768 -0.03683285
v -0.00083542 0.00201631 -0.03664505
v -0.00116496 0.00246895 -0.03676243
v -0.00082137 0.00270011 -0.03668449
v -0.00047593 0.00161951 -0.03669778
v -0.00017284 0.00151248 -0.03669058
v -0.00000051 0.00141242 -0.03669592
v -0.00000078 0.00153310 -0.03658426
v -0.00015096 0.00166988 -0.03655350
v -0.00034290 0.00188063 -0.03653305
v -0.00019380 0.00202376 -0.03644027
v -0.00007398 0.00177291 -0.03648012
v -0.00057354 0.00223471 -0.03653114
v -0.00003005 0.00207403 -0.03641834
v -0.00033570 0.00240346 -0.03642514
v -0.00008738 0.00249975 -0.03636540
v -0.00220372 0.00408971 -0.03848708
v -0.00183003 0.00354516 -0.03772612
v -0.00262335 0.00466610 -0.03938688
v -0.00194313 0.00498664 -0.03963369
v -0.00161347 0.00438759 -0.03865427
v -0.00132273 0.00382268 -0.03780659
v -0.00128785 0.00536130 -0.03962621
v -0.00104178 0.00472488 -0.03860892
v -0.00082757 0.00411458 -0.03772870
v -0.00033043 0.00439245 -0.03754308
v -0.00047337 0.00506622 -0.03839683
v -0.00236360 0.00331041 -0.03743665
v -0.00193858 0.00274277 -0.03700802
v -0.00149013 0.00299173 -0.03713701
v -0.00106490 0.00324481 -0.03712982
v -0.00049053 0.00289609 -0.03657500
v -0.00015355 0.00304635 -0.03646987
v -0.00064916 0.00348572 -0.03703012
v -0.00022920 0.00369820 -0.03688160
v -0.00522105 0.00649413 -0.04179073
v -0.00419269 0.00694218 -0.04250719
v -0.00482448 0.00800504 -0.04351894
v -0.00362729 0.00606442 -0.04145046
v -0.00318595 0.00741108 -0.04288536
v -0.00554999 0.00930970 -0.04444192
v -0.00427299 0.00998443 -0.04482874
v -0.00297327 0.01058994 -0.04484617
v -0.00369335 0.00856603 -0.04390190
v -0.00273323 0.00646343 -0.04180974
v -0.00219369 0.00788533 -0.04294005
v -0.00186383 0.00689398 -0.04186495
v -0.00100905 0.00734391 -0.04162302
v -0.00012759 0.00772897 -0.04125080
v -0.00256049 0.00909863 -0.04394065
v -0.00142516 0.00957990 -0.04366558
v -0.00120870 0.00834947 -0.04268609
v -0.00020267 0.00873921 -0.04228399
v -0.00027412 0.00996571 -0.04324075
v -0.00455599 0.00570914 -0.04078021
v -0.00231767 0.00566693 -0.04070568
v -0.00156188 0.00606848 -0.04073595
v -0.00082037 0.00649713 -0.04049988
v -0.00064202 0.00575571 -0.03939754
v -0.00004421 0.00686249 -0.04015921
v -0.00888975 0.01171556 -0.04471879
v -0.01017571 0.01371464 -0.04460697
v -0.00854228 0.01509726 -0.04539812
v -0.00740263 0.01285385 -0.04555982
v -0.00577150 0.01382889 -0.04591387
v -0.00670598 0.01624219 -0.04569988
v -0.00980068 0.01759028 -0.04443444
v -0.01112226 0.02017521 -0.04257830
v -0.00882925 0.02160508 -0.04267490
v -0.00774388 0.01889342 -0.04465163
v -0.00495549 0.01172060 -0.04554101
v -0.00346165 0.01241187 -0.04552878
v -0.00405527 0.01461699 -0.04586068
v -0.00166430 0.01110126 -0.04453793
v -0.00195165 0.01295798 -0.04518284
v -0.00034662 0.01148094 -0.04410306
v -0.00043885 0.01333084 -0.04474724
v -0.00231283 0.01519447 -0.04547999
v -0.00056945 0.01556134 -0.04504959
v -0.00474790 0.01712706 -0.04560338
v -0.00553330 0.01986380 -0.04451842
v -0.00326190 0.02048152 -0.04411247
v -0.00274914 0.01772942 -0.04519974
v -0.00074648 0.01809128 -0.04478192
v -0.00097796 0.02083950 -0.04371601
v -0.01626377 0.02297856 -0.03596400
v -0.01245147 0.02269430 -0.03973923
v -0.01377902 0.02510095 -0.03603461
v -0.02036806 0.02252510 -0.03165896
v -0.01782612 0.02510970 -0.03163901
v -0.02218894 0.02446477 -0.02683672
v -0.01942432 0.02719143 -0.02673022
v -0.02095542 0.02916292 -0.02135607
v -0.01791644 0.03184216 -0.02131041
v -0.01509560 0.02734851 -0.03158186
v -0.01206252 0.02902261 -0.03131223
v -0.01645636 0.02955594 -0.02660059
v -0.01319723 0.03136301 -0.02632420
v -0.00635926 0.02263986 -0.04248780
v -0.00990612 0.02419970 -0.03967546
v -0.01098154 0.02667348 -0.03582927
v -0.00717354 0.02526783 -0.03939351
v -0.00799636 0.02778704 -0.03546739
v -0.00381425 0.02327743 -0.04208580
v -0.00124939 0.02364531 -0.04171198
v -0.00436939 0.02594377 -0.03898736
v -0.00154626 0.02634801 -0.03862992
v -0.00494853 0.02853252 -0.03506839
v -0.00188415 0.02899996 -0.03473073
v -0.00884791 0.03023675 -0.03094128
v -0.00976053 0.03270934 -0.02598579
v -0.00557284 0.03109567 -0.03058015
v -0.00227867 0.03165346 -0.03027531
v -0.00625983 0.03369166 -0.02567006
v -0.00273478 0.03433670 -0.02539334
v -0.01930426 0.03398170 -0.01572005
v -0.02044828 0.03574905 -0.00983823
v -0.01443388 0.03381056 -0.02106503
v -0.01561974 0.03608443 -0.01551126
v -0.01173807 0.03766893 -0.01525365
v -0.01660211 0.03790378 -0.00963947
v -0.01254718 0.03949315 -0.00938747
v -0.02115347 0.03689800 -0.00375217
v -0.02155211 0.03760153 0.00238233
v -0.01731718 0.03920781 -0.00357856
v -0.01770114 0.03993568 0.00254256
v -0.01315975 0.04077956 -0.00332714
v -0.01354162 0.04153788 0.00277315
v -0.01076654 0.03529720 -0.02077150
v -0.00702697 0.03637897 -0.02048549
v -0.00774680 0.03857965 -0.01490924
v -0.00838961 0.04036974 -0.00904223
v -0.00325752 0.03707783 -0.02021449
v -0.00375643 0.03929248 -0.01462625
v -0.00423880 0.04105025 -0.00873438
v -0.00013819 0.04165984 -0.00848803
v -0.00890413 0.04160758 -0.00299177
v -0.00927158 0.04237341 0.00308288
v -0.00465872 0.04224863 -0.00266515
v -0.00046695 0.04285955 -0.00237024
v -0.00500275 0.04300698 0.00340314
v -0.00078219 0.04360061 0.00371968
v -0.04461567 0.00367515 0.00705933
v -0.04451897 0.00389096 0.01308339
v -0.04407848 0.00816122 0.00709298
v -0.04394895 0.00835811 0.01311223
v -0.04296372 0.00000325 0.02414496
v -0.04413080 0.00405642 0.01882796
v -0.04297791 0.00415607 0.02419812
v -0.04168100 0.00019625 0.02913690
v -0.04144079 0.00420743 0.02914086
v -0.04330244 0.00844441 0.01884014
v -0.04191946 0.00833258 0.02411959
v -0.04037575 0.00820639 0.02901227
v -0.04256410 0.01257217 0.00719376
v -0.04240652 0.01275368 0.01316637
v -0.04045940 0.01686085 0.00734078
v -0.04028427 0.01702344 0.01325856
v -0.03806863 0.02103526 0.00752095
v -0.03789053 0.02117419 0.01339636
v -0.04170021 0.01274809 0.01884612
v -0.04038856 0.01250266 0.02408107
v -0.03943571 0.01684008 0.01883328
v -0.03888570 0.01221127 0.02892670
v -0.03691567 0.01606358 0.02883277
v -0.03835369 0.01654689 0.02405943
v -0.03710203 0.02092139 0.01892928
v -0.03603693 0.02045732 0.02409364
v -0.03479092 0.01984584 0.02881030
v -0.03967488 0.00041124 0.03355407
v -0.03936860 0.00419088 0.03351404
v -0.03719153 0.00063591 0.03738405
v -0.03685227 0.00414242 0.03728589
v -0.03439940 0.00089164 0.04062670
v -0.03407774 0.00411214 0.04046945
v -0.03831609 0.00795589 0.03331733
v -0.03603494 0.00770768 0.03712408
v -0.03691878 0.01174500 0.03317692
v -0.03476201 0.01121983 0.03692098
v -0.03526485 0.01545661 0.03309925
v -0.03143185 0.00114597 0.04321515
v -0.03114387 0.00407332 0.04299566
v -0.03334444 0.00738548 0.04024162
v -0.03219772 0.01059350 0.03994732
v -0.03050364 0.00704312 0.04269279
v -0.02948337 0.00992828 0.04229336
v -0.02672308 0.00923353 0.04392047
v -0.02300645 0.01067262 0.04427231
v -0.02847023 0.00136983 0.04510481
v -0.02819700 0.00400630 0.04481775
v -0.02563209 0.00155103 0.04633748
v -0.02536157 0.00390348 0.04600153
v -0.02303506 0.00167735 0.04695502
v -0.02276196 0.00375728 0.04661290
v -0.02762262 0.00666958 0.04442459
v -0.02483353 0.00626853 0.04553691
v -0.02404074 0.00853143 0.04495216
v -0.03306604 0.01458533 0.03665790
v -0.03066126 0.01365078 0.03956754
v -0.02811315 0.01266387 0.04179195
v -0.03299597 0.01884768 0.03287053
v -0.03097960 0.01771060 0.03631628
v -0.02863782 0.02063035 0.03600797
v -0.02875866 0.01647193 0.03908337
v -0.02552700 0.01165802 0.04331716
v -0.02642307 0.01518495 0.04118301
v -0.02406282 0.01390298 0.04262642
v -0.02238143 0.01598635 0.04192187
v -0.02660904 0.01909506 0.03862026
v -0.02449881 0.01752227 0.04057991
v -0.02433148 0.02155833 0.03830376
v -0.02242594 0.01970656 0.04009597
v -0.03536790 0.02502020 0.00771123
v -0.03519945 0.02513024 0.01356392
v -0.03441684 0.02474511 0.01904335
v -0.03226053 0.02865731 0.00790348
v -0.02875416 0.03186695 0.00809626
v -0.03194947 0.02857026 0.01370113
v -0.02861950 0.03189407 0.01386561
v -0.03339575 0.02412305 0.02414547
v -0.03220352 0.02331230 0.02877279
v -0.02942861 0.02655630 0.02881462
v -0.03141929 0.02826648 0.01918495
v -0.03050278 0.02752833 0.02424139
v -0.02817654 0.03151121 0.01933519
v -0.02739276 0.03065391 0.02436539
v -0.02647232 0.02952735 0.02890745
v -0.02330285 0.03214275 0.02900506
v -0.02528688 0.03504627 0.00825751
v -0.02532341 0.03514026 0.01405435
v -0.02494097 0.03463767 0.01952873
v -0.02426591 0.03363432 0.02455527
v -0.03051079 0.02205375 0.03270806
v -0.02617575 0.02337928 0.03584484
v -0.02788438 0.02506735 0.03266365
v -0.02358060 0.02590605 0.03579788
v -0.02510402 0.02783232 0.03270228
v -0.00118109 0.00218871 0.03101684
v -0.00035908 0.00160320 0.03111413
v -0.00038146 0.00233304 0.03058541
v -0.00160158 0.00341551 0.03097904
v -0.00147028 0.00418818 0.03085179
v -0.00161856 0.00494482 0.03107712
v -0.00152639 0.00496032 0.03098312
v -0.00154091 0.00545037 0.03118335
v -0.00145489 0.00540019 0.03107813
v -0.00071720 0.00320827 0.03023800
v -0.00124468 0.00284135 0.03076296
v -0.00096457 0.00340507 0.03044238
v -0.00090075 0.00335248 0.03039145
v -0.00114063 0.00357034 0.03056288
v -0.00121929 0.00353682 0.03066596
v -0.00107093 0.00361435 0.03040681
v -0.00129155 0.00399165 0.03065977
v -0.00120089 0.00383246 0.03055775
v -0.00098072 0.00343685 0.03043698
v -0.00053718 0.00306506 0.03008926
v -0.00043189 0.00296432 0.03017901
v -0.00039464 0.00292948 0.03020950
v -0.00040452 0.00293030 0.03028384
v -0.00017672 0.00284117 0.03020725
v -0.00069454 0.00280272 0.03053687
v -0.00064478 0.00288322 0.03044303
v -0.00131548 0.00422849 0.03059579
v -0.00139134 0.00421668 0.03074882
v -0.00130256 0.00410063 0.03063034
v -0.00133521 0.00437056 0.03062835
v -0.00136768 0.00461725 0.03068130
v -0.00136778 0.00461693 0.03068151
v -0.00131252 0.00490407 0.03055615
v -0.00130066 0.00483697 0.03053567
v -0.00127985 0.00490961 0.03052293
v -0.00126338 0.00496921 0.03052844
v -0.00123260 0.00508925 0.03054212
v -0.00124801 0.00529172 0.03063713
v -0.00117561 0.00524940 0.03054300
v -0.00119954 0.00521819 0.03055659
v -0.00107374 0.00538105 0.03053879
v -0.00102156 0.00544848 0.03053704
v -0.00108917 0.00580493 0.03101745
v -0.00098605 0.00550067 0.03054013
v -0.00091500 0.00560623 0.03057891
v -0.00085689 0.00569482 0.03067446
v -0.00072441 0.00576925 0.03066796
v -0.00104374 0.00572512 0.03092160
v -0.00090747 0.00563600 0.03110717
v -0.00069272 0.00578705 0.03066640
v -0.00046458 0.00596033 0.03073452
v -0.00038439 0.00602124 0.03075849
v -0.00036165 0.00603835 0.03075846
v -0.00047870 0.00597922 0.03078239
v -0.00051235 0.00607085 0.03087842
v -0.00040359 0.00601257 0.03100077
v -0.00033876 0.00604157 0.03074693
v -0.00027278 0.00605232 0.03069741
v -0.00004657 0.00610754 0.03055993
v -0.00012701 0.00608790 0.03060883
v -0.00000684 0.00611524 0.03059293
v -0.00009271 0.00608278 0.03097466
v -0.00067024 0.00650227 0.03113295
v -0.00005924 0.00616610 0.03067610
v -0.00008256 0.00626710 0.03077169
v -0.00012231 0.00666030 0.03099483
v -0.01751985 0.01051526 0.04403219
v -0.01221531 0.00232193 0.04426207
v -0.01205822 0.00334597 0.04391708
v -0.01182116 0.00438660 0.04342676
v -0.01152067 0.00543452 0.04278872
v -0.01448309 0.00750241 0.04400294
v -0.01560062 0.00960726 0.04371235
v -0.01320776 0.00578012 0.04392627
v -0.01274459 0.00696106 0.04312611
v -0.01116434 0.00648685 0.04203482
v -0.01221989 0.00813603 0.04223396
v -0.01382901 0.00881468 0.04308981
v -0.01307303 0.01011430 0.04215139
v -0.01160564 0.00931946 0.04132659
v -0.02068741 0.00003358 0.04727259
v -0.02061597 0.00178614 0.04709081
v -0.02034358 0.00361046 0.04675962
v -0.01988362 0.00543925 0.04627836
v -0.01839706 0.00037569 0.04705058
v -0.01831168 0.00191473 0.04687828
v -0.01805188 0.00350578 0.04654950
v -0.01763448 0.00509984 0.04605913
v -0.02226859 0.00584362 0.04612956
v -0.02156025 0.00784420 0.04551197
v -0.02065525 0.00974705 0.04478661
v -0.01924947 0.00720523 0.04564643
v -0.01707624 0.00664791 0.04540199
v -0.01845643 0.00890004 0.04488921
v -0.01622451 0.00071282 0.04649696
v -0.01613583 0.00205467 0.04632588
v -0.01418273 0.00103550 0.04562573
v -0.01410205 0.00219753 0.04544205
v -0.01590001 0.00343488 0.04599305
v -0.01553455 0.00481904 0.04549191
v -0.01223663 0.00036662 0.04456415
v -0.01227587 0.00132381 0.04446405
v -0.01390115 0.00338941 0.04510067
v -0.01359730 0.00459049 0.04459694
v -0.01639304 0.00815028 0.04460932
v -0.01505692 0.00617270 0.04481612
v -0.02175380 0.01267255 0.04352246
v -0.01957185 0.01154017 0.04397998
v -0.02030515 0.01453826 0.04273971
v -0.01831815 0.01322898 0.04312706
v -0.01868286 0.01627681 0.04196120
v -0.01690225 0.01481894 0.04226284
v -0.02053359 0.01792603 0.04127702
v -0.02022158 0.02171915 0.03977070
v -0.01691057 0.01789124 0.04133488
v -0.01854393 0.01971891 0.04079147
v -0.01643935 0.01205759 0.04312521
v -0.01468762 0.01102318 0.04277544
v -0.01521457 0.01353371 0.04221806
v -0.01533817 0.01630318 0.04154347
v -0.01115919 0.01264025 0.04053095
v -0.01364267 0.01240236 0.04186296
v -0.01219344 0.01140602 0.04126227
v -0.01233155 0.01619361 0.04097174
v -0.01384536 0.01492020 0.04145287
v -0.01245075 0.01370777 0.04109876
v -0.01643711 0.02136182 0.04056482
v -0.01501187 0.01938461 0.04100872
v -0.01182098 0.01887997 0.04096898
v -0.01363997 0.01767478 0.04112503
v -0.01300050 0.02069762 0.04092654
v -0.00640601 0.00309474 0.03764768
v -0.00640465 0.00366874 0.03739088
v -0.00636942 0.00427830 0.03707900
v -0.00629116 0.00492090 0.03670867
v -0.01045849 0.00074284 0.04316524
v -0.01050810 0.00155789 0.04303900
v -0.01048061 0.00240650 0.04282117
v -0.00873719 0.00038591 0.04164584
v -0.00884906 0.00104810 0.04157154
v -0.00891258 0.00174053 0.04143014
v -0.00892047 0.00246093 0.04121133
v -0.00886548 0.00320697 0.04090483
v -0.00876010 0.00398151 0.04050762
v -0.00861681 0.00478740 0.04001666
v -0.01037417 0.00328113 0.04248698
v -0.01020457 0.00417973 0.04203402
v -0.00998759 0.00510022 0.04145987
v -0.00720655 0.00017594 0.03998121
v -0.00734529 0.00071146 0.03993702
v -0.00744975 0.00127865 0.03985137
v -0.00752247 0.00187453 0.03971692
v -0.00755743 0.00249489 0.03952454
v -0.00600926 0.00052913 0.03829432
v -0.00586478 0.00010345 0.03833748
v -0.00612479 0.00099251 0.03822456
v -0.00630815 0.00200663 0.03800921
v -0.00637377 0.00254460 0.03785267
v -0.00622116 0.00148715 0.03812917
v -0.00754867 0.00313554 0.03926516
v -0.00750036 0.00380361 0.03893648
v -0.00741668 0.00450622 0.03853613
v -0.00729607 0.00524456 0.03806546
v -0.00713701 0.00601978 0.03752567
v -0.00593415 0.00629344 0.03580937
v -0.00688267 0.00682525 0.03696499
v -0.00616069 0.00559403 0.03627655
v -0.00647624 0.00765430 0.03643167
v -0.00747484 0.00833157 0.03752201
v -0.00589325 0.00846185 0.03598277
v -0.00682863 0.00924325 0.03703385
v -0.00595895 0.01007837 0.03672274
v -0.00972910 0.00604039 0.04078514
v -0.00843948 0.00562514 0.03944077
v -0.00905329 0.00798563 0.03926920
v -0.00943496 0.00699800 0.04003045
v -0.01075971 0.00754068 0.04119682
v -0.01027064 0.00861710 0.04034969
v -0.01087377 0.01052576 0.04048075
v -0.00853217 0.00901582 0.03857481
v -0.00887252 0.01083054 0.03894885
v -0.00966092 0.00973717 0.03956831
v -0.00823194 0.00649529 0.03878878
v -0.00793135 0.00739752 0.03812704
v -0.00782263 0.01002355 0.03802481
v -0.00324320 0.00087094 0.03441308
v -0.00335571 0.00130980 0.03422151
v -0.00354799 0.00268632 0.03368026
v -0.00332988 0.00173339 0.03392520
v -0.00339502 0.00221585 0.03373450
v -0.00496245 0.00085525 0.03672704
v -0.00504257 0.00127611 0.03663503
v -0.00470544 0.00014085 0.03685447
v -0.00484987 0.00048584 0.03679887
v -0.00431950 0.00240895 0.03496545
v -0.00512388 0.00172627 0.03652944
v -0.00524002 0.00218358 0.03641693
v -0.00535174 0.00264625 0.03628769
v -0.00388564 0.00052892 0.03552033
v -0.00373199 0.00020968 0.03559702
v -0.00403669 0.00079808 0.03550686
v -0.00407499 0.00112517 0.03534690
v -0.00299489 0.00018598 0.03474924
v -0.00308200 0.00055246 0.03450876
v -0.00347562 0.00101596 0.03459254
v -0.00410787 0.00153286 0.03519352
v -0.00417587 0.00197588 0.03506146
v -0.00468601 0.00452767 0.03428414
v -0.00422251 0.00482308 0.03342398
v -0.00464941 0.00497749 0.03407605
v -0.00443766 0.00542345 0.03371735
v -0.00284331 0.00297843 0.03253848
v -0.00315108 0.00352741 0.03273528
v -0.00402356 0.00328136 0.03398210
v -0.00376533 0.00306732 0.03376274
v -0.00396962 0.00404181 0.03345750
v -0.00390531 0.00359769 0.03365214
v -0.00358530 0.00467664 0.03268482
v -0.00330245 0.00416817 0.03258544
v -0.00295570 0.00505735 0.03209525
v -0.00411066 0.00449114 0.03338564
v -0.00392854 0.00508201 0.03302414
v -0.00545229 0.00359968 0.03594124
v -0.00461674 0.00317820 0.03486232
v -0.00448454 0.00281532 0.03490068
v -0.00462521 0.00358110 0.03466810
v -0.00466313 0.00404657 0.03447844
v -0.00541980 0.00311248 0.03613214
v -0.00545731 0.00412524 0.03570604
v -0.00541699 0.00467643 0.03542004
v -0.00531348 0.00524054 0.03507677
v -0.00248398 0.00028119 0.03409604
v -0.00248505 0.00077138 0.03360322
v -0.00267144 0.00130255 0.03331551
v -0.00192004 0.00021115 0.03359985
v -0.00184643 0.00081623 0.03285074
v -0.00262771 0.00189791 0.03280142
v -0.00269481 0.00244131 0.03255668
v -0.00192045 0.00204664 0.03179348
v -0.00188440 0.00143867 0.03224608
v -0.00198870 0.00264735 0.03153613
v -0.00114367 0.00079074 0.03229450
v -0.00035367 0.00079854 0.03197687
v -0.00115213 0.00151432 0.03151730
v -0.00000439 0.00269807 0.03179678
v -0.00023539 0.00272219 0.03314308
v -0.00212327 0.00324798 0.03151721
v -0.00232311 0.00385700 0.03163918
v -0.00192152 0.00396914 0.03125315
v -0.00145987 0.00388066 0.03285578
v -0.00156720 0.00381300 0.03417624
v -0.00258721 0.00448283 0.03180457
v -0.00202595 0.00466760 0.03134794
v -0.00141256 0.00455334 0.03139335
v -0.00151558 0.00443732 0.03270901
v -0.00161860 0.00432130 0.03402467
v -0.00150313 0.00481813 0.03387037
v -0.00107962 0.00338892 0.03165826
v -0.00135255 0.00394832 0.03153536
v -0.00059940 0.00294634 0.03174997
v -0.00121419 0.00336617 0.03298555
v -0.00078126 0.00295458 0.03308602
v -0.00134876 0.00334343 0.03431281
v -0.00096311 0.00296282 0.03442207
v -0.00125398 0.00513274 0.03124433
v -0.00137856 0.00497544 0.03255735
v -0.00107744 0.00546050 0.03242419
v -0.00124740 0.00528499 0.03374121
v -0.00147745 0.00331380 0.03538817
v -0.00168821 0.00375273 0.03525320
v -0.00160615 0.00328417 0.03646350
v -0.00180924 0.00369246 0.03633022
v -0.00174745 0.00422916 0.03510659
v -0.00165138 0.00470003 0.03496166
v -0.00179961 0.00458193 0.03605293
v -0.00142454 0.00514549 0.03484489
v -0.00160167 0.00500599 0.03594860
v -0.00187630 0.00413702 0.03618852
v -0.00111892 0.00295545 0.03549801
v -0.00046640 0.00274630 0.03448937
v -0.00065694 0.00275168 0.03557040
v -0.00013583 0.00277650 0.03559296
v -0.00127473 0.00294808 0.03657391
v -0.00084749 0.00275705 0.03665140
v -0.00035694 0.00278396 0.03668590
v -0.00130496 0.00538804 0.03590070
v -0.00003240 0.00513268 0.03609625
v -0.00284417 0.00255609 0.04185227
v -0.00374392 0.00244755 0.04381632
v -0.00308157 0.00181876 0.04393815
v -0.00282815 0.00178386 0.04400703
v -0.00316347 0.00232520 0.04285021
v -0.00342102 0.00270766 0.04280254
v -0.00348014 0.00206312 0.04385114
v -0.00282074 0.00357206 0.04067351
v -0.00317901 0.00337032 0.04176789
v -0.00307934 0.00293386 0.04179531
v -0.00313535 0.00380750 0.04177431
v -0.00353427 0.00315089 0.04279393
v -0.00386126 0.00289564 0.04382967
v -0.00382053 0.00333096 0.04388701
v -0.00348737 0.00358890 0.04282692
v -0.00363446 0.00366424 0.04397043
v -0.00329667 0.00393314 0.04288583
v -0.00297848 0.00409513 0.04295503
v -0.00331581 0.00380620 0.04406190
v -0.00295743 0.00380812 0.04414969
v -0.00295855 0.00416774 0.04180710
v -0.00218369 0.00250580 0.04087684
v -0.00187480 0.00271274 0.03970084
v -0.00196472 0.00244550 0.04092490
v -0.00177909 0.00256498 0.04098041
v -0.00160925 0.00249860 0.04028358
v -0.00117743 0.00270750 0.03838337
v -0.00106086 0.00264032 0.03985828
v -0.00248137 0.00229497 0.04193433
v -0.00224848 0.00224293 0.04198743
v -0.00158844 0.00243756 0.04100478
v -0.00207017 0.00237167 0.04205246
v -0.00187400 0.00225580 0.04207511
v -0.00164671 0.00232337 0.04212978
v -0.00253199 0.00202471 0.04299452
v -0.00266872 0.00192669 0.04408916
v -0.00246576 0.00182846 0.04412714
v -0.00224009 0.00192317 0.04419401
v -0.00277746 0.00206953 0.04293444
v -0.00236226 0.00216135 0.04306530
v -0.00216114 0.00205497 0.04309225
v -0.00193574 0.00213599 0.04315603
v -0.00163927 0.00244528 0.04324881
v -0.00135956 0.00248993 0.04105172
v -0.00133046 0.00261718 0.04220455
v -0.00217017 0.00396613 0.03796460
v -0.00187802 0.00317872 0.03819927
v -0.00156753 0.00287407 0.03830149
v -0.00208395 0.00355308 0.03808192
v -0.00219060 0.00299469 0.03960903
v -0.00239662 0.00336122 0.03951607
v -0.00252046 0.00277338 0.04079323
v -0.00273312 0.00314532 0.04072355
v -0.00248473 0.00377423 0.03943268
v -0.00278249 0.00400402 0.04064872
v -0.00212149 0.00438687 0.03786247
v -0.00229169 0.00457409 0.03933697
v -0.00195490 0.00477653 0.03779272
v -0.00168735 0.00509634 0.03777263
v -0.00202810 0.00485799 0.03934505
v -0.00244683 0.00419569 0.03936961
v -0.00262270 0.00437805 0.04065166
v -0.00234575 0.00463101 0.04068476
v -0.00200504 0.00472996 0.04073951
v -0.00165396 0.00464199 0.04080731
v -0.00169288 0.00498855 0.03938838
v -0.00073265 0.00274737 0.03843962
v -0.00034061 0.00298857 0.03845146
v -0.00010870 0.00342596 0.03840002
v -0.00006442 0.00395323 0.03829483
v -0.00070212 0.00289486 0.03989503
v -0.00104330 0.00407596 0.04098628
v -0.00051230 0.00332401 0.03987288
v -0.00049937 0.00382118 0.03980027
v -0.00134188 0.00525821 0.03780074
v -0.00094153 0.00517403 0.03787558
v -0.00023529 0.00446413 0.03814536
v -0.00055107 0.00489295 0.03799215
v -0.00096625 0.00465629 0.03956176
v -0.00132317 0.00440975 0.04088922
v -0.00132287 0.00490692 0.03946169
v -0.00067121 0.00427982 0.03968559
v -0.00140197 0.00385093 0.04213898
v -0.00229829 0.00402936 0.04309386
v -0.00265222 0.00372128 0.04422199
v -0.00153281 0.00285565 0.04328893
v -0.00158405 0.00327335 0.04328123
v -0.00176069 0.00360465 0.04323055
v -0.00201476 0.00385487 0.04316028
v -0.00265883 0.00437339 0.04185873
v -0.00230662 0.00442993 0.04192125
v -0.00197232 0.00434286 0.04198682
v -0.00166706 0.00414043 0.04205842
v -0.00261746 0.00411411 0.04302689
v -0.00102243 0.00276482 0.04110930
v -0.00086158 0.00319043 0.04111346
v -0.00119781 0.00303622 0.04222728
v -0.00087065 0.00366230 0.04107039
v -0.00122843 0.00348073 0.04220357
v -0.00478054 0.00644414 0.03425860
v -0.00431616 0.00704744 0.03386290
v -0.00346874 0.00551243 0.03259314
v -0.00303435 0.00600338 0.03227201
v -0.00281660 0.00644392 0.03220179
v -0.00408934 0.00594303 0.03331026
v -0.00366020 0.00647020 0.03294581
v -0.00320602 0.00693892 0.03271518
v -0.00371866 0.00759125 0.03356836
v -0.00300962 0.00805833 0.03335836
v -0.00511268 0.00582672 0.03468630
v -0.00556771 0.00701487 0.03533386
v -0.00504594 0.00771728 0.03491220
v -0.00353519 0.00891468 0.03440073
v -0.00510919 0.00920283 0.03567542
v -0.00435342 0.00835964 0.03460665
v -0.00418667 0.00984617 0.03548204
v -0.00493971 0.01080552 0.03654287
v -0.00318825 0.01036085 0.03537510
v -0.00220934 0.00566360 0.03162133
v -0.00226844 0.00652929 0.03191612
v -0.00149814 0.00678735 0.03163532
v -0.00259301 0.00726668 0.03248634
v -0.00185134 0.00757909 0.03229904
v -0.00125594 0.00618874 0.03125410
v -0.00065511 0.00584683 0.03232437
v -0.00039018 0.00593415 0.03228707
v -0.00011268 0.00583127 0.03222723
v -0.00090378 0.00564816 0.03352879
v -0.00062279 0.00580719 0.03339862
v -0.00032618 0.00582084 0.03327472
v -0.00006012 0.00583375 0.03339661
v -0.00069531 0.00576590 0.03397845
v -0.00048596 0.00580706 0.03400569
v -0.00024039 0.00578903 0.03401735
v -0.00076493 0.00711065 0.03146303
v -0.00109915 0.00783534 0.03216933
v -0.00033824 0.00739372 0.03151650
v -0.00045652 0.00799497 0.03211587
v -0.00109148 0.00554571 0.03478279
v -0.00092378 0.00559147 0.03590933
v -0.00066091 0.00575664 0.03473847
v -0.00018434 0.00561626 0.03483609
v -0.00047244 0.00547968 0.03597460
v -0.00221061 0.00843146 0.03321619
v -0.00263626 0.00935517 0.03427797
v -0.00171119 0.00967542 0.03421680
v -0.00138612 0.00869772 0.03312539
v -0.00059625 0.00884332 0.03306372
v -0.00081261 0.00986940 0.03419303
v -0.00216193 0.01074651 0.03533197
v -0.00593609 0.00058551 0.05034612
v -0.00561238 0.00020177 0.05042354
v -0.00575740 0.00134295 0.04923349
v -0.00613963 0.00102552 0.05036930
v -0.00579274 0.00177650 0.04935484
v -0.00617968 0.00145328 0.05049859
v -0.00604628 0.00179323 0.05070889
v -0.00566318 0.00212298 0.04954037
v -0.00704553 0.00033872 0.05261030
v -0.00762088 0.00061625 0.05381479
v -0.00713413 0.00087784 0.05279146
v -0.00700443 0.00129768 0.05309410
v -0.00632977 0.00022478 0.05148818
v -0.00655819 0.00069599 0.05150140
v -0.00660918 0.00114758 0.05164918
v -0.00647058 0.00150148 0.05189728
v -0.00572947 0.00196986 0.05097513
v -0.00613025 0.00167972 0.05221145
v -0.00661520 0.00148871 0.05347157
v -0.00569021 0.00169923 0.05254323
v -0.00609497 0.00148561 0.05387159
v -0.00793572 0.00033503 0.05460857
v -0.00807388 0.00007621 0.05519368
v -0.00798374 0.00004775 0.05571751
v -0.00800272 0.00030649 0.05536860
v -0.00791566 0.00053286 0.05522382
v -0.00791068 0.00056135 0.05531631
v -0.00797263 0.00040382 0.05544252
v -0.00779538 0.00051732 0.05552542
v -0.00781604 0.00063598 0.05568685
v -0.00780391 0.00082344 0.05503796
v -0.00782881 0.00076949 0.05514958
v -0.00782141 0.00069202 0.05546129
v -0.00774678 0.00076294 0.05546153
v -0.00763751 0.00098226 0.05455939
v -0.00749583 0.00110521 0.05416813
v -0.00706598 0.00132047 0.05460449
v -0.00736424 0.00109853 0.05545912
v -0.00795780 0.00013964 0.05578760
v -0.00774641 0.00008291 0.05605803
v -0.00778332 0.00025882 0.05587538
v -0.00780562 0.00036651 0.05602050
v -0.00771274 0.00041752 0.05611270
v -0.00769844 0.00071176 0.05581987
v -0.00765360 0.00000023 0.05610168
v -0.00759147 0.00000572 0.05615792
v -0.00763790 0.00010681 0.05616259
v -0.00759689 0.00011585 0.05620209
v -0.00745244 0.00014768 0.05634129
v -0.00752486 0.00052073 0.05629918
v -0.00700339 0.00054012 0.05668633
v -0.00751539 0.00082970 0.05602691
v -0.00647837 0.00130599 0.05506592
v -0.00588005 0.00110583 0.05549460
v -0.00694329 0.00013268 0.05664206
v -0.00645475 0.00002776 0.05689940
v -0.00638391 0.00067415 0.05693734
v -0.00647346 0.00039113 0.05702701
v -0.00696555 0.00086443 0.05650611
v -0.00677955 0.00110932 0.05595505
v -0.00600142 0.00007118 0.05725482
v -0.00583979 0.00028468 0.05724694
v -0.00558546 0.00049957 0.05676026
v -0.00616836 0.00090096 0.05640983
v -0.00455052 0.00115493 0.04697705
v -0.00445437 0.00184949 0.04588651
v -0.00419947 0.00261128 0.04487651
v -0.00499316 0.00198536 0.04701302
v -0.00498750 0.00241922 0.04712879
v -0.00484199 0.00153131 0.04695731
v -0.00458837 0.00230451 0.04593582
v -0.00376255 0.00125570 0.04600415
v -0.00349723 0.00123908 0.04609447
v -0.00413529 0.00095410 0.04708759
v -0.00386968 0.00094008 0.04718836
v -0.00352113 0.00099553 0.04734171
v -0.00372394 0.00108672 0.04728820
v -0.00314420 0.00129969 0.04623388
v -0.00329332 0.00108541 0.04745726
v -0.00381178 0.00177547 0.04486560
v -0.00417598 0.00146789 0.04590417
v -0.00407828 0.00215951 0.04484246
v -0.00340588 0.00154628 0.04495741
v -0.00314719 0.00152118 0.04503785
v -0.00299476 0.00166936 0.04512445
v -0.00278962 0.00157834 0.04516681
v -0.00334933 0.00138843 0.04618658
v -0.00291828 0.00139754 0.04633680
v -0.00491318 0.00085117 0.04809442
v -0.00521096 0.00121881 0.04806359
v -0.00450773 0.00064855 0.04821694
v -0.00425945 0.00062287 0.04834377
v -0.00526635 0.00053925 0.04924648
v -0.00557206 0.00090565 0.04919618
v -0.00486992 0.00031836 0.04938786
v -0.00462467 0.00028342 0.04950827
v -0.00427414 0.00031906 0.04966535
v -0.00447454 0.00041953 0.04961623
v -0.00537905 0.00166387 0.04811348
v -0.00539545 0.00209877 0.04823322
v -0.00525297 0.00244080 0.04840322
v -0.00494444 0.00260718 0.04860406
v -0.00456806 0.00262439 0.04879918
v -0.00422207 0.00251884 0.04895205
v -0.00535385 0.00229905 0.04977016
v -0.00496297 0.00232498 0.05000266
v -0.00423852 0.00201612 0.05033911
v -0.00458872 0.00222104 0.05019616
v -0.00390244 0.00067654 0.04847572
v -0.00410793 0.00076853 0.04843507
v -0.00368608 0.00074911 0.04862072
v -0.00341151 0.00102073 0.04883621
v -0.00406813 0.00037453 0.04984134
v -0.00378670 0.00063367 0.05008643
v -0.00366246 0.00100247 0.05028877
v -0.00354046 0.00262677 0.04782778
v -0.00390023 0.00232697 0.04906134
v -0.00359629 0.00208519 0.04912569
v -0.00302515 0.00137435 0.04764929
v -0.00295031 0.00175249 0.04779799
v -0.00331252 0.00139415 0.04901185
v -0.00337785 0.00177907 0.04911816
v -0.00325438 0.00241006 0.04788372
v -0.00303725 0.00212825 0.04788294
v -0.00391978 0.00173913 0.05041995
v -0.00370395 0.00139845 0.05041203
v -0.00456861 0.00273697 0.04603675
v -0.00440065 0.00306541 0.04616987
v -0.00482800 0.00275287 0.04728417
v -0.00451767 0.00290628 0.04745864
v -0.00416940 0.00304367 0.04495637
v -0.00399482 0.00337151 0.04506404
v -0.00368245 0.00350961 0.04518144
v -0.00332893 0.00350768 0.04529043
v -0.00303090 0.00341538 0.04537278
v -0.00409003 0.00320837 0.04631573
v -0.00373433 0.00320848 0.04644989
v -0.00315699 0.00293983 0.04661912
v -0.00343105 0.00310840 0.04654789
v -0.00288894 0.00273456 0.04667303
v -0.00415395 0.00291317 0.04762163
v -0.00383426 0.00280724 0.04774256
v -0.00256565 0.00167899 0.04525165
v -0.00229981 0.00199903 0.04539356
v -0.00223153 0.00239015 0.04548313
v -0.00196192 0.00224250 0.04431012
v -0.00187836 0.00264301 0.04437294
v -0.00265440 0.00170505 0.04650418
v -0.00258942 0.00208890 0.04662329
v -0.00268154 0.00246133 0.04668319
v -0.00213287 0.00333709 0.04434782
v -0.00251133 0.00304735 0.04549419
v -0.00276586 0.00325463 0.04543766
v -0.00231674 0.00276778 0.04551760
v -0.00238308 0.00355962 0.04428570
v -0.00194886 0.00303708 0.04438475
v -0.00482414 0.00000413 0.05088671
v -0.00422992 0.00135106 0.05178754
v -0.00423465 0.00007306 0.05308378
v -0.00425428 0.00051159 0.05324066
v -0.00484176 0.00132323 0.05308285
v -0.00448284 0.00094821 0.05322767
v -0.00532494 0.00199780 0.05125213
v -0.00492841 0.00189170 0.05149461
v -0.00455751 0.00166997 0.05168045
v -0.00525247 0.00157699 0.05284419
v -0.00412393 0.00020268 0.05142152
v -0.00398654 0.00056608 0.05165267
v -0.00401611 0.00097107 0.05178769
v -0.00557222 0.00132310 0.05424178
v -0.00507582 0.00101066 0.05454388
v -0.00463469 0.00055779 0.05473955
v -0.00435843 0.00003468 0.05476646
v -0.00530772 0.00073514 0.05584316
v -0.00479809 0.00020907 0.05606435
v -0.00687566 0.01094380 0.03769673
v -0.00576997 0.01174544 0.03752370
v -0.00997558 0.01169197 0.03979928
v -0.00886234 0.01275513 0.03938495
v -0.01109677 0.01490236 0.04060673
v -0.00993919 0.01376741 0.04006587
v -0.00856759 0.01474868 0.03983041
v -0.00960139 0.01594482 0.04036601
v -0.00784742 0.01182683 0.03858743
v -0.00665925 0.01269425 0.03840744
v -0.00758933 0.01368024 0.03917694
v -0.00707853 0.01554525 0.03978803
v -0.00621187 0.01443231 0.03911446
v -0.01068707 0.01730861 0.04075506
v -0.00892583 0.01821984 0.04078323
v -0.00989454 0.01986494 0.04103670
v -0.01089017 0.02177097 0.04103214
v -0.00798517 0.01679387 0.04035563
v -0.00709853 0.01893710 0.04087351
v -0.00630057 0.01746225 0.04041205
v -0.00790845 0.02063836 0.04115350
v -0.00591049 0.02120887 0.04114476
v -0.00458430 0.01239735 0.03743891
v -0.00384484 0.01139330 0.03644843
v -0.00335923 0.01290420 0.03741071
v -0.00271824 0.01184486 0.03641544
v -0.00160383 0.01216333 0.03641992
v -0.00213533 0.01327070 0.03740755
v -0.00115575 0.01100282 0.03533015
v -0.00017001 0.01113892 0.03535453
v -0.00091782 0.01349715 0.03743078
v -0.00050442 0.01235222 0.03645325
v -0.00538165 0.01340101 0.03833229
v -0.00477558 0.01502232 0.03911084
v -0.00552335 0.01617145 0.03981060
v -0.00405499 0.01395364 0.03831134
v -0.00332607 0.01546127 0.03907946
v -0.00271962 0.01435874 0.03829380
v -0.00186981 0.01574202 0.03905641
v -0.00138260 0.01461380 0.03829608
v -0.00005102 0.01471640 0.03833459
v -0.00041327 0.01585743 0.03907773
v -0.00460005 0.01796276 0.04037154
v -0.00395334 0.01664152 0.03977019
v -0.00289128 0.01828480 0.04031039
v -0.00525586 0.01947014 0.04084318
v -0.00340805 0.01980953 0.04077937
v -0.00391231 0.02156611 0.04109409
v -0.00237440 0.01694471 0.03972383
v -0.00079237 0.01707019 0.03972871
v -0.00118198 0.01841782 0.04030478
v -0.00156529 0.01994583 0.04076918
v -0.00192554 0.02169971 0.04108517
v -0.02167604 0.03778747 0.00839096
v -0.02156772 0.03759473 0.01418519
v -0.01771376 0.03991740 0.00855736
v -0.01764015 0.03959826 0.01432033
v -0.01371439 0.04172882 0.00876517
v -0.01364160 0.04109207 0.01446179
v -0.02121265 0.03691080 0.01963062
v -0.02000022 0.03439007 0.02912370
v -0.02076130 0.03597953 0.02467405
v -0.01701955 0.03759498 0.02470197
v -0.01740641 0.03880862 0.01972887
v -0.01646331 0.03594854 0.02914026
v -0.01290951 0.03725179 0.02924763
v -0.01348614 0.04019474 0.01984831
v -0.01325182 0.03893333 0.02481152
v -0.00948987 0.04257777 0.00899661
v -0.00955427 0.04213750 0.01469138
v -0.00526359 0.04320735 0.00929537
v -0.00108141 0.04369849 0.00965909
v -0.00544294 0.04273439 0.01497424
v -0.00135939 0.04312746 0.01531005
v -0.00930890 0.03813193 0.02938810
v -0.00952248 0.04118947 0.02004165
v -0.00560041 0.04197014 0.02033623
v -0.00945496 0.03987150 0.02497652
v -0.00569404 0.04061187 0.02527296
v -0.00573658 0.03883636 0.02967405
v -0.00162523 0.04205751 0.02062823
v -0.00188683 0.04071134 0.02556294
v -0.00212366 0.03897871 0.02996607
v -0.02192680 0.02382493 0.03813009
v -0.01790273 0.02354133 0.03964363
v -0.01939583 0.02585807 0.03809547
v -0.02083952 0.02815935 0.03583801
v -0.02215698 0.03029248 0.03278895
v -0.01905823 0.03238729 0.03290089
v -0.01796405 0.03008867 0.03593856
v -0.01674640 0.02761164 0.03816968
v -0.01422302 0.02280027 0.04054642
v -0.01547587 0.02512569 0.03967778
v -0.01191154 0.02397976 0.04068566
v -0.01294737 0.02642478 0.03983616
v -0.01496575 0.03164347 0.03607292
v -0.01398638 0.02903950 0.03832255
v -0.01582276 0.03405621 0.03301535
v -0.01249245 0.03530225 0.03313029
v -0.01188156 0.03281320 0.03620055
v -0.00872545 0.02261026 0.04116791
v -0.00954461 0.02489709 0.04083277
v -0.00655093 0.02322112 0.04117632
v -0.00716417 0.02554906 0.04083805
v -0.01035677 0.02742662 0.03998547
v -0.01115270 0.03012665 0.03846351
v -0.00774354 0.02811922 0.03999243
v -0.00828237 0.03085809 0.03850199
v -0.00437989 0.02359498 0.04114292
v -0.00478663 0.02593656 0.04081430
v -0.00222563 0.02372330 0.04115334
v -0.00004926 0.02361662 0.04123572
v -0.00242844 0.02606044 0.04087431
v -0.00004022 0.02593811 0.04102264
v -0.00512833 0.02851979 0.03999128
v -0.00540077 0.03127362 0.03855697
v -0.00253175 0.02864555 0.04011629
v -0.00253333 0.03141305 0.03874745
v -0.00874836 0.03358729 0.03628098
v -0.00910924 0.03612844 0.03324369
v -0.00559596 0.03402274 0.03640062
v -0.00570589 0.03659182 0.03341143
v -0.00245414 0.03417648 0.03664581
v -0.00231518 0.03674940 0.03368953
v 0.00275177 -0.03499907 -0.03145280
v 0.00265055 -0.03737474 -0.02629459
v 0.00671814 -0.03466876 -0.03117723
v 0.01056574 -0.03378341 -0.03091182
v 0.00687931 -0.03682441 -0.02591468
v 0.01104772 -0.03608508 -0.02566188
v 0.00274464 -0.02981774 -0.03969544
v 0.00279225 -0.03257227 -0.03601891
v 0.00265676 -0.02706881 -0.04252390
v 0.00014504 -0.02207742 -0.04615711
v 0.00255618 -0.02444769 -0.04445199
v 0.00245884 -0.02187045 -0.04561143
v 0.00518602 -0.02398327 -0.04417374
v 0.00642267 -0.03204907 -0.03568472
v 0.00603624 -0.02929571 -0.03938810
v 0.00996131 -0.03124681 -0.03549554
v 0.00924526 -0.02853675 -0.03925195
v 0.00560772 -0.02655751 -0.04223518
v 0.00775991 -0.02330371 -0.04407523
v 0.00848800 -0.02583009 -0.04212914
v 0.01022887 -0.02235854 -0.04404881
v 0.01502334 -0.03470947 -0.02542168
v 0.01883655 -0.03293292 -0.02527551
v 0.01335675 -0.03008196 -0.03540036
v 0.01232410 -0.02745567 -0.03920801
v 0.01661712 -0.02857907 -0.03541714
v 0.01125162 -0.02481856 -0.04210930
v 0.01391417 -0.02355962 -0.04225203
v 0.01649115 -0.02208995 -0.04263370
v 0.01528730 -0.02608424 -0.03929979
v 0.01814945 -0.02445421 -0.03957078
v 0.01975056 -0.02676263 -0.03556388
v 0.02086673 -0.02251745 -0.03991793
v 0.01426004 -0.03250952 -0.03074176
v 0.01780417 -0.03086629 -0.03067396
v 0.02120125 -0.02887294 -0.03071529
v 0.00246768 -0.03934853 -0.02054144
v 0.00225354 -0.04116964 -0.01446234
v 0.00194740 -0.04243060 -0.00812030
v 0.00696149 -0.03883651 -0.02017090
v 0.00696228 -0.04067930 -0.01411563
v 0.00158294 -0.04307780 -0.00168749
v 0.00118726 -0.04353382 0.00468051
v 0.00681361 -0.04189310 -0.00776867
v 0.00656385 -0.04270274 -0.00133214
v 0.01159041 -0.03971726 -0.01378319
v 0.01605975 -0.03824003 -0.01348845
v 0.01139643 -0.03809033 -0.01990683
v 0.01563602 -0.03665299 -0.01962960
v 0.01970235 -0.03476596 -0.01942705
v 0.02034787 -0.03626894 -0.01324983
v 0.01153671 -0.04066477 -0.00740252
v 0.01619446 -0.03920406 -0.00710243
v 0.01141665 -0.04146130 -0.00095943
v 0.01618310 -0.03991872 -0.00064505
v 0.02064811 -0.03718224 -0.00684694
v 0.02075831 -0.03786696 -0.00038330
v 0.00036994 -0.01936521 -0.04663674
v 0.00238067 -0.01925313 -0.04613394
v 0.00059191 -0.01675595 -0.04649880
v 0.00231742 -0.01673167 -0.04605182
v 0.00478252 -0.02147743 -0.04534383
v 0.00406832 -0.01651563 -0.04582504
v 0.00440859 -0.01894439 -0.04588550
v 0.00080880 -0.01439483 -0.04578553
v 0.00226483 -0.01444198 -0.04539737
v 0.00099799 -0.01239819 -0.04468052
v 0.00222357 -0.01250080 -0.04435596
v 0.00219432 -0.01102485 -0.04311295
v 0.00376575 -0.01432261 -0.04518872
v 0.00524791 -0.01403285 -0.04506432
v 0.00351419 -0.01247015 -0.04417409
v 0.00480202 -0.01229948 -0.04406484
v 0.00332693 -0.01106311 -0.04297872
v 0.00446541 -0.01098214 -0.04291170
v 0.00706254 -0.02086487 -0.04523954
v 0.00639743 -0.01842084 -0.04577137
v 0.00829092 -0.01766431 -0.04567146
v 0.00924543 -0.01999925 -0.04518377
v 0.01006076 -0.01667935 -0.04573987
v 0.00578554 -0.01610053 -0.04570240
v 0.00741008 -0.01547907 -0.04556785
v 0.00664766 -0.01356883 -0.04492894
v 0.00791584 -0.01288202 -0.04490627
v 0.00601927 -0.01198200 -0.04395815
v 0.00711366 -0.01145096 -0.04393940
v 0.00890081 -0.01462956 -0.04557349
v 0.00900333 -0.01192388 -0.04511999
v 0.01021671 -0.01353034 -0.04587143
v 0.00015876 -0.01068188 -0.04366147
v 0.00113683 -0.01088236 -0.04336738
v 0.00124302 -0.00971893 -0.04198414
v 0.00038192 -0.00951774 -0.04222319
v 0.00055874 -0.00860221 -0.04084729
v 0.00217406 -0.00987862 -0.04180155
v 0.00317700 -0.00996785 -0.04171625
v 0.00554048 -0.01076698 -0.04285892
v 0.00418828 -0.00995449 -0.04169290
v 0.00514430 -0.00980642 -0.04169618
v 0.00133418 -0.00877951 -0.04066879
v 0.00215974 -0.00892661 -0.04055500
v 0.00068055 -0.00785272 -0.03965572
v 0.00139288 -0.00800795 -0.03951698
v 0.00006982 -0.00695868 -0.03900595
v 0.00073866 -0.00718668 -0.03877041
v 0.00007352 -0.00631843 -0.03834148
v 0.00001149 -0.00567120 -0.03781956
v 0.00062104 -0.00586395 -0.03758441
v 0.00072240 -0.00654384 -0.03810781
v 0.00134201 -0.00671200 -0.03792901
v 0.00213107 -0.00813589 -0.03944279
v 0.00140168 -0.00734811 -0.03862432
v 0.00206774 -0.00747357 -0.03853441
v 0.00194658 -0.00683179 -0.03779879
v 0.00274575 -0.00759367 -0.03846741
v 0.00255032 -0.00691210 -0.03771085
v 0.00119531 -0.00601164 -0.03736929
v 0.00174443 -0.00610273 -0.03720486
v 0.00227853 -0.00612566 -0.03712178
v 0.00303741 -0.00905079 -0.04050034
v 0.00289728 -0.00827252 -0.03939579
v 0.00392084 -0.00909019 -0.04049643
v 0.00366391 -0.00833658 -0.03939034
v 0.00476366 -0.00898299 -0.04053488
v 0.00440335 -0.00824684 -0.03944074
v 0.00552451 -0.00870197 -0.04061826
v 0.00341833 -0.00764101 -0.03844267
v 0.00314093 -0.00691501 -0.03767128
v 0.00406815 -0.00754816 -0.03847952
v 0.00370617 -0.00680261 -0.03768616
v 0.00507988 -0.00800293 -0.03952940
v 0.00466845 -0.00733301 -0.03854547
v 0.00519249 -0.00701342 -0.03860804
v 0.00422844 -0.00660527 -0.03772349
v 0.00469022 -0.00635331 -0.03775127
v 0.00506057 -0.00601114 -0.03781327
v 0.00530860 -0.00554311 -0.03795326
v 0.00278857 -0.00607013 -0.03709403
v 0.00326548 -0.00592587 -0.03709563
v 0.00369803 -0.00573275 -0.03712050
v 0.00407494 -0.00553065 -0.03716254
v 0.00250659 -0.00058225 -0.04081884
v 0.00256416 -0.00059949 -0.04087320
v 0.00256527 -0.00067462 -0.04080033
v 0.00260443 -0.00038535 -0.04100963
v 0.00252649 -0.00048158 -0.04088094
v 0.00248630 -0.00045752 -0.04080803
v 0.00250174 -0.00034456 -0.04084365
v 0.00258180 -0.00050338 -0.04094463
v 0.00254536 -0.00036347 -0.04093422
v 0.00264673 -0.00064220 -0.04086339
v 0.00264626 -0.00052640 -0.04097457
v 0.00261863 -0.00059335 -0.04090594
v 0.00271385 -0.00055414 -0.04094623
v 0.00276296 -0.00058155 -0.04086875
v 0.00267737 -0.00040634 -0.04104915
v 0.00276257 -0.00042258 -0.04103204
v 0.00251330 -0.00021743 -0.04087656
v 0.00255807 -0.00022939 -0.04097873
v 0.00256446 -0.00008629 -0.04100696
v 0.00252056 -0.00008209 -0.04090117
v 0.00269481 -0.00025659 -0.04111123
v 0.00261822 -0.00024448 -0.04106322
v 0.00269955 -0.00009145 -0.04114626
v 0.00262362 -0.00009120 -0.04109485
v 0.00283175 -0.00043420 -0.04096275
v 0.00285660 -0.00044134 -0.04084572
v 0.00278884 -0.00025964 -0.04110400
v 0.00286963 -0.00025690 -0.04104150
v 0.00290654 -0.00025166 -0.04092377
v 0.00279374 -0.00008168 -0.04114261
v 0.00287688 -0.00006659 -0.04108109
v 0.00291967 -0.00005085 -0.04095894
v 0.00060869 -0.00310147 -0.04024296
v 0.00067772 -0.00322499 -0.04036627
v 0.00064106 -0.00320340 -0.04027597
v 0.00066822 -0.00314231 -0.04034900
v 0.00067607 -0.00308209 -0.04033143
v 0.00055695 -0.00307284 -0.04013259
v 0.00062269 -0.00317789 -0.04017396
v 0.00062920 -0.00313917 -0.04005208
v 0.00052129 -0.00296372 -0.04008538
v 0.00051107 -0.00286796 -0.04003840
v 0.00052167 -0.00280295 -0.03999772
v 0.00059983 -0.00301057 -0.04021149
v 0.00069641 -0.00304969 -0.04032409
v 0.00061000 -0.00294786 -0.04018348
v 0.00053029 -0.00304341 -0.04000378
v 0.00063356 -0.00291441 -0.04016848
v 0.00066491 -0.00291125 -0.04017601
v 0.00058569 -0.00276129 -0.03997471
v 0.00063595 -0.00277035 -0.03999615
v 0.00032736 -0.00279139 -0.03971826
v 0.00028680 -0.00277151 -0.03952370
v 0.00032380 -0.00275013 -0.03930383
v 0.00041981 -0.00290489 -0.03978979
v 0.00045461 -0.00293141 -0.03994738
v 0.00041057 -0.00281777 -0.03988358
v 0.00043227 -0.00286210 -0.03959788
v 0.00053717 -0.00300269 -0.03985240
v 0.00067014 -0.00307075 -0.03990238
v 0.00059279 -0.00292782 -0.03965897
v 0.00054817 -0.00276772 -0.03997320
v 0.00051693 -0.00280534 -0.03936595
v 0.00082430 -0.00342483 -0.04062452
v 0.00083708 -0.00348053 -0.04061453
v 0.00083810 -0.00350365 -0.04057575
v 0.00079447 -0.00344369 -0.04053420
v 0.00081239 -0.00347234 -0.04050790
v 0.00083916 -0.00346885 -0.04045165
v 0.00104424 -0.00358586 -0.04070921
v 0.00089936 -0.00355327 -0.04062533
v 0.00089569 -0.00352832 -0.04067287
v 0.00095618 -0.00356717 -0.04059156
v 0.00094086 -0.00349392 -0.04073574
v 0.00091695 -0.00341937 -0.04070377
v 0.00087974 -0.00347135 -0.04068611
v 0.00103025 -0.00355198 -0.04075848
v 0.00096171 -0.00355328 -0.04072313
v 0.00103665 -0.00357673 -0.04062615
v 0.00096998 -0.00358264 -0.04067278
v 0.00100374 -0.00349086 -0.04076841
v 0.00097377 -0.00341828 -0.04073349
v 0.00087951 -0.00353029 -0.04054896
v 0.00092281 -0.00351420 -0.04048892
v 0.00101039 -0.00353010 -0.04051974
v 0.00096834 -0.00345148 -0.04040043
v 0.00087240 -0.00343099 -0.04037427
v 0.00109644 -0.00352099 -0.04077209
v 0.00111642 -0.00355708 -0.04072574
v 0.00111517 -0.00355267 -0.04064316
v 0.00106442 -0.00346051 -0.04077909
v 0.00117942 -0.00350421 -0.04072381
v 0.00118417 -0.00350082 -0.04064452
v 0.00115532 -0.00346783 -0.04076503
v 0.00109622 -0.00351083 -0.04053516
v 0.00106303 -0.00343463 -0.04041255
v 0.00117302 -0.00345968 -0.04053757
v 0.00122617 -0.00343517 -0.04070486
v 0.00123605 -0.00342701 -0.04063217
v 0.00086272 -0.00339830 -0.04065957
v 0.00081475 -0.00335839 -0.04060598
v 0.00083978 -0.00330723 -0.04059569
v 0.00077277 -0.00335394 -0.04054952
v 0.00078368 -0.00341285 -0.04054603
v 0.00076512 -0.00339979 -0.04041689
v 0.00076145 -0.00340208 -0.04047711
v 0.00077093 -0.00324620 -0.04051372
v 0.00077035 -0.00329405 -0.04053722
v 0.00072331 -0.00325827 -0.04045968
v 0.00073331 -0.00332822 -0.04046529
v 0.00070865 -0.00331563 -0.04038749
v 0.00079940 -0.00327608 -0.04055410
v 0.00074256 -0.00316656 -0.04044394
v 0.00076925 -0.00317279 -0.04046408
v 0.00072683 -0.00319972 -0.04044752
v 0.00080606 -0.00319621 -0.04049689
v 0.00085217 -0.00321462 -0.04053129
v 0.00086620 -0.00309166 -0.04043016
v 0.00080956 -0.00308434 -0.04039799
v 0.00094067 -0.00332958 -0.04066152
v 0.00088803 -0.00332711 -0.04063351
v 0.00102948 -0.00339175 -0.04074363
v 0.00099420 -0.00330851 -0.04067365
v 0.00090478 -0.00322008 -0.04056034
v 0.00092942 -0.00308084 -0.04045337
v 0.00101864 -0.00317578 -0.04058349
v 0.00096107 -0.00320464 -0.04057705
v 0.00078136 -0.00337846 -0.04034127
v 0.00070143 -0.00329916 -0.04030862
v 0.00071005 -0.00326620 -0.04021051
v 0.00081055 -0.00332511 -0.04024327
v 0.00074292 -0.00320411 -0.04009156
v 0.00086371 -0.00323059 -0.04011758
v 0.00091721 -0.00334895 -0.04026684
v 0.00102309 -0.00333203 -0.04027583
v 0.00098381 -0.00321097 -0.04012550
v 0.00099663 -0.00305887 -0.04046871
v 0.00076158 -0.00306768 -0.04036454
v 0.00072438 -0.00305051 -0.04033752
v 0.00076037 -0.00293868 -0.04023448
v 0.00070639 -0.00292410 -0.04020003
v 0.00082504 -0.00294619 -0.04027122
v 0.00077791 -0.00278678 -0.04007273
v 0.00070069 -0.00278157 -0.04003142
v 0.00086560 -0.00277781 -0.04011231
v 0.00089857 -0.00293785 -0.04030212
v 0.00097736 -0.00292026 -0.04032666
v 0.00095865 -0.00276113 -0.04014697
v 0.00112004 -0.00340941 -0.04076884
v 0.00108177 -0.00334670 -0.04073592
v 0.00112829 -0.00329012 -0.04071207
v 0.00104611 -0.00327154 -0.04067217
v 0.00116778 -0.00334414 -0.04073873
v 0.00120190 -0.00340002 -0.04073835
v 0.00120591 -0.00327050 -0.04068651
v 0.00114944 -0.00338279 -0.04041336
v 0.00112976 -0.00319015 -0.04063832
v 0.00109391 -0.00322630 -0.04065940
v 0.00116465 -0.00322243 -0.04066696
v 0.00118644 -0.00314405 -0.04059546
v 0.00113087 -0.00312291 -0.04058218
v 0.00107509 -0.00314101 -0.04058169
v 0.00124542 -0.00337093 -0.04067368
v 0.00126386 -0.00334374 -0.04061804
v 0.00123681 -0.00332833 -0.04068903
v 0.00126065 -0.00326351 -0.04061405
v 0.00123352 -0.00337992 -0.04052940
v 0.00127004 -0.00328509 -0.04051895
v 0.00122053 -0.00329828 -0.04040562
v 0.00123272 -0.00319430 -0.04060995
v 0.00127491 -0.00318871 -0.04051454
v 0.00126741 -0.00319503 -0.04039612
v 0.00125051 -0.00310497 -0.04050966
v 0.00128114 -0.00308700 -0.04039163
v 0.00112095 -0.00327687 -0.04027334
v 0.00120362 -0.00318597 -0.04026246
v 0.00109506 -0.00314861 -0.04011894
v 0.00126122 -0.00307415 -0.04024979
v 0.00106524 -0.00303276 -0.04047724
v 0.00119925 -0.00304806 -0.04049777
v 0.00113339 -0.00302250 -0.04048494
v 0.00126159 -0.00299192 -0.04038626
v 0.00120867 -0.00292755 -0.04037409
v 0.00118929 -0.00304686 -0.04010152
v 0.00105778 -0.00290005 -0.04034431
v 0.00113612 -0.00289617 -0.04035887
v 0.00121722 -0.00277999 -0.04021624
v 0.00113999 -0.00274316 -0.04019545
v 0.00105195 -0.00274323 -0.04017352
v 0.00128386 -0.00295624 -0.04024192
v 0.00125674 -0.00292300 -0.04008021
v 0.00126979 -0.00285169 -0.04023276
v 0.00128764 -0.00279425 -0.04006202
v 0.00080984 -0.00309784 -0.03993437
v 0.00094743 -0.00307272 -0.03994304
v 0.00075764 -0.00295216 -0.03969898
v 0.00091615 -0.00291858 -0.03970992
v 0.00071209 -0.00282003 -0.03940514
v 0.00089456 -0.00277488 -0.03941301
v 0.00107367 -0.00300005 -0.03993219
v 0.00117935 -0.00288446 -0.03990564
v 0.00105868 -0.00283324 -0.03969507
v 0.00125597 -0.00274652 -0.03987096
v 0.00010445 -0.00284547 -0.03836421
v 0.00044861 -0.00273333 -0.03902794
v 0.00040316 -0.00273715 -0.03867637
v 0.00039592 -0.00284212 -0.03834267
v 0.00012467 -0.00337758 -0.03775759
v 0.00010118 -0.00306145 -0.03806710
v 0.00049691 -0.00337284 -0.03768452
v 0.00042710 -0.00305258 -0.03801575
v 0.00069578 -0.00280185 -0.03829884
v 0.00087125 -0.00333104 -0.03760762
v 0.00076255 -0.00300708 -0.03794761
v 0.00121769 -0.00325899 -0.03755431
v 0.00107410 -0.00293206 -0.03788453
v 0.00134455 -0.00282974 -0.03782960
v 0.00047367 -0.00516242 -0.03728297
v 0.00031935 -0.00445465 -0.03728625
v 0.00100026 -0.00527088 -0.03705956
v 0.00079557 -0.00451357 -0.03711424
v 0.00125136 -0.00452219 -0.03697751
v 0.00019177 -0.00382994 -0.03748191
v 0.00061613 -0.00384559 -0.03737526
v 0.00011992 -0.00276907 -0.03707868
v 0.00015838 -0.00275147 -0.03692470
v 0.00046627 -0.00277650 -0.03693252
v 0.00055108 -0.00275940 -0.03677752
v 0.00103112 -0.00382049 -0.03728290
v 0.00080204 -0.00277140 -0.03681470
v 0.00090208 -0.00277130 -0.03667595
v 0.00110062 -0.00275730 -0.03664821
v 0.00149983 -0.00532124 -0.03688648
v 0.00197265 -0.00529142 -0.03682078
v 0.00167495 -0.00446647 -0.03692846
v 0.00204691 -0.00434630 -0.03691842
v 0.00240823 -0.00518702 -0.03681005
v 0.00234781 -0.00416156 -0.03689871
v 0.00141382 -0.00375445 -0.03724093
v 0.00173701 -0.00363747 -0.03721943
v 0.00197340 -0.00345953 -0.03718852
v 0.00151091 -0.00315000 -0.03751338
v 0.00172552 -0.00299737 -0.03747357
v 0.00184764 -0.00281199 -0.03742029
v 0.00198138 -0.00279728 -0.03713443
v 0.00206871 -0.00289031 -0.03703616
v 0.00259294 -0.00398379 -0.03688847
v 0.00211148 -0.00319665 -0.03714171
v 0.00231262 -0.00326491 -0.03703866
v 0.00242494 -0.00323316 -0.03703220
v 0.00212955 -0.00289982 -0.03701584
v 0.00216811 -0.00284178 -0.03704520
v 0.00251739 -0.00312238 -0.03706480
v 0.00256827 -0.00287378 -0.03716484
v 0.00024443 -0.00257666 -0.03956777
v 0.00026914 -0.00267618 -0.03964151
v 0.00016853 -0.00266501 -0.03944319
v 0.00014740 -0.00267375 -0.03922713
v 0.00008960 -0.00255152 -0.03936309
v 0.00005305 -0.00245145 -0.03928726
v 0.00025251 -0.00251018 -0.03950529
v 0.00028859 -0.00247250 -0.03946301
v 0.00034792 -0.00245939 -0.03944990
v 0.00006189 -0.00238522 -0.03921953
v 0.00010715 -0.00234674 -0.03917026
v 0.00039486 -0.00271941 -0.03982099
v 0.00040414 -0.00265324 -0.03976817
v 0.00043440 -0.00261662 -0.03973436
v 0.00048161 -0.00260692 -0.03972877
v 0.00062659 -0.00261693 -0.03977947
v 0.00054570 -0.00261131 -0.03974571
v 0.00042969 -0.00245836 -0.03945980
v 0.00053312 -0.00245693 -0.03948654
v 0.00065240 -0.00244799 -0.03952739
v 0.00041530 -0.00231376 -0.03916055
v 0.00056731 -0.00229369 -0.03918572
v 0.00114591 -0.00256272 -0.03998619
v 0.00127891 -0.00268082 -0.04004220
v 0.00122744 -0.00260288 -0.04001601
v 0.00072149 -0.00261653 -0.03982392
v 0.00082761 -0.00260285 -0.03987298
v 0.00078176 -0.00242444 -0.03957961
v 0.00093830 -0.00258263 -0.03991928
v 0.00091389 -0.00239444 -0.03963266
v 0.00104152 -0.00236615 -0.03967598
v 0.00072523 -0.00225401 -0.03922771
v 0.00088295 -0.00220620 -0.03927619
v 0.00103434 -0.00216175 -0.03932084
v 0.00104697 -0.00256262 -0.03995548
v 0.00117563 -0.00270224 -0.03965768
v 0.00129500 -0.00260680 -0.03983571
v 0.00129164 -0.00248540 -0.03979834
v 0.00126092 -0.00254967 -0.03960561
v 0.00124108 -0.00240244 -0.03975731
v 0.00105662 -0.00267810 -0.03939315
v 0.00119050 -0.00253793 -0.03934910
v 0.00130847 -0.00239963 -0.03954674
v 0.00115411 -0.00236150 -0.03971554
v 0.00116482 -0.00214615 -0.03936800
v 0.00131067 -0.00227155 -0.03948492
v 0.00128907 -0.00237776 -0.03928475
v 0.00134521 -0.00222100 -0.03920398
v 0.00125986 -0.00218491 -0.03942402
v 0.00000255 -0.00257913 -0.03914425
v 0.00001776 -0.00264204 -0.03892168
v 0.00022102 -0.00269951 -0.03898554
v 0.00014192 -0.00272603 -0.03866500
v 0.00001403 -0.00224545 -0.03882943
v 0.00013560 -0.00223333 -0.03881653
v 0.00017985 -0.00232996 -0.03914982
v 0.00028192 -0.00232294 -0.03914949
v 0.00029830 -0.00221660 -0.03880776
v 0.00002390 -0.00221783 -0.03846268
v 0.00020725 -0.00219463 -0.03843445
v 0.00067815 -0.00272798 -0.03904659
v 0.00066849 -0.00271044 -0.03866420
v 0.00048340 -0.00218461 -0.03881066
v 0.00067217 -0.00212668 -0.03883277
v 0.00041792 -0.00215168 -0.03841397
v 0.00063670 -0.00207756 -0.03841027
v 0.00000349 -0.00255579 -0.03752704
v 0.00016516 -0.00225016 -0.03806697
v 0.00000048 -0.00234009 -0.03758654
v 0.00003527 -0.00231937 -0.03752756
v 0.00019506 -0.00238553 -0.03773171
v 0.00039908 -0.00220216 -0.03802236
v 0.00064405 -0.00211831 -0.03799211
v 0.00045508 -0.00234333 -0.03766259
v 0.00039823 -0.00210552 -0.03767835
v 0.00041456 -0.00210593 -0.03762705
v 0.00040253 -0.00206056 -0.03757965
v 0.00028923 -0.00191356 -0.03773238
v 0.00007756 -0.00137915 -0.03757472
v 0.00019707 -0.00169562 -0.03769336
v 0.00035571 -0.00204588 -0.03771848
v 0.00036527 -0.00196986 -0.03753325
v 0.00066135 -0.00164870 -0.03787802
v 0.00068089 -0.00161157 -0.03762640
v 0.00055389 -0.00142608 -0.03785972
v 0.00058691 -0.00141962 -0.03758589
v 0.00088728 -0.00266793 -0.03903915
v 0.00090802 -0.00263807 -0.03863507
v 0.00085846 -0.00205824 -0.03886753
v 0.00107401 -0.00256456 -0.03901197
v 0.00123638 -0.00242924 -0.03897137
v 0.00112254 -0.00253268 -0.03859794
v 0.00131281 -0.00240694 -0.03856179
v 0.00135796 -0.00227608 -0.03890894
v 0.00135005 -0.00208817 -0.03911691
v 0.00097059 -0.00272560 -0.03824749
v 0.00071941 -0.00226060 -0.03761017
v 0.00097300 -0.00215920 -0.03758720
v 0.00121392 -0.00262252 -0.03819747
v 0.00120087 -0.00206103 -0.03760638
v 0.00103610 -0.00199469 -0.03890841
v 0.00085332 -0.00199088 -0.03842431
v 0.00118743 -0.00196540 -0.03896169
v 0.00129477 -0.00199977 -0.03903367
v 0.00105752 -0.00191023 -0.03845703
v 0.00135679 -0.00189654 -0.03860379
v 0.00123132 -0.00186799 -0.03851475
v 0.00088552 -0.00201943 -0.03798479
v 0.00074067 -0.00178996 -0.03784464
v 0.00080630 -0.00187466 -0.03773783
v 0.00078931 -0.00186244 -0.03779319
v 0.00074728 -0.00174653 -0.03765607
v 0.00079067 -0.00183512 -0.03769267
v 0.00110898 -0.00192635 -0.03800895
v 0.00129841 -0.00187281 -0.03806886
v 0.00139061 -0.00199882 -0.03766571
v 0.00112862 -0.00156957 -0.03793337
v 0.00106261 -0.00149114 -0.03799817
v 0.00115580 -0.00158429 -0.03787061
v 0.00114194 -0.00154101 -0.03782479
v 0.00109340 -0.00144568 -0.03779577
v 0.00025602 -0.00076776 -0.03766828
v 0.00042083 -0.00110950 -0.03775610
v 0.00068413 -0.00081702 -0.03796429
v 0.00005329 -0.00046967 -0.03769737
v 0.00013712 -0.00000389 -0.03795142
v 0.00011245 -0.00003764 -0.03777523
v 0.00004350 -0.00015479 -0.03771936
v 0.00033022 -0.00022444 -0.03789068
v 0.00028389 -0.00007546 -0.03764973
v 0.00051815 -0.00049705 -0.03788018
v 0.00036151 -0.00043628 -0.03763471
v 0.00041298 -0.00044793 -0.03757733
v 0.00037752 -0.00045688 -0.03760081
v 0.00037126 -0.00038774 -0.03767255
v 0.00046165 -0.00040782 -0.03757075
v 0.00068845 -0.00056193 -0.03772468
v 0.00065254 -0.00053782 -0.03779012
v 0.00066123 -0.00056536 -0.03775593
v 0.00061538 -0.00056883 -0.03765532
v 0.00066789 -0.00048238 -0.03781774
v 0.00045362 -0.00022196 -0.03775875
v 0.00040316 -0.00031504 -0.03771400
v 0.00045627 -0.00031016 -0.03763523
v 0.00051948 -0.00034055 -0.03757564
v 0.00051704 -0.00011159 -0.03780384
v 0.00058247 -0.00025010 -0.03758656
v 0.00064837 -0.00014119 -0.03759824
v 0.00083060 -0.00112041 -0.03805147
v 0.00096001 -0.00134327 -0.03805015
v 0.00101657 -0.00130425 -0.03778340
v 0.00090976 -0.00110818 -0.03776277
v 0.00102278 -0.00075499 -0.03825086
v 0.00077130 -0.00084894 -0.03770896
v 0.00089459 -0.00068475 -0.03792315
v 0.00091993 -0.00068538 -0.03788049
v 0.00128941 -0.00111168 -0.03817106
v 0.00137107 -0.00118564 -0.03810118
v 0.00134302 -0.00103365 -0.03796247
v 0.00116842 -0.00096684 -0.03823271
v 0.00111530 -0.00078820 -0.03804655
v 0.00111390 -0.00074892 -0.03808476
v 0.00113799 -0.00079262 -0.03799722
v 0.00113544 -0.00068391 -0.03795243
v 0.00117830 -0.00075621 -0.03795356
v 0.00125491 -0.00088198 -0.03795847
v 0.00132587 -0.00086586 -0.03812983
v 0.00134612 -0.00087421 -0.03807827
v 0.00132958 -0.00082204 -0.03816673
v 0.00135970 -0.00075079 -0.03817028
v 0.00138792 -0.00083904 -0.03803075
v 0.00123235 -0.00068790 -0.03791380
v 0.00099002 -0.00009191 -0.03842533
v 0.00130113 -0.00052215 -0.03842865
v 0.00114817 -0.00033117 -0.03845802
v 0.00137280 -0.00001195 -0.03864097
v 0.00086721 -0.00048006 -0.03819029
v 0.00088854 -0.00065063 -0.03796065
v 0.00090695 -0.00058729 -0.03797946
v 0.00094523 -0.00050020 -0.03798619
v 0.00099881 -0.00039478 -0.03798744
v 0.00072867 -0.00052444 -0.03770589
v 0.00070317 -0.00040359 -0.03784198
v 0.00077889 -0.00045851 -0.03769602
v 0.00083608 -0.00036977 -0.03769151
v 0.00095935 -0.00064818 -0.03784619
v 0.00100998 -0.00058066 -0.03781816
v 0.00098771 -0.00043819 -0.03791964
v 0.00070520 -0.00019334 -0.03812302
v 0.00075425 -0.00030600 -0.03786602
v 0.00082876 -0.00017946 -0.03788232
v 0.00081655 -0.00019427 -0.03788820
v 0.00071493 -0.00001855 -0.03760544
v 0.00089841 -0.00026375 -0.03768970
v 0.00088546 -0.00007308 -0.03790686
v 0.00096402 -0.00014597 -0.03768792
v 0.00102861 -0.00002585 -0.03768681
v 0.00113755 -0.00068076 -0.03809508
v 0.00118144 -0.00058832 -0.03808682
v 0.00124074 -0.00047618 -0.03806930
v 0.00130836 -0.00035295 -0.03804509
v 0.00106898 -0.00049030 -0.03779434
v 0.00113424 -0.00038336 -0.03777457
v 0.00129632 -0.00059669 -0.03787619
v 0.00136643 -0.00048923 -0.03784296
v 0.00106300 -0.00027746 -0.03798354
v 0.00113305 -0.00015468 -0.03797483
v 0.00120512 -0.00003565 -0.03796125
v 0.00137721 -0.00022722 -0.03801676
v 0.00127424 -0.00016806 -0.03815663
v 0.00120367 -0.00026613 -0.03775874
v 0.00127204 -0.00014759 -0.03774764
v 0.00133411 -0.00003678 -0.03774208
v 0.00185897 -0.00142300 -0.03923536
v 0.00197364 -0.00140047 -0.03926791
v 0.00142232 -0.00211922 -0.03881627
v 0.00145407 -0.00226474 -0.03850537
v 0.00152159 -0.00211001 -0.03840744
v 0.00141933 -0.00250176 -0.03815765
v 0.00155667 -0.00270236 -0.03778592
v 0.00169322 -0.00255299 -0.03772875
v 0.00156393 -0.00236381 -0.03810121
v 0.00162479 -0.00220915 -0.03800131
v 0.00173701 -0.00238470 -0.03763332
v 0.00170857 -0.00224356 -0.03752063
v 0.00161054 -0.00207669 -0.03788097
v 0.00192038 -0.00210276 -0.03797853
v 0.00180590 -0.00206758 -0.03791308
v 0.00184643 -0.00220194 -0.03764302
v 0.00184266 -0.00208779 -0.03757826
v 0.00195824 -0.00224671 -0.03772220
v 0.00142381 -0.00198418 -0.03870926
v 0.00174029 -0.00172110 -0.03839155
v 0.00173720 -0.00160580 -0.03865478
v 0.00175669 -0.00182400 -0.03844826
v 0.00187105 -0.00182998 -0.03848864
v 0.00204537 -0.00172301 -0.03849929
v 0.00179470 -0.00156733 -0.03896872
v 0.00190828 -0.00154980 -0.03900067
v 0.00176060 -0.00148255 -0.03891798
v 0.00204298 -0.00157575 -0.03874964
v 0.00206899 -0.00142894 -0.03901101
v 0.00176216 -0.00169970 -0.03870837
v 0.00187585 -0.00169222 -0.03874256
v 0.00179840 -0.00143199 -0.03859145
v 0.00143783 -0.00189259 -0.03816881
v 0.00151598 -0.00197515 -0.03828845
v 0.00152983 -0.00200530 -0.03776317
v 0.00177363 -0.00194412 -0.03818233
v 0.00188862 -0.00196534 -0.03823399
v 0.00176428 -0.00183405 -0.03812290
v 0.00207057 -0.00187214 -0.03825859
v 0.00180110 -0.00195337 -0.03785107
v 0.00189434 -0.00177270 -0.03779430
v 0.00193468 -0.00191105 -0.03752770
v 0.00181724 -0.00154227 -0.03832742
v 0.00185221 -0.00165280 -0.03806129
v 0.00202908 -0.00141808 -0.03800307
v 0.00207401 -0.00153816 -0.03774456
v 0.00221462 -0.00235399 -0.03756518
v 0.00214737 -0.00218169 -0.03778969
v 0.00247021 -0.00214749 -0.03761343
v 0.00224163 -0.00148702 -0.03846684
v 0.00210808 -0.00202456 -0.03802343
v 0.00233247 -0.00179866 -0.03802378
v 0.00238305 -0.00196648 -0.03781942
v 0.00228084 -0.00163893 -0.03823686
v 0.00276231 -0.00180025 -0.03765984
v 0.00258829 -0.00145555 -0.03801456
v 0.00265448 -0.00162290 -0.03784264
v 0.00200136 -0.00108305 -0.03971383
v 0.00205850 -0.00114910 -0.03976031
v 0.00189816 -0.00120824 -0.03945398
v 0.00181608 -0.00134572 -0.03918654
v 0.00191416 -0.00105987 -0.03940002
v 0.00194893 -0.00127937 -0.03950150
v 0.00206540 -0.00125536 -0.03953653
v 0.00200585 -0.00094476 -0.03966268
v 0.00207222 -0.00075159 -0.03961020
v 0.00199799 -0.00085215 -0.03934564
v 0.00217366 -0.00103604 -0.04000181
v 0.00236900 -0.00086712 -0.04039845
v 0.00241320 -0.00068285 -0.04060965
v 0.00242992 -0.00079939 -0.04054455
v 0.00236806 -0.00074373 -0.04049655
v 0.00221555 -0.00088454 -0.04017019
v 0.00220184 -0.00076106 -0.04012047
v 0.00228036 -0.00094403 -0.04021603
v 0.00239977 -0.00092374 -0.04026134
v 0.00229353 -0.00101407 -0.04004396
v 0.00230389 -0.00080961 -0.04035193
v 0.00228431 -0.00069252 -0.04030190
v 0.00246866 -0.00073397 -0.04065935
v 0.00253833 -0.00079163 -0.04059579
v 0.00256378 -0.00073619 -0.04071241
v 0.00248498 -0.00085084 -0.04044669
v 0.00267105 -0.00068640 -0.04077886
v 0.00266259 -0.00072488 -0.04066109
v 0.00261999 -0.00076977 -0.04050764
v 0.00244001 -0.00091615 -0.04009046
v 0.00254190 -0.00083324 -0.04031604
v 0.00258172 -0.00075049 -0.04014940
v 0.00217705 -0.00112558 -0.03979878
v 0.00212899 -0.00128111 -0.03928478
v 0.00221674 -0.00114151 -0.03956234
v 0.00229393 -0.00106790 -0.03928660
v 0.00211178 -0.00097389 -0.03995594
v 0.00210638 -0.00084445 -0.03990643
v 0.00232602 -0.00101938 -0.03983506
v 0.00237210 -0.00094312 -0.03958221
v 0.00247442 -0.00083741 -0.03987496
v 0.00251546 -0.00069254 -0.03959092
v 0.00245833 -0.00079478 -0.03927360
v 0.00242390 -0.00055065 -0.04065521
v 0.00234582 -0.00063674 -0.04044782
v 0.00239087 -0.00059052 -0.04056375
v 0.00242629 -0.00044659 -0.04063100
v 0.00239510 -0.00046470 -0.04052208
v 0.00235630 -0.00049050 -0.04039436
v 0.00223577 -0.00058939 -0.04006355
v 0.00230485 -0.00053006 -0.04024310
v 0.00234308 -0.00035385 -0.04017709
v 0.00229215 -0.00040205 -0.03999646
v 0.00243912 -0.00032460 -0.04061935
v 0.00241124 -0.00032505 -0.04048636
v 0.00242462 -0.00019122 -0.04045829
v 0.00243453 -0.00005815 -0.04044785
v 0.00238101 -0.00033149 -0.04033966
v 0.00240150 -0.00018614 -0.04028718
v 0.00237656 -0.00019552 -0.04010539
v 0.00241488 -0.00004590 -0.04025420
v 0.00239707 -0.00004346 -0.04005009
v 0.00249077 -0.00066399 -0.04074788
v 0.00244452 -0.00062289 -0.04069684
v 0.00244745 -0.00051684 -0.04071467
v 0.00246717 -0.00055180 -0.04076175
v 0.00245497 -0.00044219 -0.04072502
v 0.00277198 -0.00060360 -0.04075128
v 0.00274220 -0.00063290 -0.04059225
v 0.00267488 -0.00068209 -0.04039006
v 0.00278487 -0.00048920 -0.04046365
v 0.00270267 -0.00054037 -0.04020390
v 0.00246814 -0.00033086 -0.04073850
v 0.00247891 -0.00020751 -0.04075577
v 0.00244990 -0.00019855 -0.04061542
v 0.00248689 -0.00007681 -0.04077400
v 0.00245837 -0.00006864 -0.04062201
v 0.00278678 -0.00030907 -0.04023708
v 0.00215593 -0.00066456 -0.03985336
v 0.00223360 -0.00046554 -0.03978935
v 0.00217284 -0.00053375 -0.03954727
v 0.00212209 -0.00061169 -0.03928306
v 0.00225891 -0.00036509 -0.03920447
v 0.00234583 -0.00023155 -0.03991626
v 0.00231258 -0.00027871 -0.03970700
v 0.00237877 -0.00006244 -0.03984454
v 0.00236159 -0.00008436 -0.03962545
v 0.00228010 -0.00032149 -0.03946480
v 0.00234717 -0.00009076 -0.03938070
v 0.00260488 -0.00060794 -0.03990701
v 0.00270006 -0.00035925 -0.03991971
v 0.00263082 -0.00042209 -0.03958326
v 0.00261205 -0.00049570 -0.03924602
v 0.00275043 -0.00009874 -0.03989673
v 0.00271337 -0.00017632 -0.03919783
v 0.00270023 -0.00013647 -0.03954685
v 0.00180472 -0.00131583 -0.03885738
v 0.00184521 -0.00118768 -0.03912925
v 0.00192575 -0.00108757 -0.03879586
v 0.00194319 -0.00119973 -0.03852807
v 0.00194659 -0.00096793 -0.03907129
v 0.00140846 -0.00119353 -0.03803616
v 0.00139665 -0.00114019 -0.03798915
v 0.00153656 -0.00085932 -0.03821085
v 0.00152891 -0.00090788 -0.03817671
v 0.00154783 -0.00092064 -0.03812703
v 0.00152282 -0.00071217 -0.03829759
v 0.00156679 -0.00070535 -0.03823454
v 0.00144600 -0.00077071 -0.03798541
v 0.00172540 -0.00086923 -0.03823497
v 0.00171513 -0.00092144 -0.03820521
v 0.00173339 -0.00093806 -0.03816046
v 0.00159066 -0.00088719 -0.03808050
v 0.00157338 -0.00078541 -0.03821076
v 0.00163123 -0.00068856 -0.03818864
v 0.00165095 -0.00081951 -0.03803547
v 0.00172224 -0.00072961 -0.03799030
v 0.00198296 -0.00130853 -0.03826484
v 0.00188678 -0.00086022 -0.03825696
v 0.00189310 -0.00093257 -0.03819550
v 0.00187521 -0.00091373 -0.03823335
v 0.00177671 -0.00090619 -0.03811773
v 0.00176774 -0.00079432 -0.03823273
v 0.00183161 -0.00069864 -0.03821101
v 0.00183800 -0.00083947 -0.03807617
v 0.00191024 -0.00075156 -0.03803493
v 0.00193626 -0.00090154 -0.03815734
v 0.00201132 -0.00088895 -0.03825827
v 0.00202748 -0.00090880 -0.03822838
v 0.00207111 -0.00087787 -0.03819616
v 0.00193195 -0.00078727 -0.03825241
v 0.00199968 -0.00069617 -0.03823212
v 0.00202448 -0.00083629 -0.03827540
v 0.00206883 -0.00076878 -0.03826933
v 0.00199797 -0.00083573 -0.03811970
v 0.00207147 -0.00075026 -0.03808338
v 0.00143174 -0.00065306 -0.03836569
v 0.00150030 -0.00011676 -0.03858447
v 0.00163330 -0.00012272 -0.03846580
v 0.00159001 -0.00015069 -0.03852358
v 0.00162157 -0.00004182 -0.03841867
v 0.00141052 -0.00065532 -0.03815170
v 0.00155610 -0.00063850 -0.03818676
v 0.00149853 -0.00052093 -0.03815885
v 0.00147633 -0.00053879 -0.03812220
v 0.00151508 -0.00067959 -0.03794041
v 0.00140187 -0.00036194 -0.03815538
v 0.00154676 -0.00041169 -0.03808593
v 0.00170194 -0.00057118 -0.03815672
v 0.00143891 -0.00037217 -0.03781633
v 0.00158937 -0.00057261 -0.03789953
v 0.00166307 -0.00045671 -0.03786657
v 0.00144551 -0.00010857 -0.03798716
v 0.00151145 -0.00000662 -0.03795913
v 0.00161141 -0.00028449 -0.03804702
v 0.00167142 -0.00016694 -0.03800967
v 0.00172790 -0.00006883 -0.03797805
v 0.00150831 -0.00025438 -0.03779733
v 0.00173083 -0.00034048 -0.03784269
v 0.00156920 -0.00014469 -0.03778698
v 0.00161853 -0.00004775 -0.03778533
v 0.00190647 -0.00058408 -0.03818233
v 0.00179745 -0.00062479 -0.03794893
v 0.00177231 -0.00044464 -0.03811913
v 0.00207885 -0.00058822 -0.03820849
v 0.00198513 -0.00065018 -0.03799731
v 0.00205444 -0.00054307 -0.03796659
v 0.00197608 -0.00046180 -0.03814953
v 0.00202413 -0.00034296 -0.03811543
v 0.00186944 -0.00051236 -0.03791532
v 0.00193297 -0.00040018 -0.03789054
v 0.00182910 -0.00032026 -0.03808000
v 0.00187679 -0.00020725 -0.03804294
v 0.00205827 -0.00023601 -0.03808247
v 0.00191981 -0.00011476 -0.03801154
v 0.00195901 -0.00004695 -0.03798224
v 0.00199521 -0.00000796 -0.03795153
v 0.00208616 -0.00014940 -0.03805308
v 0.00178734 -0.00023248 -0.03782905
v 0.00183102 -0.00013680 -0.03782462
v 0.00186032 -0.00005745 -0.03782840
v 0.00198271 -0.00029612 -0.03787565
v 0.00201844 -0.00020354 -0.03786945
v 0.00203986 -0.00012583 -0.03787074
v 0.00204755 -0.00006410 -0.03788004
v 0.00204203 -0.00001946 -0.03789792
v 0.00224448 -0.00120376 -0.03899691
v 0.00222828 -0.00134272 -0.03872193
v 0.00243384 -0.00102850 -0.03867695
v 0.00209358 -0.00070433 -0.03900952
v 0.00243173 -0.00090874 -0.03896547
v 0.00213854 -0.00090663 -0.03846926
v 0.00209613 -0.00080490 -0.03873535
v 0.00246357 -0.00115779 -0.03841896
v 0.00271493 -0.00077105 -0.03838330
v 0.00225319 -0.00111810 -0.03795339
v 0.00229958 -0.00123844 -0.03770649
v 0.00213703 -0.00087138 -0.03825536
v 0.00219837 -0.00101065 -0.03820927
v 0.00214238 -0.00080142 -0.03828886
v 0.00212557 -0.00085133 -0.03827715
v 0.00213458 -0.00081269 -0.03816388
v 0.00213587 -0.00068637 -0.03825172
v 0.00222697 -0.00080219 -0.03828677
v 0.00221083 -0.00082578 -0.03826879
v 0.00225156 -0.00077470 -0.03820654
v 0.00218305 -0.00083981 -0.03823100
v 0.00225079 -0.00075393 -0.03829619
v 0.00218114 -0.00074339 -0.03828298
v 0.00221015 -0.00072976 -0.03813382
v 0.00226865 -0.00079293 -0.03826066
v 0.00228204 -0.00070400 -0.03829151
v 0.00232453 -0.00074281 -0.03828390
v 0.00234595 -0.00072658 -0.03824429
v 0.00233046 -0.00069411 -0.03818443
v 0.00236006 -0.00069210 -0.03829622
v 0.00251986 -0.00130033 -0.03820241
v 0.00278805 -0.00089097 -0.03818887
v 0.00253061 -0.00086222 -0.03768473
v 0.00248282 -0.00074111 -0.03791739
v 0.00225952 -0.00041472 -0.03894079
v 0.00235138 -0.00055027 -0.03841966
v 0.00228824 -0.00047494 -0.03867783
v 0.00234600 -0.00009182 -0.03912478
v 0.00236858 -0.00009774 -0.03887221
v 0.00241659 -0.00011894 -0.03862259
v 0.00262771 -0.00057839 -0.03892375
v 0.00266175 -0.00066852 -0.03863222
v 0.00276375 -0.00022252 -0.03886958
v 0.00249173 -0.00016582 -0.03837550
v 0.00224060 -0.00067448 -0.03826953
v 0.00221716 -0.00058902 -0.03823424
v 0.00214691 -0.00065324 -0.03805082
v 0.00221441 -0.00055280 -0.03802442
v 0.00214917 -0.00047322 -0.03818198
v 0.00219033 -0.00036100 -0.03815303
v 0.00211263 -0.00043697 -0.03794337
v 0.00230191 -0.00066248 -0.03828062
v 0.00231950 -0.00059193 -0.03825857
v 0.00237797 -0.00060680 -0.03827901
v 0.00238469 -0.00064347 -0.03829307
v 0.00241481 -0.00067310 -0.03827373
v 0.00242700 -0.00064721 -0.03822902
v 0.00240487 -0.00060623 -0.03816366
v 0.00242441 -0.00063942 -0.03816621
v 0.00228581 -0.00063743 -0.03810706
v 0.00234951 -0.00054404 -0.03808468
v 0.00228852 -0.00048428 -0.03821460
v 0.00232573 -0.00037968 -0.03819054
v 0.00239101 -0.00050035 -0.03824549
v 0.00242835 -0.00040431 -0.03822570
v 0.00226774 -0.00045430 -0.03800369
v 0.00230068 -0.00036310 -0.03798809
v 0.00239566 -0.00045399 -0.03806553
v 0.00241863 -0.00037171 -0.03804847
v 0.00221252 -0.00025976 -0.03812374
v 0.00222595 -0.00017773 -0.03809620
v 0.00211162 -0.00008710 -0.03802400
v 0.00216305 -0.00004742 -0.03796218
v 0.00213845 -0.00005307 -0.03799192
v 0.00223786 -0.00011900 -0.03806791
v 0.00225550 -0.00008762 -0.03803636
v 0.00218188 -0.00007028 -0.03794010
v 0.00233980 -0.00028376 -0.03816440
v 0.00234171 -0.00020503 -0.03813848
v 0.00242713 -0.00017891 -0.03815137
v 0.00243595 -0.00023653 -0.03817750
v 0.00231675 -0.00028100 -0.03797820
v 0.00231942 -0.00020983 -0.03797457
v 0.00242453 -0.00029764 -0.03803602
v 0.00240571 -0.00017736 -0.03803203
v 0.00241943 -0.00023225 -0.03803072
v 0.00234171 -0.00014786 -0.03811128
v 0.00235008 -0.00011663 -0.03808127
v 0.00231147 -0.00015128 -0.03797784
v 0.00229568 -0.00010703 -0.03798862
v 0.00227578 -0.00008363 -0.03800783
v 0.00243435 -0.00013747 -0.03809976
v 0.00242594 -0.00014507 -0.03812310
v 0.00236529 -0.00011203 -0.03805511
v 0.00238574 -0.00013478 -0.03803943
v 0.00215420 -0.00033864 -0.03792820
v 0.00218044 -0.00025071 -0.03792044
v 0.00219263 -0.00017579 -0.03791946
v 0.00219253 -0.00011521 -0.03792582
v 0.00245741 -0.00061873 -0.03828974
v 0.00247300 -0.00056792 -0.03828726
v 0.00245355 -0.00052652 -0.03827095
v 0.00249442 -0.00059296 -0.03826139
v 0.00249652 -0.00056266 -0.03821240
v 0.00245992 -0.00051924 -0.03814324
v 0.00252997 -0.00053662 -0.03827759
v 0.00249711 -0.00043790 -0.03825468
v 0.00251388 -0.00035075 -0.03823316
v 0.00257450 -0.00045326 -0.03825964
v 0.00255320 -0.00050977 -0.03824509
v 0.00253092 -0.00048347 -0.03827367
v 0.00253923 -0.00048075 -0.03819203
v 0.00258102 -0.00043092 -0.03822300
v 0.00255999 -0.00039884 -0.03825401
v 0.00258772 -0.00037614 -0.03823577
v 0.00258492 -0.00036148 -0.03819603
v 0.00255814 -0.00040670 -0.03816878
v 0.00255628 -0.00034575 -0.03814353
v 0.00249375 -0.00043783 -0.03812292
v 0.00250450 -0.00036670 -0.03810247
v 0.00268726 -0.00045168 -0.03767355
v 0.00244037 -0.00031324 -0.03820208
v 0.00250914 -0.00027490 -0.03820932
v 0.00249549 -0.00021528 -0.03818323
v 0.00248545 -0.00017681 -0.03815500
v 0.00257972 -0.00031001 -0.03820648
v 0.00254812 -0.00026013 -0.03820191
v 0.00256176 -0.00032279 -0.03822997
v 0.00256057 -0.00025962 -0.03817228
v 0.00257198 -0.00030651 -0.03816511
v 0.00253103 -0.00021569 -0.03817015
v 0.00250096 -0.00030386 -0.03808723
v 0.00250243 -0.00018374 -0.03813293
v 0.00247661 -0.00019847 -0.03808431
v 0.00249191 -0.00024735 -0.03808254
v 0.00253619 -0.00030548 -0.03812055
v 0.00254128 -0.00026786 -0.03812802
v 0.00257150 -0.00023705 -0.03813168
v 0.00252723 -0.00022308 -0.03813197
v 0.00247530 -0.00016364 -0.03812989
v 0.00245434 -0.00015856 -0.03808844
v 0.00263341 -0.00033127 -0.03789185
v 0.00268972 -0.00004898 -0.03766722
v 0.00006218 -0.00269097 -0.03728228
v 0.00027101 -0.00255020 -0.03742809
v 0.00015388 -0.00261265 -0.03680665
v 0.00003716 -0.00225535 -0.03747263
v 0.00000800 -0.00214937 -0.03741721
v 0.00036717 -0.00269364 -0.03715554
v 0.00055817 -0.00251946 -0.03733603
v 0.00068062 -0.00267480 -0.03704406
v 0.00036009 -0.00229047 -0.03670408
v 0.00066912 -0.00262548 -0.03668828
v 0.00030592 -0.00183429 -0.03748499
v 0.00010451 -0.00139654 -0.03734821
v 0.00022037 -0.00164584 -0.03742620
v 0.00051977 -0.00187396 -0.03668866
v 0.00083453 -0.00244517 -0.03726931
v 0.00096119 -0.00261276 -0.03697439
v 0.00106226 -0.00272845 -0.03675687
v 0.00121022 -0.00252167 -0.03695144
v 0.00128331 -0.00264262 -0.03674259
v 0.00108987 -0.00234751 -0.03723995
v 0.00131397 -0.00224667 -0.03725992
v 0.00086793 -0.00235784 -0.03666253
v 0.00105801 -0.00265627 -0.03662440
v 0.00125844 -0.00267127 -0.03663429
v 0.00128598 -0.00242154 -0.03665204
v 0.00111169 -0.00194929 -0.03672232
v 0.00136458 -0.00139267 -0.03688973
v 0.00031249 -0.00087374 -0.03745764
v 0.00046071 -0.00116004 -0.03751679
v 0.00067157 -0.00132052 -0.03674827
v 0.00015243 -0.00060162 -0.03744699
v 0.00006300 -0.00036901 -0.03748595
v 0.00000574 -0.00038616 -0.03751373
v 0.00013366 -0.00032118 -0.03747882
v 0.00000165 -0.00005832 -0.03740755
v 0.00021218 -0.00024587 -0.03748529
v 0.00029296 -0.00014628 -0.03749831
v 0.00037352 -0.00002651 -0.03751010
v 0.00040702 -0.00014422 -0.03675897
v 0.00079273 -0.00062673 -0.03678770
v 0.00118368 -0.00000914 -0.03681001
v 0.00142901 -0.00241568 -0.03698016
v 0.00149808 -0.00251616 -0.03678257
v 0.00172034 -0.00242760 -0.03684525
v 0.00149682 -0.00217769 -0.03732018
v 0.00172927 -0.00234441 -0.03713911
v 0.00162843 -0.00217561 -0.03741167
v 0.00160592 -0.00234114 -0.03704716
v 0.00170473 -0.00231473 -0.03676419
v 0.00165548 -0.00205447 -0.03678288
v 0.00186334 -0.00260474 -0.03733892
v 0.00181107 -0.00243057 -0.03724127
v 0.00201346 -0.00240162 -0.03748387
v 0.00194517 -0.00248629 -0.03719709
v 0.00190133 -0.00259029 -0.03705371
v 0.00182072 -0.00247592 -0.03696428
v 0.00189117 -0.00253433 -0.03690599
v 0.00186948 -0.00240115 -0.03686173
v 0.00199674 -0.00270211 -0.03695522
v 0.00196264 -0.00267527 -0.03696879
v 0.00198727 -0.00260883 -0.03705550
v 0.00194566 -0.00257981 -0.03694292
v 0.00200540 -0.00268738 -0.03698171
v 0.00192972 -0.00249822 -0.03699474
v 0.00193476 -0.00255663 -0.03691522
v 0.00189345 -0.00234292 -0.03739631
v 0.00188130 -0.00223045 -0.03732936
v 0.00190929 -0.00237451 -0.03712920
v 0.00196435 -0.00206081 -0.03728498
v 0.00191279 -0.00220942 -0.03684994
v 0.00194390 -0.00238377 -0.03692972
v 0.00197448 -0.00221488 -0.03708957
v 0.00206413 -0.00211986 -0.03695363
v 0.00147322 -0.00249621 -0.03668262
v 0.00206130 -0.00191883 -0.03694188
v 0.00195614 -0.00146248 -0.03707787
v 0.00216412 -0.00272842 -0.03713160
v 0.00209733 -0.00257195 -0.03728241
v 0.00233605 -0.00255197 -0.03735770
v 0.00263163 -0.00234680 -0.03739550
v 0.00212989 -0.00183059 -0.03726513
v 0.00212552 -0.00198564 -0.03708900
v 0.00227088 -0.00182501 -0.03705077
v 0.00211016 -0.00167854 -0.03749112
v 0.00234959 -0.00169023 -0.03715119
v 0.00233417 -0.00138111 -0.03747347
v 0.00235237 -0.00153531 -0.03727985
v 0.00235521 -0.00148907 -0.03720879
v 0.00257629 -0.00145231 -0.03728271
v 0.00158420 -0.00076669 -0.03702792
v 0.00172808 -0.00015005 -0.03700005
v 0.00231840 -0.00082312 -0.03736359
v 0.00260625 -0.00117050 -0.03733916
v 0.00263386 -0.00133209 -0.03729982
v 0.00265889 -0.00105660 -0.03748187
v 0.00257179 -0.00100961 -0.03747972
v 0.00224044 -0.00016648 -0.03720011
v 0.00274287 -0.00060148 -0.03749433
v 0.00272411 -0.00048594 -0.03750992
v 0.00257666 -0.00002736 -0.03730719
v 0.00276723 -0.00019411 -0.03750174
v 0.00552583 -0.00499905 -0.03805538
v 0.00279606 -0.00501362 -0.03680185
v 0.00313396 -0.00482305 -0.03681573
v 0.00341974 -0.00466714 -0.03687125
v 0.00366623 -0.00448836 -0.03693787
v 0.00388626 -0.00422920 -0.03698504
v 0.00279763 -0.00388454 -0.03690683
v 0.00297467 -0.00378553 -0.03693943
v 0.00313686 -0.00360851 -0.03697192
v 0.00332893 -0.00335397 -0.03701028
v 0.00410603 -0.00389676 -0.03703191
v 0.00359561 -0.00302245 -0.03706050
v 0.00438710 -0.00527305 -0.03722789
v 0.00462540 -0.00491346 -0.03732266
v 0.00484199 -0.00447753 -0.03740450
v 0.00435170 -0.00349817 -0.03709759
v 0.00460393 -0.00299730 -0.03714404
v 0.00508907 -0.00399090 -0.03743107
v 0.00533970 -0.00341311 -0.03740985
v 0.00328004 -0.00149699 -0.03753267
v 0.00284002 -0.00045576 -0.04067976
v 0.00290190 -0.00025387 -0.04074941
v 0.00285802 -0.00027347 -0.04051708
v 0.00292288 -0.00004221 -0.04077466
v 0.00288728 -0.00004843 -0.04052676
v 0.00282557 -0.00006783 -0.04022940
v 0.00287030 -0.00102572 -0.03803073
v 0.00295085 -0.00117274 -0.03789065
v 0.00307300 -0.00133038 -0.03773564
v 0.00283670 -0.00075790 -0.03759229
v 0.00330153 -0.00079870 -0.03779057
v 0.00289843 -0.00035113 -0.03834550
v 0.00282527 -0.00027925 -0.03858200
v 0.00307548 -0.00054965 -0.03803559
v 0.00298375 -0.00044268 -0.03817047
v 0.00296949 -0.00067414 -0.03759489
v 0.00310090 -0.00006779 -0.03799246
v 0.00290561 -0.00028844 -0.03753313
v 0.00316787 -0.00066772 -0.03791955
v 0.00320127 -0.00015951 -0.03788542
v 0.00334711 -0.00026599 -0.03777436
v 0.00351701 -0.00094440 -0.03761689
v 0.00357908 -0.00039077 -0.03763334
v 0.00297189 -0.00261995 -0.03719980
v 0.00330790 -0.00222995 -0.03723810
v 0.00295573 -0.00198547 -0.03743931
v 0.00389198 -0.00258507 -0.03711324
v 0.00362805 -0.00171153 -0.03732582
v 0.00417311 -0.00201296 -0.03715919
v 0.00285196 -0.00105196 -0.03751043
v 0.00286953 -0.00093663 -0.03744583
v 0.00280277 -0.00076751 -0.03740236
v 0.00294778 -0.00052921 -0.03750012
v 0.00285316 -0.00035768 -0.03742879
v 0.00289613 -0.00011600 -0.03746643
v 0.00386191 -0.00113005 -0.03741425
v 0.00393906 -0.00055094 -0.03745469
v 0.00484337 -0.00235808 -0.03713321
v 0.00438382 -0.00138088 -0.03719835
v 0.00556699 -0.00270370 -0.03734833
v 0.00502987 -0.00166449 -0.03710592
v 0.00446897 -0.00076360 -0.03723073
v 0.00442342 -0.00017566 -0.03723708
v 0.00512323 -0.00100052 -0.03710305
v 0.00509914 -0.00038159 -0.03711424
v 0.00803295 -0.01063959 -0.04409397
v 0.00650206 -0.01035059 -0.04287410
v 0.00599952 -0.00947092 -0.04175288
v 0.00670842 -0.00889531 -0.04188978
v 0.00730002 -0.00966597 -0.04301097
v 0.00796468 -0.00879098 -0.04317461
v 0.00667899 -0.00757325 -0.04089080
v 0.00729133 -0.00813951 -0.04204120
v 0.00776860 -0.00726341 -0.04214146
v 0.00707805 -0.00679816 -0.04100644
v 0.00747689 -0.00599195 -0.04096724
v 0.00825037 -0.00636467 -0.04206420
v 0.00881119 -0.00963383 -0.04429256
v 0.00948240 -0.00851959 -0.04440587
v 0.00994303 -0.01077420 -0.04539656
v 0.01076792 -0.00951279 -0.04556244
v 0.01013561 -0.00738968 -0.04428662
v 0.00852634 -0.00780351 -0.04327007
v 0.00908846 -0.00680062 -0.04316297
v 0.00975446 -0.00587937 -0.04271891
v 0.00884679 -0.00554088 -0.04168305
v 0.01085985 -0.00633689 -0.04378753
v 0.00616205 -0.00821995 -0.04074915
v 0.00565779 -0.00760446 -0.03963870
v 0.00612078 -0.00706166 -0.03976310
v 0.00645262 -0.00638468 -0.03989705
v 0.00677372 -0.00566443 -0.03990538
v 0.00560989 -0.00657414 -0.03869780
v 0.00589024 -0.00599992 -0.03884536
v 0.00942022 -0.00469337 -0.04120728
v 0.01037354 -0.00493574 -0.04219852
v 0.00983300 -0.00372340 -0.04084615
v 0.01079482 -0.00386571 -0.04186242
v 0.01001095 -0.00163312 -0.04080950
v 0.01100061 -0.00272380 -0.04175195
v 0.01097317 -0.00156450 -0.04190846
v 0.00976581 -0.00060518 -0.04112142
v 0.01072643 -0.00043230 -0.04225059
v 0.00614655 -0.00536407 -0.03891188
v 0.00580376 -0.00442878 -0.03800377
v 0.00649183 -0.00473991 -0.03875854
v 0.00609003 -0.00378318 -0.03787711
v 0.00684563 -0.00405820 -0.03851228
v 0.00633228 -0.00301313 -0.03775409
v 0.00720454 -0.00499179 -0.03965291
v 0.00763909 -0.00427785 -0.03929843
v 0.00799317 -0.00525190 -0.04064440
v 0.00712753 -0.00324967 -0.03830001
v 0.00797141 -0.00343368 -0.03900073
v 0.00651645 -0.00220165 -0.03764136
v 0.00662853 -0.00143178 -0.03754558
v 0.00661465 -0.00071251 -0.03754032
v 0.00642093 -0.00005284 -0.03769917
v 0.00731874 -0.00239250 -0.03814847
v 0.00740046 -0.00156485 -0.03808437
v 0.00817090 -0.00253031 -0.03882173
v 0.00820699 -0.00163878 -0.03882340
v 0.00734082 -0.00077792 -0.03814346
v 0.00710793 -0.00004291 -0.03836147
v 0.00808025 -0.00077691 -0.03897630
v 0.00574711 -0.00194853 -0.03727372
v 0.00585627 -0.00123346 -0.03721324
v 0.00584849 -0.00057047 -0.03720629
v 0.00850300 -0.00448182 -0.04021868
v 0.00888255 -0.00358548 -0.03987085
v 0.00908987 -0.00262431 -0.03968781
v 0.00908303 -0.00165972 -0.03975646
v 0.00888617 -0.00071968 -0.03999947
v 0.01004373 -0.00268523 -0.04068509
v 0.01259714 -0.02118295 -0.04420400
v 0.01131857 -0.01890571 -0.04531388
v 0.01326934 -0.01760937 -0.04576720
v 0.01486899 -0.01981210 -0.04465035
v 0.01167864 -0.01547047 -0.04613069
v 0.01315215 -0.01406518 -0.04661841
v 0.01138258 -0.01224152 -0.04625054
v 0.01508349 -0.01610039 -0.04632546
v 0.01448883 -0.01249097 -0.04697747
v 0.01893374 -0.02034878 -0.04310416
v 0.01700834 -0.01820235 -0.04519703
v 0.02119306 -0.01827532 -0.04351325
v 0.01674674 -0.01436893 -0.04677043
v 0.01897916 -0.01631004 -0.04565317
v 0.01816961 -0.01244166 -0.04687498
v 0.02065622 -0.01414164 -0.04579928
v 0.02191426 -0.01170356 -0.04541583
v 0.01242328 -0.01082322 -0.04649968
v 0.01153632 -0.00822170 -0.04545821
v 0.01335347 -0.00934180 -0.04644185
v 0.01230658 -0.00698297 -0.04492445
v 0.01295789 -0.00571000 -0.04434739
v 0.01564997 -0.01079509 -0.04700164
v 0.01659680 -0.00902483 -0.04648466
v 0.01418784 -0.00786362 -0.04590004
v 0.01485426 -0.00633278 -0.04531502
v 0.01336945 -0.00431618 -0.04411325
v 0.01357024 -0.00285587 -0.04412434
v 0.01150532 -0.00525820 -0.04323202
v 0.01192223 -0.00405059 -0.04294350
v 0.01212220 -0.00277051 -0.04289588
v 0.01358927 -0.00138342 -0.04428297
v 0.01211687 -0.00147441 -0.04306306
v 0.01189534 -0.00020745 -0.04339910
v 0.01528065 -0.00469337 -0.04512755
v 0.01549744 -0.00299480 -0.04517708
v 0.01553501 -0.00128649 -0.04530304
v 0.01926258 -0.01034525 -0.04641201
v 0.01731746 -0.00716814 -0.04590528
v 0.02007122 -0.00811828 -0.04586236
v 0.02064105 -0.00579933 -0.04570686
v 0.01780005 -0.00521301 -0.04574226
v 0.01805650 -0.00320222 -0.04579381
v 0.01809871 -0.00117858 -0.04585810
v 0.02094998 -0.00342647 -0.04572609
v 0.02097588 -0.00103774 -0.04570061
v 0.02272542 -0.02460632 -0.03577813
v 0.02551004 -0.02208381 -0.03599748
v 0.02248483 -0.03077374 -0.02522978
v 0.02594862 -0.02822226 -0.02525480
v 0.02442796 -0.02651340 -0.03082454
v 0.02746096 -0.02377164 -0.03096051
v 0.02920831 -0.02526873 -0.02532091
v 0.02443229 -0.03382532 -0.01308568
v 0.02498901 -0.03484499 -0.00667925
v 0.02510254 -0.03526261 -0.00018240
v 0.02358463 -0.03245368 -0.01931209
v 0.02726166 -0.02971644 -0.01926656
v 0.02829646 -0.03092891 -0.01298831
v 0.03192388 -0.02759945 -0.01294998
v 0.03071226 -0.02655450 -0.01927230
v 0.02901578 -0.03183354 -0.00655398
v 0.03283149 -0.02841130 -0.00649522
v 0.02937519 -0.03238307 -0.00004624
v 0.03335389 -0.02892243 0.00003331
v 0.03373231 -0.02290759 -0.01926970
v 0.03512629 -0.02378078 -0.01293303
v 0.03623223 -0.02449826 -0.00647695
v 0.03693196 -0.02496756 0.00006256
v 0.02339538 -0.02022581 -0.04023821
v 0.02556855 -0.01754330 -0.04037142
v 0.02311935 -0.01585538 -0.04366719
v 0.02456287 -0.01307476 -0.04337225
v 0.02721941 -0.01443388 -0.04015741
v 0.02792071 -0.01913965 -0.03609442
v 0.02977371 -0.01571833 -0.03594142
v 0.02842633 -0.01105199 -0.03983242
v 0.03111503 -0.01198815 -0.03568309
v 0.03009267 -0.02057868 -0.03101864
v 0.03211554 -0.01686553 -0.03089441
v 0.03204354 -0.02184109 -0.02534383
v 0.02283923 -0.00908536 -0.04493047
v 0.02351707 -0.00637655 -0.04477084
v 0.02562359 -0.01006479 -0.04296778
v 0.02640150 -0.00695676 -0.04279314
v 0.02388045 -0.00361585 -0.04472550
v 0.02386205 -0.00084198 -0.04458304
v 0.02679261 -0.00379707 -0.04266573
v 0.02669293 -0.00063212 -0.04240295
v 0.02926770 -0.00755206 -0.03963272
v 0.03199067 -0.00811741 -0.03546402
v 0.02963113 -0.00399681 -0.03942049
v 0.02940422 -0.00044897 -0.03905794
v 0.03229668 -0.00418830 -0.03519097
v 0.03192910 -0.00028301 -0.03477069
v 0.03423388 -0.01786729 -0.02523933
v 0.03355722 -0.01281447 -0.03067847
v 0.03578302 -0.01353372 -0.02506415
v 0.03444537 -0.00860774 -0.03046150
v 0.03669457 -0.00902677 -0.02487500
v 0.03468992 -0.00434472 -0.03017835
v 0.03420075 -0.00012474 -0.02976387
v 0.03689440 -0.00446381 -0.02462447
v 0.03611769 -0.01871539 -0.01919916
v 0.03750583 -0.01933148 -0.01284927
v 0.03782254 -0.01414867 -0.01908571
v 0.03938311 -0.01459335 -0.01280048
v 0.03876568 -0.01989018 -0.00642431
v 0.03963504 -0.02027918 0.00009543
v 0.04081777 -0.01499604 -0.00642914
v 0.04184486 -0.01526364 0.00005094
v 0.03880101 -0.00937817 -0.01895439
v 0.03899370 -0.00454329 -0.01877119
v 0.04045780 -0.00963637 -0.01273937
v 0.04067590 -0.00460624 -0.01264209
v 0.04202450 -0.00986526 -0.00643758
v 0.04340205 -0.01004201 -0.00006733
v 0.04229886 -0.00464102 -0.00643366
v 0.04374891 -0.00462616 -0.00015663
v 0.00074178 -0.04349008 0.01089924
v 0.00022840 -0.04292651 0.01683381
v 0.00523479 -0.04235348 0.01729348
v 0.00624008 -0.04316790 0.00506791
v 0.00576109 -0.04290265 0.01129973
v 0.01114642 -0.04182795 0.00545061
v 0.01076310 -0.04177813 0.01169492
v 0.01021051 -0.04129089 0.01772907
v 0.00461642 -0.04127984 0.02289816
v 0.00391086 -0.03965811 0.02802725
v 0.00952978 -0.04031213 0.02335357
v 0.00870282 -0.03877269 0.02853764
v 0.01598776 -0.04025735 0.00577795
v 0.01569337 -0.04042523 0.01206639
v 0.02063460 -0.03818866 0.00604876
v 0.02028023 -0.03814019 0.01234352
v 0.01513373 -0.03997922 0.01813150
v 0.01439203 -0.03906167 0.02384634
v 0.01346733 -0.03759489 0.02910730
v 0.01891325 -0.03682769 0.02416504
v 0.01970798 -0.03770945 0.01841923
v 0.01800767 -0.03562048 0.02952050
v 0.02225268 -0.03297068 0.02983413
v 0.00255578 -0.03529110 0.03661676
v 0.00319881 -0.03757860 0.03259705
v 0.00780611 -0.03676051 0.03315167
v 0.00691721 -0.03451544 0.03719705
v 0.00196589 -0.03256280 0.03985732
v 0.00144597 -0.02964108 0.04232660
v 0.00514044 -0.02888973 0.04282405
v 0.00097679 -0.02666827 0.04409193
v 0.00601579 -0.03180848 0.04042547
v 0.01001289 -0.03054337 0.04093642
v 0.00876751 -0.02766443 0.04325823
v 0.00053913 -0.02378670 0.04522061
v 0.00430013 -0.02592272 0.04447931
v 0.00350386 -0.02307100 0.04547771
v 0.00754385 -0.02475938 0.04480531
v 0.00639143 -0.02199672 0.04567940
v 0.01064355 -0.02318336 0.04506314
v 0.01240442 -0.03564664 0.03377904
v 0.01123043 -0.03322766 0.03773811
v 0.01678646 -0.03373302 0.03423690
v 0.01384152 -0.02873087 0.04134561
v 0.01539031 -0.03139781 0.03821721
v 0.01223714 -0.02595337 0.04360197
v 0.01545921 -0.02374474 0.04382809
v 0.02086624 -0.03113867 0.03456625
v 0.01922783 -0.02888117 0.03852105
v 0.01738605 -0.02633442 0.04160841
v 0.02065555 -0.02348756 0.04183606
v 0.00016811 -0.02105857 0.04581521
v 0.00224145 -0.01794456 0.04599797
v 0.00280113 -0.02039236 0.04594275
v 0.00537031 -0.01942347 0.04602415
v 0.00454060 -0.01708667 0.04598330
v 0.00182459 -0.01573397 0.04573490
v 0.00155030 -0.01376693 0.04524496
v 0.00138872 -0.01202092 0.04458005
v 0.00389127 -0.01498553 0.04565043
v 0.00341132 -0.01311924 0.04511900
v 0.00306291 -0.01146430 0.04443423
v 0.00521397 -0.01228805 0.04500085
v 0.00782493 -0.01816624 0.04608157
v 0.00914908 -0.02057655 0.04583624
v 0.01011425 -0.01663501 0.04613711
v 0.00674226 -0.01598565 0.04595952
v 0.00587922 -0.01402841 0.04556698
v 0.00689447 -0.01128726 0.04490097
v 0.00772891 -0.01287477 0.04550543
v 0.00879235 -0.01465477 0.04595172
v 0.00943064 -0.01153387 0.04544767
v 0.01068895 -0.01310974 0.04593773
v 0.00130994 -0.01047342 0.04379206
v 0.00001020 -0.00931441 0.04303664
v 0.00129364 -0.00906965 0.04287864
v 0.00262333 -0.00866755 0.04273678
v 0.00041007 -0.00662760 0.04077767
v 0.00137457 -0.00648804 0.04067909
v 0.00237989 -0.00622267 0.04058833
v 0.00020044 -0.00794137 0.04197034
v 0.00131951 -0.00775484 0.04183749
v 0.00248453 -0.00742478 0.04171819
v 0.00280818 -0.00999722 0.04364114
v 0.00428558 -0.00936995 0.04350199
v 0.00339641 -0.00583961 0.04049975
v 0.00394674 -0.00812582 0.04260489
v 0.00365424 -0.00696582 0.04160551
v 0.00521137 -0.00746222 0.04247676
v 0.00478739 -0.00639256 0.04149253
v 0.00043609 -0.00294182 0.03673027
v 0.00102050 -0.00289649 0.03672052
v 0.00161191 -0.00278862 0.03669426
v 0.00068012 -0.00099111 0.03419883
v 0.00044750 -0.00016461 0.03306613
v 0.00125558 -0.00079423 0.03407766
v 0.00182189 -0.00071807 0.03414821
v 0.00216399 -0.00082558 0.03442422
v 0.00246600 -0.00040053 0.03407707
v 0.00014782 -0.00195093 0.03547268
v 0.00062110 -0.00188273 0.03540035
v 0.00116475 -0.00178697 0.03536201
v 0.00030307 -0.00124427 0.03450810
v 0.00170691 -0.00167908 0.03535818
v 0.00217314 -0.00157401 0.03539281
v 0.00219434 -0.00261545 0.03665505
v 0.00277549 -0.00235725 0.03660182
v 0.00262238 -0.00127489 0.03525808
v 0.00336407 -0.00199454 0.03653216
v 0.00393121 -0.00154175 0.03644500
v 0.00311908 -0.00088659 0.03515166
v 0.00360198 -0.00046235 0.03507367
v 0.00400754 -0.00005498 0.03502735
v 0.00444732 -0.00101317 0.03634006
v 0.00491992 -0.00041279 0.03622945
v 0.00016299 -0.00411804 0.03812404
v 0.00062683 -0.00533938 0.03947578
v 0.00083542 -0.00409093 0.03810869
v 0.00229751 -0.00501491 0.03935014
v 0.00144585 -0.00522831 0.03941402
v 0.00152706 -0.00399029 0.03807487
v 0.00223609 -0.00380975 0.03803020
v 0.00316155 -0.00469686 0.03928353
v 0.00401773 -0.00427188 0.03921361
v 0.00295295 -0.00353636 0.03797790
v 0.00366807 -0.00315722 0.03792116
v 0.00439451 -0.00534701 0.04040793
v 0.00534621 -0.00473951 0.04032250
v 0.00483921 -0.00373612 0.03914537
v 0.00435725 -0.00267487 0.03785750
v 0.00499862 -0.00209233 0.03778136
v 0.00623123 -0.00987222 0.04417646
v 0.00568143 -0.00860965 0.04336987
v 0.00764557 -0.00885429 0.04406028
v 0.00585830 -0.00570116 0.04138828
v 0.00639548 -0.00667526 0.04235775
v 0.00697769 -0.00771599 0.04324600
v 0.00747729 -0.00576348 0.04225329
v 0.00815635 -0.00668861 0.04313146
v 0.00892670 -0.00768990 0.04394697
v 0.00923676 -0.00552222 0.04302830
v 0.01009401 -0.00637882 0.04383696
v 0.00559623 -0.00141856 0.03770061
v 0.00615341 -0.00066230 0.03762421
v 0.00559921 -0.00308576 0.03908380
v 0.00622356 -0.00401177 0.04025322
v 0.00704058 -0.00317052 0.04019565
v 0.00684130 -0.00488777 0.04130180
v 0.00775391 -0.00395202 0.04123043
v 0.00631007 -0.00233150 0.03902370
v 0.00698265 -0.00148374 0.03896202
v 0.00781413 -0.00222304 0.04014165
v 0.00759505 -0.00056912 0.03888124
v 0.00847574 -0.00472069 0.04216467
v 0.00861363 -0.00289351 0.04117165
v 0.00940981 -0.00354071 0.04209326
v 0.01023828 -0.00421151 0.04293861
v 0.01111233 -0.00278960 0.04285268
v 0.00851522 -0.00119309 0.04007050
v 0.00910794 -0.00010310 0.03997067
v 0.00937993 -0.00173961 0.04110974
v 0.01023326 -0.00225635 0.04202529
v 0.01001888 -0.00051895 0.04102040
v 0.01090425 -0.00090129 0.04194122
v 0.00469869 -0.01074258 0.04429968
v 0.00843970 -0.01012116 0.04480802
v 0.01097471 -0.01001491 0.04537561
v 0.00983653 -0.00879405 0.04471060
v 0.01110455 -0.00731269 0.04460624
v 0.01843903 -0.02113432 0.04399744
v 0.02118190 -0.01821797 0.04417082
v 0.01353477 -0.02119975 0.04524603
v 0.01172409 -0.01882325 0.04595881
v 0.01412460 -0.01677543 0.04603293
v 0.01622505 -0.01886927 0.04536401
v 0.01224385 -0.01485488 0.04616916
v 0.01243011 -0.01136627 0.04589528
v 0.01635875 -0.01447168 0.04604451
v 0.01421927 -0.01285094 0.04615612
v 0.01872185 -0.01625264 0.04542717
v 0.01837607 -0.01198318 0.04606064
v 0.02096112 -0.01343997 0.04551449
v 0.01116687 -0.00492090 0.04373067
v 0.01209243 -0.00334750 0.04362502
v 0.01181033 -0.00128964 0.04276081
v 0.01281789 -0.00169003 0.04351685
v 0.01400671 -0.00210836 0.04424842
v 0.01459687 -0.00023902 0.04397626
v 0.01237482 -0.00833404 0.04528865
v 0.01226332 -0.00568384 0.04449250
v 0.01364465 -0.00650745 0.04518618
v 0.01401127 -0.00945309 0.04583666
v 0.01601224 -0.01066955 0.04613305
v 0.01542788 -0.00739884 0.04577401
v 0.01325125 -0.00393867 0.04437219
v 0.01470977 -0.00456658 0.04506706
v 0.01658901 -0.00523470 0.04568232
v 0.01549569 -0.00254287 0.04493014
v 0.01608602 -0.00048015 0.04462248
v 0.01759452 -0.00835704 0.04613503
v 0.01886216 -0.00594106 0.04609560
v 0.02012614 -0.00938108 0.04614842
v 0.02150243 -0.00668369 0.04618455
v 0.01740375 -0.00299179 0.04553660
v 0.01797453 -0.00071266 0.04518425
v 0.01971123 -0.00344924 0.04594830
v 0.02025413 -0.00092685 0.04554651
v 0.02506683 -0.03555532 0.00626594
v 0.02474666 -0.03549529 0.01257615
v 0.02413775 -0.03504482 0.01867625
v 0.02325902 -0.03415601 0.02444904
v 0.02943044 -0.03265265 0.00643458
v 0.02901776 -0.03239304 0.01277069
v 0.03329895 -0.02910247 0.01298858
v 0.02740354 -0.03101459 0.02473543
v 0.02626945 -0.02983241 0.03016047
v 0.02837587 -0.03191984 0.01891401
v 0.03249708 -0.02846320 0.01918673
v 0.03143701 -0.02756671 0.02510929
v 0.03013606 -0.02638727 0.03061040
v 0.03352175 -0.02917648 0.00655754
v 0.03722763 -0.02519839 0.00662957
v 0.03708056 -0.02512788 0.01313511
v 0.03629402 -0.02453106 0.01944636
v 0.03517351 -0.02368205 0.02548657
v 0.03366047 -0.02250747 0.03106953
v 0.02468655 -0.02804970 0.03489998
v 0.02278939 -0.02588048 0.03881384
v 0.02607368 -0.02252631 0.03919824
v 0.02827293 -0.02460731 0.03534850
v 0.04031571 -0.02059193 0.00664468
v 0.04026922 -0.02052557 0.01320681
v 0.04260366 -0.01548433 0.00659166
v 0.04265062 -0.01541088 0.01317900
v 0.03854537 -0.01935752 0.02582598
v 0.03967689 -0.02011161 0.01966874
v 0.04217077 -0.01508355 0.01970438
v 0.04103854 -0.01444851 0.02593687
v 0.04404710 -0.01008410 0.00646500
v 0.04414940 -0.00997965 0.01302488
v 0.04446590 -0.00456335 0.00629353
v 0.04461567 -0.00441462 0.01277311
v 0.04367659 -0.00968699 0.01953375
v 0.04251554 -0.00917233 0.02575208
v 0.04414087 -0.00415357 0.01919604
v 0.04100085 -0.00326946 0.03090760
v 0.04296232 -0.00377393 0.02532121
v 0.02365912 -0.02032381 0.04213973
v 0.02633343 -0.01691126 0.04250273
v 0.03155970 -0.02084651 0.03586724
v 0.02904772 -0.01890629 0.03967011
v 0.02861517 -0.01331798 0.04290828
v 0.03159919 -0.01500619 0.04013169
v 0.02362573 -0.01508592 0.04438969
v 0.02570840 -0.01182835 0.04469549
v 0.03038003 -0.00957061 0.04312435
v 0.03150365 -0.00569581 0.04291881
v 0.02883608 -0.00152609 0.04412189
v 0.03197851 -0.00182377 0.04228310
v 0.02287875 -0.01052137 0.04570497
v 0.02436878 -0.00750800 0.04581968
v 0.02732020 -0.00845938 0.04487158
v 0.02239844 -0.00390934 0.04604564
v 0.02291663 -0.00111299 0.04559416
v 0.02532521 -0.00441098 0.04567963
v 0.02582345 -0.00130231 0.04517128
v 0.02835139 -0.00499307 0.04470134
v 0.03439811 -0.01669371 0.03633090
v 0.03674965 -0.01818118 0.03147119
v 0.03658955 -0.01221890 0.03654798
v 0.03912833 -0.01345194 0.03164548
v 0.03793547 -0.00749209 0.03632685
v 0.03357163 -0.01087444 0.04036201
v 0.03480866 -0.00655945 0.04014017
v 0.03839287 -0.00272735 0.03571218
v 0.03527475 -0.00223483 0.03949191
v 0.04055313 -0.00840187 0.03144031
v 0.00256440 0.00005892 -0.04101138
v 0.00252310 0.00005550 -0.04091186
v 0.00261105 0.00020525 -0.04105498
v 0.00252029 0.00018280 -0.04089418
v 0.00251151 0.00028725 -0.04083366
v 0.00255812 0.00019312 -0.04098111
v 0.00259423 0.00031624 -0.04097208
v 0.00254584 0.00030320 -0.04090525
v 0.00269252 0.00007480 -0.04113968
v 0.00262104 0.00006407 -0.04109400
v 0.00277837 0.00009492 -0.04112838
v 0.00267486 0.00022323 -0.04109138
v 0.00264771 0.00033494 -0.04100126
v 0.00274534 0.00025112 -0.04106593
v 0.00253145 0.00039302 -0.04079414
v 0.00257940 0.00040300 -0.04086131
v 0.00269726 0.00036784 -0.04095989
v 0.00262194 0.00039613 -0.04090471
v 0.00263898 0.00044225 -0.04084067
v 0.00273404 0.00041027 -0.04085368
v 0.00285376 0.00011981 -0.04105758
v 0.00289384 0.00014479 -0.04092478
v 0.00280466 0.00028464 -0.04097907
v 0.00283501 0.00031950 -0.04083125
v 0.00527739 0.00482399 -0.04093254
v 0.00138648 0.00134931 -0.03916262
v 0.00069206 0.00037811 -0.03837744
v 0.00055697 0.00055984 -0.03839644
v 0.00008815 0.00013272 -0.03769985
v 0.00019345 0.00009895 -0.03782660
v 0.00028265 0.00024316 -0.03786104
v 0.00008721 0.00050546 -0.03822630
v 0.00000740 0.00058581 -0.03819813
v 0.00004567 0.00062165 -0.03805301
v 0.00016358 0.00055955 -0.03797112
v 0.00021781 0.00039976 -0.03820217
v 0.00011791 0.00064243 -0.03776637
v 0.00033190 0.00043689 -0.03790707
v 0.00037642 0.00025410 -0.03815678
v 0.00054024 0.00005389 -0.03812113
v 0.00051459 0.00026560 -0.03786842
v 0.00058780 0.00001297 -0.03784630
v 0.00067563 0.00005764 -0.03786271
v 0.00066138 0.00014180 -0.03787747
v 0.00067465 0.00066688 -0.03811652
v 0.00037622 0.00038317 -0.03786617
v 0.00046452 0.00050553 -0.03784365
v 0.00053789 0.00059676 -0.03779519
v 0.00059509 0.00065154 -0.03772951
v 0.00065276 0.00057896 -0.03753829
v 0.00063484 0.00066450 -0.03765534
v 0.00065484 0.00063914 -0.03758687
v 0.00031635 0.00078808 -0.03843037
v 0.00024482 0.00086295 -0.03839898
v 0.00022548 0.00090880 -0.03834015
v 0.00042607 0.00069177 -0.03842181
v 0.00067329 0.00092231 -0.03866987
v 0.00046231 0.00113709 -0.03869172
v 0.00042555 0.00117709 -0.03842896
v 0.00047500 0.00105388 -0.03837310
v 0.00039918 0.00121188 -0.03865905
v 0.00038088 0.00126294 -0.03860254
v 0.00041828 0.00130774 -0.03846000
v 0.00041952 0.00128471 -0.03853290
v 0.00050469 0.00127120 -0.03846520
v 0.00055813 0.00104412 -0.03868982
v 0.00066037 0.00117945 -0.03854134
v 0.00059070 0.00128676 -0.03860412
v 0.00062595 0.00121644 -0.03841454
v 0.00027234 0.00091802 -0.03826639
v 0.00030085 0.00101871 -0.03818232
v 0.00033784 0.00090742 -0.03811873
v 0.00009866 0.00094660 -0.03756421
v 0.00028006 0.00082112 -0.03777727
v 0.00022595 0.00074810 -0.03769494
v 0.00031343 0.00081501 -0.03760986
v 0.00019768 0.00088183 -0.03784717
v 0.00017521 0.00098017 -0.03791367
v 0.00031602 0.00114504 -0.03822566
v 0.00021800 0.00109719 -0.03796544
v 0.00033140 0.00121397 -0.03799116
v 0.00008829 0.00103716 -0.03762735
v 0.00015655 0.00114673 -0.03768243
v 0.00030419 0.00125897 -0.03771739
v 0.00051640 0.00079909 -0.03814470
v 0.00041521 0.00083327 -0.03804569
v 0.00037334 0.00088374 -0.03819536
v 0.00052787 0.00079299 -0.03798099
v 0.00067072 0.00078336 -0.03794243
v 0.00054899 0.00096184 -0.03830232
v 0.00064330 0.00090027 -0.03823528
v 0.00041476 0.00079360 -0.03771999
v 0.00037834 0.00083581 -0.03752255
v 0.00059417 0.00079488 -0.03769136
v 0.00039509 0.00126432 -0.03823797
v 0.00050119 0.00131991 -0.03799723
v 0.00051377 0.00136346 -0.03773652
v 0.00083515 0.00015729 -0.03838151
v 0.00092601 0.00056875 -0.03864032
v 0.00122452 0.00014969 -0.03867305
v 0.00138839 0.00050867 -0.03885141
v 0.00125140 0.00063969 -0.03888312
v 0.00107248 0.00035411 -0.03866069
v 0.00119340 0.00061031 -0.03837256
v 0.00133645 0.00041810 -0.03837713
v 0.00096723 0.00028140 -0.03812471
v 0.00077863 0.00010730 -0.03760943
v 0.00073322 0.00026493 -0.03788872
v 0.00083593 0.00022578 -0.03761150
v 0.00095630 0.00004834 -0.03791778
v 0.00102443 0.00016081 -0.03791674
v 0.00088192 0.00033010 -0.03762019
v 0.00082124 0.00048997 -0.03811289
v 0.00079853 0.00037109 -0.03787878
v 0.00085249 0.00044897 -0.03784638
v 0.00089280 0.00049347 -0.03779775
v 0.00091712 0.00049951 -0.03773912
v 0.00091173 0.00041345 -0.03764405
v 0.00092392 0.00047139 -0.03768354
v 0.00112380 0.00005422 -0.03814284
v 0.00127533 0.00007042 -0.03794271
v 0.00108786 0.00008723 -0.03768700
v 0.00108558 0.00025517 -0.03790248
v 0.00113552 0.00032226 -0.03787376
v 0.00118986 0.00032535 -0.03774199
v 0.00113714 0.00018710 -0.03769353
v 0.00117178 0.00026759 -0.03771145
v 0.00138565 0.00006106 -0.03774412
v 0.00133877 0.00015628 -0.03791861
v 0.00139047 0.00021468 -0.03788836
v 0.00117118 0.00035769 -0.03783396
v 0.00118948 0.00035705 -0.03778643
v 0.00097301 0.00099550 -0.03888773
v 0.00079444 0.00076100 -0.03864838
v 0.00104545 0.00080076 -0.03836851
v 0.00091562 0.00100409 -0.03839803
v 0.00090379 0.00097498 -0.03836925
v 0.00101559 0.00098464 -0.03837916
v 0.00084895 0.00116091 -0.03891022
v 0.00073606 0.00130287 -0.03893868
v 0.00073950 0.00109652 -0.03847724
v 0.00076508 0.00111839 -0.03838214
v 0.00082409 0.00103972 -0.03843010
v 0.00079486 0.00136287 -0.03870122
v 0.00086264 0.00128665 -0.03865482
v 0.00101240 0.00118120 -0.03859426
v 0.00093428 0.00122709 -0.03861880
v 0.00111006 0.00081186 -0.03888696
v 0.00135290 0.00098464 -0.03904172
v 0.00112491 0.00097585 -0.03836750
v 0.00134550 0.00099514 -0.03859611
v 0.00124450 0.00097216 -0.03835704
v 0.00136751 0.00097693 -0.03835066
v 0.00109818 0.00123515 -0.03909475
v 0.00114839 0.00132493 -0.03875388
v 0.00122843 0.00109090 -0.03907537
v 0.00123429 0.00129504 -0.03874750
v 0.00109832 0.00114688 -0.03857776
v 0.00121549 0.00115808 -0.03859485
v 0.00119335 0.00112200 -0.03856584
v 0.00107980 0.00131416 -0.03859984
v 0.00129533 0.00111120 -0.03855901
v 0.00133058 0.00128942 -0.03874617
v 0.00075373 0.00086846 -0.03819066
v 0.00087727 0.00085926 -0.03816344
v 0.00101094 0.00086547 -0.03814865
v 0.00083384 0.00079519 -0.03792209
v 0.00079991 0.00081446 -0.03768100
v 0.00100732 0.00081933 -0.03791201
v 0.00101363 0.00084187 -0.03767854
v 0.00115363 0.00087872 -0.03813991
v 0.00130430 0.00089061 -0.03813087
v 0.00118711 0.00084585 -0.03790684
v 0.00136917 0.00086485 -0.03790119
v 0.00122795 0.00086765 -0.03768012
v 0.00059995 0.00185405 -0.03916648
v 0.00066772 0.00176718 -0.03917559
v 0.00068674 0.00207568 -0.03934104
v 0.00063427 0.00215201 -0.03932407
v 0.00067064 0.00237640 -0.03942731
v 0.00060859 0.00222137 -0.03928746
v 0.00061009 0.00227577 -0.03923610
v 0.00063918 0.00230725 -0.03917487
v 0.00065816 0.00243698 -0.03939199
v 0.00066854 0.00248674 -0.03934506
v 0.00069524 0.00251057 -0.03928726
v 0.00075595 0.00166288 -0.03916449
v 0.00084890 0.00187419 -0.03932330
v 0.00076020 0.00198540 -0.03934018
v 0.00095140 0.00174776 -0.03929755
v 0.00104369 0.00192969 -0.03939911
v 0.00118388 0.00148710 -0.03923901
v 0.00106625 0.00161182 -0.03927011
v 0.00129464 0.00139431 -0.03920229
v 0.00131979 0.00166810 -0.03928498
v 0.00136813 0.00169434 -0.03925259
v 0.00114598 0.00181204 -0.03936321
v 0.00120967 0.00195172 -0.03939712
v 0.00124188 0.00171609 -0.03932351
v 0.00127304 0.00185563 -0.03934785
v 0.00139244 0.00175881 -0.03921922
v 0.00129065 0.00193369 -0.03934830
v 0.00123518 0.00202309 -0.03917990
v 0.00131140 0.00200460 -0.03932127
v 0.00085364 0.00216207 -0.03945009
v 0.00077608 0.00225351 -0.03945863
v 0.00071251 0.00232009 -0.03945028
v 0.00094342 0.00205204 -0.03942886
v 0.00103780 0.00217999 -0.03947638
v 0.00095121 0.00229325 -0.03950363
v 0.00087216 0.00238893 -0.03951903
v 0.00090680 0.00232755 -0.03916027
v 0.00099126 0.00236514 -0.03920603
v 0.00074174 0.00250013 -0.03950369
v 0.00070595 0.00249043 -0.03946832
v 0.00080190 0.00246017 -0.03951993
v 0.00074122 0.00251666 -0.03923343
v 0.00084970 0.00246156 -0.03917509
v 0.00080944 0.00251320 -0.03919841
v 0.00082573 0.00253478 -0.03918136
v 0.00077111 0.00261550 -0.03950166
v 0.00073064 0.00261923 -0.03941556
v 0.00071143 0.00257007 -0.03945870
v 0.00083606 0.00259838 -0.03952415
v 0.00087027 0.00267155 -0.03948164
v 0.00079894 0.00267470 -0.03945909
v 0.00082357 0.00268623 -0.03939088
v 0.00077604 0.00260476 -0.03929933
v 0.00075535 0.00263474 -0.03935694
v 0.00083156 0.00263682 -0.03930225
v 0.00085559 0.00256709 -0.03919483
v 0.00080503 0.00260575 -0.03917955
v 0.00083174 0.00271338 -0.03920169
v 0.00084465 0.00264964 -0.03920437
v 0.00086839 0.00268277 -0.03921718
v 0.00078920 0.00266432 -0.03916275
v 0.00090519 0.00254383 -0.03952947
v 0.00097848 0.00245972 -0.03951960
v 0.00101324 0.00255261 -0.03948327
v 0.00094167 0.00245320 -0.03920374
v 0.00087543 0.00239625 -0.03916770
v 0.00090145 0.00252349 -0.03920178
v 0.00089236 0.00249054 -0.03917570
v 0.00098248 0.00243903 -0.03915879
v 0.00099927 0.00252264 -0.03923606
v 0.00094149 0.00262820 -0.03948922
v 0.00089628 0.00268312 -0.03940272
v 0.00104352 0.00257306 -0.03940112
v 0.00096982 0.00264348 -0.03940608
v 0.00090625 0.00262536 -0.03929740
v 0.00087310 0.00256820 -0.03920046
v 0.00094501 0.00260313 -0.03923093
v 0.00095217 0.00270200 -0.03922912
v 0.00090062 0.00265899 -0.03922448
v 0.00098515 0.00258272 -0.03929197
v 0.00101277 0.00262922 -0.03923308
v 0.00102359 0.00268916 -0.03919092
v 0.00112594 0.00206190 -0.03943997
v 0.00121306 0.00210299 -0.03941488
v 0.00111029 0.00216997 -0.03920799
v 0.00117841 0.00208468 -0.03920242
v 0.00119922 0.00221197 -0.03922333
v 0.00105591 0.00235392 -0.03949655
v 0.00113494 0.00223286 -0.03946130
v 0.00116000 0.00233056 -0.03943425
v 0.00118811 0.00236066 -0.03936588
v 0.00104769 0.00226710 -0.03920832
v 0.00112843 0.00231858 -0.03923658
v 0.00121929 0.00230423 -0.03926273
v 0.00123451 0.00218819 -0.03938961
v 0.00126628 0.00209008 -0.03918810
v 0.00128528 0.00218082 -0.03924796
v 0.00129995 0.00216880 -0.03916694
v 0.00132534 0.00205354 -0.03927675
v 0.00133064 0.00205541 -0.03922545
v 0.00125647 0.00222560 -0.03933414
v 0.00123008 0.00230227 -0.03920878
v 0.00124798 0.00236368 -0.03916221
v 0.00108617 0.00245272 -0.03946521
v 0.00111671 0.00247763 -0.03938796
v 0.00106109 0.00242497 -0.03923938
v 0.00106558 0.00251219 -0.03928489
v 0.00108175 0.00253373 -0.03923428
v 0.00114485 0.00241703 -0.03927509
v 0.00115541 0.00242245 -0.03922781
v 0.00117497 0.00248321 -0.03917889
v 0.00109811 0.00259465 -0.03918751
v 0.00049581 0.00158342 -0.03892190
v 0.00048147 0.00163898 -0.03886664
v 0.00051412 0.00166902 -0.03879942
v 0.00054888 0.00150744 -0.03895541
v 0.00063251 0.00141615 -0.03895737
v 0.00066646 0.00157160 -0.03880562
v 0.00061281 0.00169900 -0.03883119
v 0.00047084 0.00142211 -0.03845633
v 0.00051307 0.00154554 -0.03866306
v 0.00053447 0.00141671 -0.03864734
v 0.00057244 0.00151223 -0.03843070
v 0.00058599 0.00166954 -0.03873228
v 0.00054788 0.00164945 -0.03864336
v 0.00068930 0.00163654 -0.03867730
v 0.00058870 0.00181868 -0.03882943
v 0.00056004 0.00192838 -0.03913107
v 0.00055281 0.00198489 -0.03907723
v 0.00058307 0.00201830 -0.03901284
v 0.00067053 0.00199426 -0.03897335
v 0.00068347 0.00196234 -0.03874667
v 0.00061545 0.00190844 -0.03879618
v 0.00064560 0.00202639 -0.03894822
v 0.00062850 0.00172190 -0.03860318
v 0.00052634 0.00136700 -0.03822884
v 0.00065094 0.00209864 -0.03895653
v 0.00067558 0.00217165 -0.03891522
v 0.00069389 0.00231702 -0.03911470
v 0.00085722 0.00153622 -0.03913927
v 0.00072830 0.00145871 -0.03875690
v 0.00082265 0.00166691 -0.03889077
v 0.00097136 0.00139204 -0.03911199
v 0.00093731 0.00150017 -0.03881378
v 0.00100121 0.00143127 -0.03878619
v 0.00087855 0.00157825 -0.03884969
v 0.00104110 0.00163352 -0.03892913
v 0.00081251 0.00156614 -0.03863658
v 0.00071230 0.00157009 -0.03839584
v 0.00094408 0.00145443 -0.03861226
v 0.00088082 0.00159286 -0.03835645
v 0.00071557 0.00187756 -0.03896575
v 0.00076730 0.00176756 -0.03893384
v 0.00083608 0.00197622 -0.03902937
v 0.00073517 0.00200694 -0.03889371
v 0.00084362 0.00195611 -0.03885116
v 0.00092876 0.00179527 -0.03897101
v 0.00098188 0.00171098 -0.03894721
v 0.00096281 0.00187010 -0.03882239
v 0.00088094 0.00188351 -0.03899955
v 0.00101421 0.00190258 -0.03905903
v 0.00096165 0.00199155 -0.03907167
v 0.00074453 0.00175633 -0.03855746
v 0.00078315 0.00197447 -0.03869609
v 0.00088729 0.00175438 -0.03851055
v 0.00090673 0.00194938 -0.03864730
v 0.00107124 0.00137253 -0.03876640
v 0.00118308 0.00151649 -0.03891197
v 0.00110717 0.00156573 -0.03891774
v 0.00120906 0.00162557 -0.03879575
v 0.00127180 0.00149470 -0.03891074
v 0.00135872 0.00151072 -0.03890516
v 0.00132488 0.00148363 -0.03879579
v 0.00121511 0.00165179 -0.03842951
v 0.00133453 0.00170424 -0.03854341
v 0.00137645 0.00156183 -0.03840187
v 0.00107397 0.00181888 -0.03905084
v 0.00114348 0.00175125 -0.03904641
v 0.00108667 0.00175715 -0.03880479
v 0.00111726 0.00197497 -0.03914484
v 0.00119063 0.00191234 -0.03914263
v 0.00118843 0.00199766 -0.03897613
v 0.00130657 0.00171008 -0.03903843
v 0.00122529 0.00171049 -0.03904503
v 0.00128931 0.00187042 -0.03897468
v 0.00137447 0.00176352 -0.03901835
v 0.00137693 0.00173963 -0.03898279
v 0.00126255 0.00189273 -0.03913558
v 0.00137881 0.00190796 -0.03914317
v 0.00132242 0.00193791 -0.03911935
v 0.00132723 0.00201943 -0.03913057
v 0.00135924 0.00201766 -0.03909202
v 0.00129189 0.00203593 -0.03880103
v 0.00138417 0.00190966 -0.03880440
v 0.00119233 0.00180775 -0.03856729
v 0.00104810 0.00171776 -0.03846681
v 0.00104643 0.00189164 -0.03860315
v 0.00118404 0.00198152 -0.03869528
v 0.00130888 0.00186668 -0.03867647
v 0.00069800 0.00144353 -0.03820784
v 0.00071313 0.00140440 -0.03799005
v 0.00089833 0.00148631 -0.03817942
v 0.00095086 0.00145623 -0.03797388
v 0.00076782 0.00144979 -0.03774414
v 0.00104317 0.00150398 -0.03774332
v 0.00111559 0.00148776 -0.03814802
v 0.00119801 0.00146417 -0.03795294
v 0.00106839 0.00157771 -0.03831721
v 0.00126042 0.00152937 -0.03828129
v 0.00133263 0.00145269 -0.03811706
v 0.00131660 0.00151206 -0.03773713
v 0.00075135 0.00217376 -0.03907267
v 0.00079187 0.00207393 -0.03905699
v 0.00073609 0.00220756 -0.03886306
v 0.00082410 0.00220061 -0.03881371
v 0.00071760 0.00227282 -0.03906667
v 0.00077229 0.00230628 -0.03906651
v 0.00070561 0.00235689 -0.03904180
v 0.00084263 0.00225353 -0.03912237
v 0.00086727 0.00227027 -0.03902962
v 0.00080900 0.00234170 -0.03913621
v 0.00091610 0.00208140 -0.03908750
v 0.00087737 0.00216774 -0.03910527
v 0.00099693 0.00215246 -0.03914917
v 0.00097172 0.00220422 -0.03900334
v 0.00093290 0.00215645 -0.03876811
v 0.00094773 0.00224415 -0.03915392
v 0.00095953 0.00235420 -0.03887439
v 0.00077932 0.00242742 -0.03913954
v 0.00073030 0.00241170 -0.03900089
v 0.00075638 0.00250580 -0.03912513
v 0.00078506 0.00243158 -0.03895427
v 0.00086323 0.00241081 -0.03891227
v 0.00075202 0.00256843 -0.03909805
v 0.00077807 0.00260688 -0.03906338
v 0.00082904 0.00261456 -0.03902731
v 0.00078954 0.00270830 -0.03913813
v 0.00098552 0.00252133 -0.03896811
v 0.00089948 0.00258490 -0.03899603
v 0.00093178 0.00270267 -0.03906921
v 0.00100973 0.00263654 -0.03905128
v 0.00102486 0.00269432 -0.03912514
v 0.00105306 0.00205887 -0.03914659
v 0.00108049 0.00211204 -0.03898605
v 0.00118222 0.00215733 -0.03881409
v 0.00107568 0.00236112 -0.03914631
v 0.00116788 0.00225926 -0.03913686
v 0.00106864 0.00226657 -0.03884010
v 0.00118417 0.00231349 -0.03892246
v 0.00125357 0.00214239 -0.03913133
v 0.00136201 0.00210176 -0.03905167
v 0.00133171 0.00219686 -0.03901794
v 0.00127992 0.00219067 -0.03891354
v 0.00135760 0.00206774 -0.03892107
v 0.00130353 0.00227251 -0.03907958
v 0.00125902 0.00237364 -0.03909299
v 0.00126931 0.00230961 -0.03901048
v 0.00131203 0.00223641 -0.03912422
v 0.00105579 0.00208077 -0.03872723
v 0.00109778 0.00254117 -0.03903364
v 0.00118722 0.00242829 -0.03901911
v 0.00118594 0.00248908 -0.03910445
v 0.00108322 0.00242728 -0.03894212
v 0.00110514 0.00259978 -0.03911525
v 0.00243640 0.00033348 -0.04044718
v 0.00241824 0.00009783 -0.04025799
v 0.00239643 0.00011395 -0.04003322
v 0.00241397 0.00024040 -0.04026291
v 0.00238311 0.00027415 -0.04002379
v 0.00243825 0.00043288 -0.04041940
v 0.00240444 0.00037720 -0.04023329
v 0.00240352 0.00049396 -0.04020672
v 0.00236556 0.00043457 -0.03999075
v 0.00242509 0.00057636 -0.04022080
v 0.00238334 0.00066802 -0.03998063
v 0.00249159 0.00005660 -0.04079039
v 0.00246434 0.00006499 -0.04064193
v 0.00244026 0.00007922 -0.04046497
v 0.00249160 0.00018022 -0.04078603
v 0.00246610 0.00019130 -0.04064849
v 0.00248548 0.00028156 -0.04074200
v 0.00246192 0.00029929 -0.04061496
v 0.00244112 0.00021254 -0.04047598
v 0.00249824 0.00037148 -0.04073511
v 0.00248144 0.00034679 -0.04068862
v 0.00251886 0.00046644 -0.04065812
v 0.00248194 0.00043810 -0.04060332
v 0.00257536 0.00047146 -0.04073866
v 0.00246336 0.00038340 -0.04058527
v 0.00245880 0.00050158 -0.04043349
v 0.00250172 0.00053676 -0.04048930
v 0.00257067 0.00053561 -0.04058668
v 0.00255385 0.00060941 -0.04038796
v 0.00265249 0.00049462 -0.04071252
v 0.00274916 0.00045753 -0.04068833
v 0.00274152 0.00050663 -0.04046742
v 0.00265065 0.00055534 -0.04052943
v 0.00247369 0.00061725 -0.04027980
v 0.00275344 0.00039902 -0.04004390
v 0.00263351 0.00062255 -0.04029818
v 0.00270999 0.00055461 -0.04019452
v 0.00237297 0.00012073 -0.03980289
v 0.00234698 0.00031308 -0.03977312
v 0.00234939 0.00013721 -0.03956383
v 0.00232723 0.00018244 -0.03931288
v 0.00231929 0.00050971 -0.03973704
v 0.00236017 0.00057320 -0.03996581
v 0.00230922 0.00067719 -0.03971524
v 0.00230851 0.00036955 -0.03951689
v 0.00227066 0.00045595 -0.03926108
v 0.00227144 0.00059620 -0.03947937
v 0.00274646 0.00016617 -0.03982174
v 0.00270573 0.00015965 -0.03946931
v 0.00269976 0.00041965 -0.03970750
v 0.00266622 0.00060112 -0.03988813
v 0.00262190 0.00064586 -0.03956674
v 0.00266417 0.00044274 -0.03936501
v 0.00243793 0.00071074 -0.04004062
v 0.00252681 0.00069309 -0.04015119
v 0.00260110 0.00069443 -0.04002552
v 0.00239761 0.00082009 -0.03978278
v 0.00233609 0.00078209 -0.03972833
v 0.00225865 0.00078217 -0.03946106
v 0.00222787 0.00068762 -0.03922500
v 0.00221646 0.00086438 -0.03920930
v 0.00225405 0.00097319 -0.03921862
v 0.00229059 0.00089250 -0.03947172
v 0.00235868 0.00092511 -0.03951762
v 0.00232716 0.00100561 -0.03925654
v 0.00242229 0.00095323 -0.03932660
v 0.00249145 0.00078690 -0.03988505
v 0.00256212 0.00076518 -0.03972989
v 0.00245441 0.00087792 -0.03960503
v 0.00252527 0.00082899 -0.03942970
v 0.00259238 0.00068928 -0.03924831
v 0.00156239 0.00008198 -0.03838758
v 0.00146341 0.00023864 -0.03837793
v 0.00150557 0.00043230 -0.03880359
v 0.00158752 0.00042407 -0.03875141
v 0.00162645 0.00047152 -0.03869994
v 0.00161456 0.00056222 -0.03865424
v 0.00157118 0.00007291 -0.03793103
v 0.00142245 0.00014064 -0.03775580
v 0.00142678 0.00024216 -0.03785302
v 0.00144408 0.00023523 -0.03781367
v 0.00144255 0.00019951 -0.03777852
v 0.00165324 0.00003183 -0.03779244
v 0.00162083 0.00012426 -0.03790120
v 0.00165618 0.00014486 -0.03786986
v 0.00167304 0.00013213 -0.03783721
v 0.00167189 0.00009235 -0.03780938
v 0.00177915 0.00000514 -0.03794910
v 0.00182345 0.00005028 -0.03791976
v 0.00185635 0.00006492 -0.03789085
v 0.00187463 0.00000433 -0.03784105
v 0.00187335 0.00004736 -0.03786325
v 0.00202427 0.00000146 -0.03792241
v 0.00145803 0.00092918 -0.03899923
v 0.00153024 0.00093737 -0.03895334
v 0.00156471 0.00099453 -0.03890692
v 0.00146421 0.00083431 -0.03860250
v 0.00155832 0.00068640 -0.03861990
v 0.00148708 0.00099355 -0.03835120
v 0.00155662 0.00108598 -0.03886282
v 0.00142898 0.00133962 -0.03880544
v 0.00151003 0.00120369 -0.03882701
v 0.00140207 0.00111910 -0.03855775
v 0.00149764 0.00115706 -0.03855783
v 0.00142156 0.00131845 -0.03874267
v 0.00156615 0.00123641 -0.03855502
v 0.00158824 0.00103513 -0.03835727
v 0.00165599 0.00111482 -0.03836749
v 0.00158910 0.00134326 -0.03854867
v 0.00162100 0.00133672 -0.03837942
v 0.00167278 0.00121967 -0.03837662
v 0.00145218 0.00090420 -0.03812661
v 0.00169459 0.00096125 -0.03814758
v 0.00158647 0.00092256 -0.03813221
v 0.00154087 0.00087995 -0.03790150
v 0.00143550 0.00088237 -0.03768188
v 0.00168958 0.00089482 -0.03791418
v 0.00162514 0.00089113 -0.03768996
v 0.00159922 0.00135523 -0.03822933
v 0.00171648 0.00124505 -0.03821410
v 0.00170162 0.00129621 -0.03806612
v 0.00180559 0.00092728 -0.03793980
v 0.00187923 0.00099519 -0.03797894
v 0.00191016 0.00092508 -0.03774497
v 0.00178576 0.00089902 -0.03771050
v 0.00187272 0.00092361 -0.03752220
v 0.00199117 0.00098835 -0.03779485
v 0.00200737 0.00094616 -0.03756400
v 0.00176393 0.00103588 -0.03817264
v 0.00177704 0.00113447 -0.03819795
v 0.00182750 0.00119210 -0.03804483
v 0.00189252 0.00108722 -0.03801835
v 0.00182043 0.00128428 -0.03789479
v 0.00194717 0.00118127 -0.03787424
v 0.00200984 0.00107751 -0.03784349
v 0.00195462 0.00132144 -0.03771950
v 0.00207453 0.00121242 -0.03770597
v 0.00232091 0.00022863 -0.03905894
v 0.00234492 0.00024801 -0.03881092
v 0.00239568 0.00024189 -0.03856891
v 0.00225042 0.00053372 -0.03900920
v 0.00226475 0.00056429 -0.03876479
v 0.00230676 0.00056220 -0.03852921
v 0.00272055 0.00015766 -0.03912300
v 0.00277112 0.00014909 -0.03880077
v 0.00266873 0.00047187 -0.03903588
v 0.00270468 0.00049266 -0.03873220
v 0.00276322 0.00049074 -0.03846610
v 0.00236954 0.00054193 -0.03830383
v 0.00255007 0.00015424 -0.03810174
v 0.00246960 0.00021154 -0.03833303
v 0.00259858 0.00031599 -0.03766710
v 0.00262038 0.00006728 -0.03787351
v 0.00244314 0.00049690 -0.03808438
v 0.00251759 0.00042057 -0.03786664
v 0.00247442 0.00061329 -0.03767453
v 0.00220124 0.00076086 -0.03897782
v 0.00218917 0.00092202 -0.03896634
v 0.00240133 0.00101340 -0.03906121
v 0.00220427 0.00079283 -0.03874174
v 0.00223115 0.00079664 -0.03851592
v 0.00218334 0.00095329 -0.03873857
v 0.00219598 0.00096467 -0.03852196
v 0.00222996 0.00102915 -0.03897631
v 0.00222181 0.00106537 -0.03875207
v 0.00230641 0.00106526 -0.03900789
v 0.00229985 0.00110773 -0.03878005
v 0.00239769 0.00105903 -0.03882032
v 0.00222839 0.00108572 -0.03854024
v 0.00230675 0.00113601 -0.03856708
v 0.00240942 0.00109180 -0.03859876
v 0.00232630 0.00115311 -0.03836302
v 0.00243451 0.00111336 -0.03839138
v 0.00259304 0.00073189 -0.03895080
v 0.00250115 0.00088445 -0.03914009
v 0.00250039 0.00093014 -0.03887615
v 0.00251929 0.00096423 -0.03863582
v 0.00255415 0.00098487 -0.03841704
v 0.00261922 0.00076444 -0.03867876
v 0.00266621 0.00077771 -0.03843676
v 0.00222413 0.00096263 -0.03831248
v 0.00226480 0.00094402 -0.03810555
v 0.00227610 0.00078544 -0.03829950
v 0.00233378 0.00075338 -0.03808764
v 0.00209906 0.00101017 -0.03762228
v 0.00239887 0.00069464 -0.03787550
v 0.00237655 0.00085268 -0.03769245
v 0.00231501 0.00090575 -0.03789658
v 0.00242378 0.00101762 -0.03753022
v 0.00224852 0.00109402 -0.03833518
v 0.00235436 0.00115931 -0.03816285
v 0.00227905 0.00108920 -0.03813215
v 0.00238673 0.00115487 -0.03796157
v 0.00212804 0.00110310 -0.03767646
v 0.00224616 0.00116174 -0.03752033
v 0.00220861 0.00128542 -0.03754365
v 0.00231682 0.00107015 -0.03792639
v 0.00242704 0.00114941 -0.03776587
v 0.00236426 0.00104393 -0.03772378
v 0.00260011 0.00099371 -0.03821626
v 0.00272745 0.00077440 -0.03822585
v 0.00265235 0.00099239 -0.03802996
v 0.00271446 0.00099239 -0.03786362
v 0.00246856 0.00112475 -0.03819308
v 0.00250718 0.00112695 -0.03799878
v 0.00255441 0.00113148 -0.03781606
v 0.00247891 0.00115252 -0.03758246
v 0.00261429 0.00114982 -0.03765250
v 0.00139827 0.00182555 -0.03917774
v 0.00144737 0.00136790 -0.03912264
v 0.00147706 0.00142930 -0.03908169
v 0.00147533 0.00151269 -0.03903910
v 0.00144202 0.00161662 -0.03900331
v 0.00142924 0.00157497 -0.03888636
v 0.00146448 0.00167187 -0.03885899
v 0.00149153 0.00139251 -0.03872979
v 0.00152126 0.00149681 -0.03871062
v 0.00154800 0.00146369 -0.03853814
v 0.00151685 0.00145457 -0.03838485
v 0.00149150 0.00161656 -0.03868823
v 0.00145807 0.00158745 -0.03853314
v 0.00141255 0.00185122 -0.03898803
v 0.00144558 0.00178587 -0.03882769
v 0.00140438 0.00195361 -0.03895075
v 0.00141610 0.00174283 -0.03867329
v 0.00144228 0.00145260 -0.03825186
v 0.00143616 0.00143395 -0.03793125
v 0.00153232 0.00138596 -0.03808998
v 0.00164686 0.00137125 -0.03791283
v 0.00156980 0.00147993 -0.03772985
v 0.00178442 0.00141351 -0.03772571
v 0.00194352 0.00151776 -0.03753392
v 0.00210317 0.00140970 -0.03754441
v 0.00010308 0.00007593 -0.03741348
v 0.00020054 0.00022886 -0.03740572
v 0.00015983 0.00018966 -0.03677885
v 0.00010237 0.00050402 -0.03725104
v 0.00028823 0.00038463 -0.03739013
v 0.00019459 0.00066166 -0.03721727
v 0.00045139 0.00010933 -0.03751283
v 0.00052274 0.00024826 -0.03751006
v 0.00036034 0.00052738 -0.03737258
v 0.00040951 0.00065081 -0.03736869
v 0.00058378 0.00037729 -0.03750534
v 0.00062895 0.00048976 -0.03751073
v 0.00042681 0.00048262 -0.03673086
v 0.00008320 0.00096700 -0.03741943
v 0.00025487 0.00079798 -0.03719763
v 0.00018686 0.00089138 -0.03750504
v 0.00018326 0.00099721 -0.03732819
v 0.00034199 0.00086652 -0.03746247
v 0.00024739 0.00097686 -0.03725579
v 0.00017891 0.00101007 -0.03723695
v 0.00027186 0.00090675 -0.03721137
v 0.00034755 0.00097617 -0.03721861
v 0.00004744 0.00083398 -0.03693434
v 0.00008934 0.00076794 -0.03706324
v 0.00008198 0.00082171 -0.03683391
v 0.00016184 0.00092438 -0.03702436
v 0.00012719 0.00102305 -0.03687572
v 0.00020607 0.00069304 -0.03676528
v 0.00032936 0.00094637 -0.03670663
v 0.00007979 0.00116541 -0.03732770
v 0.00008490 0.00107125 -0.03727563
v 0.00016398 0.00127618 -0.03737970
v 0.00003013 0.00116050 -0.03710431
v 0.00017341 0.00104926 -0.03702045
v 0.00012815 0.00113163 -0.03704820
v 0.00017357 0.00109936 -0.03674002
v 0.00012297 0.00117193 -0.03685163
v 0.00011113 0.00122520 -0.03700640
v 0.00010401 0.00134104 -0.03703450
v 0.00004399 0.00127770 -0.03685606
v 0.00010515 0.00128554 -0.03671413
v 0.00021306 0.00114376 -0.03699499
v 0.00024617 0.00125901 -0.03680115
v 0.00042832 0.00074859 -0.03739409
v 0.00041764 0.00081288 -0.03744622
v 0.00055311 0.00086704 -0.03744917
v 0.00057657 0.00096383 -0.03722758
v 0.00056984 0.00078652 -0.03670213
v 0.00039575 0.00108895 -0.03700436
v 0.00045088 0.00117124 -0.03683566
v 0.00064512 0.00105301 -0.03703857
v 0.00020823 0.00127220 -0.03664575
v 0.00021209 0.00135567 -0.03661189
v 0.00024985 0.00135755 -0.03666245
v 0.00030095 0.00130594 -0.03662670
v 0.00057916 0.00102334 -0.03669116
v 0.00035324 0.00114585 -0.03666369
v 0.00047138 0.00120527 -0.03670142
v 0.00075130 0.00022516 -0.03673303
v 0.00092153 0.00062315 -0.03673272
v 0.00079338 0.00088252 -0.03745241
v 0.00083214 0.00096480 -0.03724854
v 0.00103596 0.00090254 -0.03745951
v 0.00092551 0.00090618 -0.03674835
v 0.00073931 0.00110233 -0.03689412
v 0.00083937 0.00106799 -0.03679659
v 0.00090779 0.00103256 -0.03708038
v 0.00101198 0.00105710 -0.03695892
v 0.00108040 0.00097081 -0.03726619
v 0.00127337 0.00091888 -0.03746879
v 0.00132058 0.00097433 -0.03728188
v 0.00134808 0.00101652 -0.03712399
v 0.00121604 0.00100889 -0.03688269
v 0.00127040 0.00083270 -0.03681145
v 0.00113039 0.00102423 -0.03711254
v 0.00116936 0.00104034 -0.03701250
v 0.00133430 0.00102796 -0.03699970
v 0.00033785 0.00138720 -0.03741815
v 0.00013203 0.00137791 -0.03678147
v 0.00011527 0.00154019 -0.03676753
v 0.00019844 0.00146782 -0.03706992
v 0.00021807 0.00170396 -0.03676575
v 0.00058081 0.00149018 -0.03744740
v 0.00068209 0.00168353 -0.03714183
v 0.00040110 0.00158216 -0.03710328
v 0.00046263 0.00182732 -0.03678257
v 0.00010459 0.00140091 -0.03661715
v 0.00012956 0.00150656 -0.03661917
v 0.00013140 0.00146908 -0.03657097
v 0.00003175 0.00160375 -0.03652895
v 0.00008567 0.00158837 -0.03653779
v 0.00009359 0.00170680 -0.03656844
v 0.00019571 0.00144110 -0.03658590
v 0.00001902 0.00178480 -0.03647887
v 0.00017460 0.00202307 -0.03648119
v 0.00021241 0.00256603 -0.03632222
v 0.00052847 0.00216681 -0.03649159
v 0.00060464 0.00264474 -0.03626589
v 0.00087221 0.00157682 -0.03747177
v 0.00101146 0.00177143 -0.03719284
v 0.00079738 0.00192697 -0.03683181
v 0.00118006 0.00163097 -0.03749123
v 0.00135091 0.00182380 -0.03724337
v 0.00117070 0.00201956 -0.03692728
v 0.00092312 0.00225797 -0.03653651
v 0.00134571 0.00234013 -0.03667317
v 0.00105577 0.00271402 -0.03627511
v 0.00139872 0.00053043 -0.03680391
v 0.00183817 0.00037139 -0.03692773
v 0.00149814 0.00092331 -0.03747859
v 0.00155194 0.00096779 -0.03729696
v 0.00170101 0.00092262 -0.03749452
v 0.00157932 0.00099920 -0.03714029
v 0.00149200 0.00084126 -0.03685664
v 0.00156271 0.00100094 -0.03701187
v 0.00152573 0.00095447 -0.03691591
v 0.00167202 0.00076040 -0.03687328
v 0.00176446 0.00095932 -0.03731768
v 0.00180551 0.00098367 -0.03716489
v 0.00194817 0.00095706 -0.03735033
v 0.00200805 0.00098131 -0.03720126
v 0.00177487 0.00091342 -0.03694519
v 0.00181418 0.00097811 -0.03704156
v 0.00195638 0.00071180 -0.03693260
v 0.00204048 0.00090337 -0.03699152
v 0.00204827 0.00097831 -0.03708136
v 0.00221234 0.00035381 -0.03704280
v 0.00274209 0.00016216 -0.03734781
v 0.00269180 0.00018625 -0.03750226
v 0.00274209 0.00029688 -0.03734849
v 0.00256352 0.00051339 -0.03749621
v 0.00259518 0.00067993 -0.03724299
v 0.00259300 0.00066298 -0.03714463
v 0.00265609 0.00040468 -0.03737578
v 0.00246008 0.00045061 -0.03711002
v 0.00209633 0.00098208 -0.03739782
v 0.00217724 0.00101564 -0.03725430
v 0.00224558 0.00071280 -0.03700084
v 0.00232592 0.00097806 -0.03705225
v 0.00220219 0.00105547 -0.03746311
v 0.00225025 0.00102963 -0.03714130
v 0.00230338 0.00111016 -0.03732895
v 0.00240539 0.00116015 -0.03723140
v 0.00236987 0.00124210 -0.03739020
v 0.00245122 0.00078971 -0.03750004
v 0.00252783 0.00072830 -0.03734250
v 0.00249185 0.00100094 -0.03736478
v 0.00256491 0.00100363 -0.03724657
v 0.00244010 0.00078075 -0.03704427
v 0.00249442 0.00102351 -0.03707395
v 0.00257045 0.00092214 -0.03708945
v 0.00254993 0.00116839 -0.03742480
v 0.00250543 0.00120378 -0.03717470
v 0.00250479 0.00133281 -0.03730115
v 0.00260073 0.00123938 -0.03716303
v 0.00270385 0.00117641 -0.03750474
v 0.00262823 0.00104477 -0.03717836
v 0.00266707 0.00114348 -0.03716293
v 0.00264775 0.00120116 -0.03730636
v 0.00266378 0.00123120 -0.03716843
v 0.00273847 0.00125512 -0.03723768
v 0.00278824 0.00133454 -0.03722932
v 0.00257852 0.00106042 -0.03710634
v 0.00147230 0.00163650 -0.03750576
v 0.00173233 0.00159743 -0.03751883
v 0.00166215 0.00181860 -0.03728045
v 0.00192910 0.00176286 -0.03731334
v 0.00188317 0.00203947 -0.03708285
v 0.00154513 0.00206907 -0.03702547
v 0.00175991 0.00237040 -0.03682429
v 0.00213569 0.00166358 -0.03735128
v 0.00228000 0.00153433 -0.03738446
v 0.00236007 0.00138866 -0.03740307
v 0.00216542 0.00195265 -0.03712853
v 0.00237252 0.00183053 -0.03719162
v 0.00253956 0.00151052 -0.03730001
v 0.00249902 0.00168064 -0.03725462
v 0.00263171 0.00140447 -0.03725208
v 0.00273142 0.00142770 -0.03724188
v 0.00271614 0.00159542 -0.03724308
v 0.00265102 0.00203303 -0.03706545
v 0.00212937 0.00230592 -0.03691260
v 0.00243334 0.00218176 -0.03697926
v 0.00239479 0.00262477 -0.03676934
v 0.00272483 0.00246514 -0.03688042
v 0.00086270 0.00275493 -0.03921495
v 0.00081760 0.00276284 -0.03915944
v 0.00082118 0.00275881 -0.03918337
v 0.00085742 0.00279968 -0.03919087
v 0.00090160 0.00274595 -0.03922291
v 0.00090164 0.00279626 -0.03919161
v 0.00095757 0.00275790 -0.03919195
v 0.00084487 0.00279914 -0.03915386
v 0.00081733 0.00273545 -0.03911287
v 0.00086672 0.00273663 -0.03908917
v 0.00089270 0.00279735 -0.03914291
v 0.00095338 0.00276129 -0.03913385
v 0.00014151 0.00535596 -0.03812300
v 0.00234936 0.00546145 -0.03783443
v 0.00022745 0.00316330 -0.03635952
v 0.00069036 0.00325938 -0.03623437
v 0.00023536 0.00387503 -0.03670621
v 0.00120546 0.00330931 -0.03619659
v 0.00078486 0.00400900 -0.03652593
v 0.00138230 0.00405797 -0.03644995
v 0.00021407 0.00462975 -0.03731110
v 0.00085125 0.00479991 -0.03709410
v 0.00153227 0.00275204 -0.03642858
v 0.00199250 0.00273141 -0.03662656
v 0.00174305 0.00328778 -0.03634838
v 0.00199071 0.00397982 -0.03658747
v 0.00269779 0.00303164 -0.03678243
v 0.00225615 0.00319511 -0.03658018
v 0.00256416 0.00380454 -0.03683305
v 0.00153356 0.00485207 -0.03699047
v 0.00221341 0.00473533 -0.03709857
v 0.00289800 0.00016421 -0.04072896
v 0.00286561 0.00017239 -0.04046911
v 0.00281051 0.00017212 -0.04016133
v 0.00283497 0.00035172 -0.04062299
v 0.00280315 0.00037730 -0.04035480
v 0.00283766 0.00012279 -0.03852057
v 0.00291684 0.00007768 -0.03829119
v 0.00300533 0.00001271 -0.03812144
v 0.00311332 0.00031383 -0.03782514
v 0.00283742 0.00046849 -0.03824358
v 0.00292035 0.00042832 -0.03807067
v 0.00301225 0.00037512 -0.03793524
v 0.00326326 0.00023862 -0.03771953
v 0.00332050 0.00063854 -0.03752503
v 0.00279638 0.00075719 -0.03804705
v 0.00287526 0.00073439 -0.03789781
v 0.00279006 0.00100518 -0.03772274
v 0.00290467 0.00101796 -0.03758816
v 0.00296633 0.00071430 -0.03777560
v 0.00310346 0.00068598 -0.03765861
v 0.00350175 0.00014364 -0.03759754
v 0.00404041 0.00252684 -0.03763568
v 0.00500849 0.00107436 -0.03760424
v 0.00527467 0.00243668 -0.03931895
v 0.00462633 0.00155980 -0.03772359
v 0.00481992 0.00221215 -0.03844067
v 0.00431423 0.00205797 -0.03772277
v 0.00518770 0.00163566 -0.03840669
v 0.00279256 0.00003953 -0.03741955
v 0.00308381 0.00101789 -0.03744071
v 0.00284014 0.00120567 -0.03736944
v 0.00295799 0.00126583 -0.03727585
v 0.00335996 0.00105382 -0.03728139
v 0.00331587 0.00133740 -0.03723368
v 0.00367940 0.00054251 -0.03737239
v 0.00387355 0.00001139 -0.03744233
v 0.00379603 0.00123374 -0.03716978
v 0.00400593 0.00084584 -0.03716029
v 0.00278867 0.00140391 -0.03724336
v 0.00295509 0.00151018 -0.03725655
v 0.00285886 0.00158780 -0.03724088
v 0.00299222 0.00138509 -0.03725321
v 0.00280808 0.00183593 -0.03715872
v 0.00305301 0.00172294 -0.03719582
v 0.00320856 0.00155815 -0.03722846
v 0.00338387 0.00183638 -0.03714250
v 0.00296830 0.00228551 -0.03698328
v 0.00317229 0.00207842 -0.03707247
v 0.00333782 0.00258395 -0.03708144
v 0.00359461 0.00155596 -0.03717954
v 0.00381606 0.00194308 -0.03725884
v 0.00407870 0.00154330 -0.03728589
v 0.00357443 0.00229933 -0.03718156
v 0.00424206 0.00036843 -0.03719816
v 0.00467617 0.00067879 -0.03716415
v 0.00437835 0.00112807 -0.03723535
v 0.00493328 0.00017688 -0.03712919
v 0.00538442 0.00057335 -0.03743653
v 0.00385756 0.00377431 -0.03789362
v 0.00340215 0.00417147 -0.03760973
v 0.00304686 0.00519689 -0.03802928
v 0.00417671 0.00432496 -0.03863950
v 0.00366434 0.00481485 -0.03831202
v 0.00489640 0.00309317 -0.03922116
v 0.00528186 0.00348261 -0.04022294
v 0.00450334 0.00278383 -0.03834536
v 0.00420359 0.00330816 -0.03815092
v 0.00455891 0.00373683 -0.03896861
v 0.00447047 0.00493139 -0.03951207
v 0.00489739 0.00423417 -0.03990920
v 0.00306075 0.00282029 -0.03695092
v 0.00346195 0.00326472 -0.03730970
v 0.00305678 0.00356215 -0.03708121
v 0.00377307 0.00292435 -0.03749626
v 0.00284992 0.00449377 -0.03733335
v 0.00082183 0.00796490 -0.04091518
v 0.00085273 0.00899027 -0.04189421
v 0.00090595 0.01021193 -0.04283019
v 0.00191786 0.00905017 -0.04163940
v 0.00207818 0.01024818 -0.04258453
v 0.00516356 0.00636260 -0.04150847
v 0.00446244 0.00705488 -0.04108678
v 0.00482750 0.00792277 -0.04214989
v 0.00295312 0.00886646 -0.04164222
v 0.00393187 0.00847777 -0.04183495
v 0.00320578 0.01000413 -0.04265441
v 0.00427807 0.00955344 -0.04291167
v 0.00528435 0.00896979 -0.04322814
v 0.00470836 0.01091226 -0.04400102
v 0.00004598 0.00608856 -0.03908976
v 0.00085263 0.00553843 -0.03789244
v 0.00082779 0.00627853 -0.03884495
v 0.00081552 0.00707417 -0.03987564
v 0.00160643 0.00558362 -0.03777347
v 0.00164890 0.00631949 -0.03870624
v 0.00245480 0.00620530 -0.03871676
v 0.00170890 0.00712654 -0.03969606
v 0.00179552 0.00802877 -0.04069106
v 0.00258598 0.00701396 -0.03966730
v 0.00274979 0.00789762 -0.04065336
v 0.00341355 0.00672531 -0.03979379
v 0.00415840 0.00624944 -0.04007992
v 0.00321479 0.00593402 -0.03886728
v 0.00389815 0.00550369 -0.03914858
v 0.00365022 0.00757262 -0.04078946
v 0.00478990 0.00560835 -0.04047605
v 0.00678890 0.00238822 -0.04141102
v 0.00741728 0.00169023 -0.04112578
v 0.00811620 0.00204553 -0.04237663
v 0.00682048 0.00369156 -0.04267742
v 0.00622483 0.00315973 -0.04147135
v 0.00572199 0.00397993 -0.04131059
v 0.00625337 0.00459495 -0.04245914
v 0.00691255 0.00533745 -0.04364366
v 0.00743909 0.00283227 -0.04265557
v 0.00825257 0.00341038 -0.04391008
v 0.00756569 0.00436035 -0.04390775
v 0.01083034 0.00210680 -0.04435644
v 0.00877519 0.00124904 -0.04195945
v 0.00933948 0.00036051 -0.04152289
v 0.00897673 0.00251748 -0.04362471
v 0.00967253 0.00161300 -0.04317816
v 0.01027433 0.00062830 -0.04269698
v 0.00854763 0.00525496 -0.04509158
v 0.00932632 0.00419420 -0.04509690
v 0.01010538 0.00316065 -0.04481061
v 0.01075738 0.00525539 -0.04613837
v 0.00608416 0.00054953 -0.03794813
v 0.00623086 0.00121995 -0.03899916
v 0.00564110 0.00109691 -0.03821324
v 0.00672889 0.00062733 -0.03866964
v 0.00571305 0.00180104 -0.03924921
v 0.00623567 0.00205292 -0.04025078
v 0.00681164 0.00142417 -0.03996801
v 0.00736131 0.00077955 -0.03959805
v 0.00779127 0.00003753 -0.03925100
v 0.00802410 0.00097900 -0.04073036
v 0.00567781 0.00002844 -0.03729230
v 0.00572685 0.00274730 -0.04033628
v 0.00852346 0.00016780 -0.04033952
v 0.00777481 0.00630953 -0.04480746
v 0.00701337 0.00732450 -0.04425734
v 0.00628953 0.00631174 -0.04314375
v 0.00573081 0.00551395 -0.04201771
v 0.00562003 0.00720093 -0.04258637
v 0.00586372 0.01031261 -0.04428043
v 0.00695716 0.00957008 -0.04467352
v 0.00796221 0.00865941 -0.04530513
v 0.00620324 0.00823341 -0.04365848
v 0.00891544 0.00761325 -0.04589382
v 0.00985341 0.00646426 -0.04615812
v 0.00915794 0.01034359 -0.04605187
v 0.01035401 0.00926629 -0.04666697
v 0.00106342 0.01350233 -0.04446606
v 0.00252448 0.01344687 -0.04439796
v 0.00097919 0.01169152 -0.04374058
v 0.00227873 0.01168023 -0.04356990
v 0.00114958 0.01571763 -0.04484729
v 0.00391365 0.01313889 -0.04460164
v 0.00526267 0.01264146 -0.04489518
v 0.00351758 0.01139431 -0.04371044
v 0.00282041 0.01564866 -0.04487116
v 0.00441918 0.01533976 -0.04511931
v 0.00122329 0.01825466 -0.04464284
v 0.00127019 0.02103066 -0.04361127
v 0.00314416 0.01819774 -0.04472658
v 0.00500008 0.01789871 -0.04497721
v 0.00347335 0.02100625 -0.04370129
v 0.00660325 0.01201766 -0.04509669
v 0.00791010 0.01125566 -0.04541323
v 0.00598089 0.01482823 -0.04538634
v 0.00754061 0.01415138 -0.04546688
v 0.00909043 0.01333481 -0.04565938
v 0.01062249 0.01240417 -0.04626228
v 0.01041409 0.01570081 -0.04521869
v 0.00681525 0.01736659 -0.04518745
v 0.00562233 0.02071756 -0.04388912
v 0.00771797 0.02015055 -0.04401149
v 0.00861387 0.01661037 -0.04515003
v 0.00976112 0.01929124 -0.04390515
v 0.01339989 0.00006299 -0.04457905
v 0.01297546 0.00144520 -0.04500250
v 0.01144675 0.00098520 -0.04385808
v 0.01160862 0.00402958 -0.04587493
v 0.01236275 0.00276634 -0.04546418
v 0.01352100 0.00515440 -0.04661994
v 0.01494508 0.00203745 -0.04586646
v 0.01536151 0.00040108 -0.04552599
v 0.01432010 0.00362206 -0.04625445
v 0.01150554 0.00800854 -0.04691287
v 0.01257405 0.00662103 -0.04687029
v 0.01352656 0.00990813 -0.04716132
v 0.01587706 0.00656521 -0.04684792
v 0.01480463 0.00831822 -0.04712844
v 0.01790163 0.00082886 -0.04597545
v 0.01744025 0.00279106 -0.04618618
v 0.01675266 0.00470439 -0.04648032
v 0.02071842 0.00133510 -0.04569473
v 0.02017724 0.00366027 -0.04577279
v 0.01939837 0.00593153 -0.04598079
v 0.01842778 0.00814260 -0.04636479
v 0.01721579 0.01019730 -0.04667738
v 0.02199513 0.00722169 -0.04459488
v 0.02092412 0.00976717 -0.04497644
v 0.01211011 0.01128632 -0.04689109
v 0.01223409 0.01470870 -0.04574717
v 0.01401869 0.01351470 -0.04635737
v 0.01571267 0.01199945 -0.04667117
v 0.01591471 0.01579278 -0.04485700
v 0.01387097 0.01712475 -0.04431735
v 0.01179703 0.01824689 -0.04389786
v 0.01313951 0.02082024 -0.04157638
v 0.01544146 0.01953910 -0.04187758
v 0.01786008 0.01411895 -0.04521015
v 0.01957417 0.01210862 -0.04528167
v 0.01988857 0.01619373 -0.04267740
v 0.02180094 0.01397997 -0.04280317
v 0.01771361 0.01803703 -0.04231527
v 0.01685391 0.02183853 -0.03833261
v 0.01933077 0.02016390 -0.03865747
v 0.02171794 0.01815090 -0.03897210
v 0.00128020 0.02387101 -0.04160942
v 0.00376884 0.02387514 -0.04165957
v 0.00124328 0.02660111 -0.03849410
v 0.00399152 0.02660531 -0.03846567
v 0.00115060 0.02927938 -0.03455285
v 0.00414180 0.02926422 -0.03443780
v 0.00621087 0.02357828 -0.04174389
v 0.00858631 0.02296024 -0.04176455
v 0.01087516 0.02200075 -0.04162371
v 0.00669071 0.02626292 -0.03843040
v 0.00931756 0.02557575 -0.03835274
v 0.00707553 0.02884792 -0.03428859
v 0.00099326 0.03196426 -0.03007320
v 0.00422012 0.03191929 -0.02989413
v 0.00737905 0.03140976 -0.02965844
v 0.00993572 0.02807199 -0.03412201
v 0.01046482 0.03052387 -0.02941834
v 0.00077499 0.03467124 -0.02517195
v 0.00423912 0.03458986 -0.02494444
v 0.00762727 0.03398715 -0.02464938
v 0.01094135 0.03298471 -0.02435503
v 0.01184879 0.02454561 -0.03819717
v 0.01434177 0.02326802 -0.03813377
v 0.01270635 0.02697793 -0.03395484
v 0.01542753 0.02561736 -0.03387868
v 0.01347223 0.02934982 -0.02922606
v 0.01642048 0.02789536 -0.02911983
v 0.01418330 0.03170410 -0.02412965
v 0.01813935 0.02404195 -0.03398514
v 0.01932882 0.02616823 -0.02913782
v 0.02079513 0.02218317 -0.03419057
v 0.02213563 0.02410461 -0.02922152
v 0.01735351 0.03012461 -0.02398187
v 0.02045235 0.02822550 -0.02392032
v 0.00049946 0.03741575 -0.01996593
v 0.00421150 0.03729525 -0.01969851
v 0.00018753 0.03984539 -0.01441468
v 0.00413330 0.03975967 -0.01412987
v 0.00396755 0.04155860 -0.00816380
v 0.00784620 0.03661885 -0.01937088
v 0.00800274 0.03906365 -0.01378882
v 0.00374295 0.04280477 -0.00201920
v 0.00347512 0.04356020 0.00409399
v 0.00803472 0.04093055 -0.00782333
v 0.00795009 0.04228445 -0.00166690
v 0.00775942 0.04313300 0.00447958
v 0.01828550 0.03237001 -0.01860817
v 0.02157035 0.03026160 -0.01847990
v 0.01140177 0.03550786 -0.01904539
v 0.01490058 0.03412686 -0.01880355
v 0.01180167 0.03788993 -0.01345244
v 0.01549492 0.03633042 -0.01316720
v 0.01907684 0.03438821 -0.01293615
v 0.01591295 0.03815384 -0.00720098
v 0.01203449 0.03978848 -0.00749244
v 0.01208532 0.04117274 -0.00132939
v 0.01199641 0.04215511 0.00483955
v 0.01610702 0.03950049 -0.00103962
v 0.01966502 0.03606294 -0.00696069
v 0.02000911 0.03734549 -0.00081320
v 0.02350999 0.00190857 -0.04445112
v 0.02287238 0.00459931 -0.04443742
v 0.02621011 0.00249579 -0.04215377
v 0.02446214 0.00850433 -0.04218059
v 0.02545180 0.00554435 -0.04206712
v 0.02784161 0.00643157 -0.03854891
v 0.02671861 0.00970895 -0.03859591
v 0.02875252 0.00304324 -0.03871183
v 0.03110015 0.00354462 -0.03436697
v 0.03321588 0.00399360 -0.02936085
v 0.03002205 0.00724077 -0.03414361
v 0.02874886 0.01080292 -0.03412240
v 0.03197333 0.00795174 -0.02911205
v 0.02328533 0.01136652 -0.04253175
v 0.02381728 0.01573915 -0.03910374
v 0.02543068 0.01286833 -0.03887960
v 0.02733462 0.01422855 -0.03432515
v 0.02334818 0.01997251 -0.03441138
v 0.02559562 0.01734322 -0.03450407
v 0.02477931 0.02164065 -0.02931238
v 0.02710844 0.01874922 -0.02932489
v 0.03053721 0.01175361 -0.02904160
v 0.02897166 0.01540315 -0.02917359
v 0.03215367 0.01259957 -0.02356787
v 0.03043967 0.01645144 -0.02365041
v 0.02847137 0.02002487 -0.02378950
v 0.03518350 0.00441203 -0.02390816
v 0.03630839 0.00003780 -0.02426512
v 0.03376677 0.00859286 -0.02366476
v 0.02980006 0.02123789 -0.01812121
v 0.03183648 0.01743271 -0.01798111
v 0.03310417 0.01832626 -0.01219195
v 0.03834122 0.00021658 -0.01850209
v 0.03708681 0.00482174 -0.01822361
v 0.03881384 0.00520138 -0.01235863
v 0.03547372 0.00919252 -0.01801226
v 0.03701441 0.00973832 -0.01220365
v 0.03997087 0.00035911 -0.01248124
v 0.03830906 0.01021789 -0.00628804
v 0.04153729 0.00049620 -0.00638971
v 0.04274137 0.00063329 -0.00017678
v 0.04003486 0.00546276 -0.00632117
v 0.04115338 0.00575810 -0.00021853
v 0.03932336 0.01063648 -0.00028581
v 0.03366820 0.01337935 -0.01791558
v 0.03503206 0.01408579 -0.01212961
v 0.03619647 0.01471171 -0.00625481
v 0.03710418 0.01524440 -0.00031254
v 0.03418481 0.01911139 -0.00630922
v 0.03500206 0.01975811 -0.00036298
v 0.02339469 0.02593872 -0.02389659
v 0.02609536 0.02319624 -0.02386227
v 0.02738047 0.02468019 -0.01824827
v 0.02464753 0.02773417 -0.01837914
v 0.02252576 0.03207108 -0.01276638
v 0.02555636 0.02917080 -0.01257055
v 0.02836634 0.02587614 -0.01241183
v 0.03101244 0.02234341 -0.01232623
v 0.02639816 0.03047396 -0.00660117
v 0.02694142 0.03146505 -0.00052098
v 0.02934027 0.02703430 -0.00648036
v 0.03202640 0.02329653 -0.00641083
v 0.03275791 0.02405649 -0.00042237
v 0.02997788 0.02790365 -0.00045227
v 0.02325236 0.03356682 -0.00678488
v 0.02370175 0.03470713 -0.00065549
v 0.00017049 0.00198866 0.03074858
v 0.00044066 0.00156392 0.03106650
v 0.00044086 0.00182462 0.03078826
v 0.00032758 0.00265382 0.02984255
v 0.00031344 0.00265801 0.02987481
v 0.00014322 0.00261657 0.03031978
v 0.00016849 0.00270211 0.03018435
v 0.00019139 0.00269491 0.03013564
v 0.00024684 0.00266459 0.03031786
v 0.00043272 0.00232936 0.03032679
v 0.00039834 0.00254663 0.02976827
v 0.00039081 0.00265160 0.02968165
v 0.00046772 0.00265821 0.02980293
v 0.00050256 0.00266110 0.02985406
v 0.00043365 0.00247918 0.03012675
v 0.00055059 0.00266831 0.03003482
v 0.00068912 0.00267721 0.03015083
v 0.00002837 0.00221503 0.03061299
v 0.00015916 0.00249404 0.03045880
v 0.00044626 0.00209122 0.03050604
v 0.00073610 0.00198079 0.03072209
v 0.00124311 0.00181697 0.03085030
v 0.00078692 0.00246225 0.03034748
v 0.00071181 0.00261775 0.03023353
v 0.00078010 0.00268153 0.03017512
v 0.00087612 0.00268652 0.03021525
v 0.00091065 0.00268834 0.03022965
v 0.00089809 0.00268974 0.03029525
v 0.00120986 0.00267713 0.03031346
v 0.00083713 0.00217870 0.03051521
v 0.00123686 0.00222980 0.03057774
v 0.00195599 0.00199121 0.03090739
v 0.00191236 0.00272386 0.03044690
v 0.00253382 0.00226274 0.03113167
v 0.00118892 0.00278166 0.03023212
v 0.00117394 0.00281020 0.03018353
v 0.00125086 0.00284990 0.03020600
v 0.00137505 0.00291380 0.03024063
v 0.00133654 0.00543506 0.03109492
v 0.00141479 0.00293427 0.03025167
v 0.00146608 0.00296031 0.03026260
v 0.00147510 0.00297073 0.03026013
v 0.00148503 0.00298173 0.03025775
v 0.00168433 0.00319476 0.03018150
v 0.00201701 0.00334117 0.03030380
v 0.00189465 0.00342849 0.03013383
v 0.00189551 0.00342075 0.03010039
v 0.00189196 0.00341709 0.03010159
v 0.00190078 0.00342789 0.03010517
v 0.00193407 0.00354461 0.03010811
v 0.00196931 0.00366931 0.03011080
v 0.00203443 0.00388413 0.03009659
v 0.00208801 0.00400106 0.03001135
v 0.00209812 0.00328341 0.03039560
v 0.00249216 0.00290789 0.03072114
v 0.00215561 0.00384846 0.03025257
v 0.00209159 0.00400862 0.03000534
v 0.00210535 0.00404915 0.02999636
v 0.00210670 0.00404098 0.02997939
v 0.00211057 0.00404869 0.02997348
v 0.00227535 0.00381680 0.03039400
v 0.00253350 0.00347229 0.03058764
v 0.00255641 0.00391368 0.03050915
v 0.00273425 0.00402451 0.03064042
v 0.00208493 0.00430206 0.02992965
v 0.00206319 0.00434073 0.02999298
v 0.00202861 0.00442478 0.03008055
v 0.00198178 0.00468678 0.03011283
v 0.00196587 0.00477579 0.03012379
v 0.00156247 0.00542171 0.03031935
v 0.00154421 0.00545096 0.03032970
v 0.00189790 0.00491363 0.03007456
v 0.00189821 0.00491294 0.03007475
v 0.00200886 0.00494233 0.03025544
v 0.00174505 0.00514567 0.03018514
v 0.00214595 0.00421167 0.02980174
v 0.00212680 0.00418479 0.02981666
v 0.00212770 0.00419497 0.02980633
v 0.00212754 0.00421152 0.02979676
v 0.00211711 0.00424081 0.02982484
v 0.00236628 0.00415857 0.03009132
v 0.00215328 0.00445305 0.03028214
v 0.00225502 0.00447145 0.03036785
v 0.00251210 0.00415414 0.03021134
v 0.00258439 0.00443261 0.03051553
v 0.00271037 0.00413761 0.03039871
v 0.00278784 0.00434927 0.03065575
v 0.00209794 0.00498153 0.03034247
v 0.00260398 0.00479233 0.03052965
v 0.00273110 0.00538098 0.03070551
v 0.00299483 0.00309583 0.03113325
v 0.00302217 0.00365700 0.03094887
v 0.00287367 0.00417043 0.03070363
v 0.00310202 0.00420905 0.03089893
v 0.00315798 0.00473920 0.03091728
v 0.00328303 0.00519833 0.03107544
v 0.00031138 0.00592361 0.03033114
v 0.00011983 0.00603666 0.03048397
v 0.00009517 0.00605121 0.03050364
v 0.00033810 0.00594057 0.03037769
v 0.00028415 0.00605677 0.03059564
v 0.00017431 0.00588122 0.03093961
v 0.00038187 0.00596834 0.03045353
v 0.00043900 0.00600755 0.03055867
v 0.00051526 0.00605421 0.03061011
v 0.00053932 0.00606871 0.03062284
v 0.00065033 0.00603037 0.03059232
v 0.00046335 0.00604732 0.03096530
v 0.00026667 0.00615690 0.03069272
v 0.00037158 0.00667342 0.03094979
v 0.00118882 0.00575478 0.03034978
v 0.00126981 0.00569472 0.03030548
v 0.00125993 0.00574660 0.03036266
v 0.00124038 0.00572155 0.03030323
v 0.00092704 0.00594110 0.03052160
v 0.00080644 0.00592253 0.03098338
v 0.00114437 0.00578333 0.03039025
v 0.00110832 0.00580923 0.03041304
v 0.00126923 0.00588875 0.03048336
v 0.00129656 0.00648107 0.03076528
v 0.00099069 0.00708474 0.03118332
v 0.00149672 0.00549231 0.03032876
v 0.00199524 0.00553624 0.03040180
v 0.00211524 0.00632245 0.03071098
v 0.00178846 0.00703402 0.03118449
v 0.00292163 0.00594120 0.03101832
v 0.00047398 0.00085924 0.03181615
v 0.00128428 0.00099349 0.03173794
v 0.00129730 0.00011939 0.03286578
v 0.00061291 0.00272160 0.03178503
v 0.00202237 0.00123231 0.03174902
v 0.00277189 0.00089104 0.03280960
v 0.00211116 0.00028964 0.03297866
v 0.00263375 0.00160662 0.03185585
v 0.00116782 0.00298594 0.03172472
v 0.00034909 0.00274532 0.03314253
v 0.00059361 0.00302247 0.03445592
v 0.00088072 0.00300420 0.03309034
v 0.00126804 0.00347903 0.03299229
v 0.00096040 0.00349798 0.03435875
v 0.00131490 0.00476278 0.03264499
v 0.00096579 0.00538198 0.03245570
v 0.00059505 0.00532889 0.03381646
v 0.00095786 0.00474636 0.03400766
v 0.00110778 0.00410336 0.03420911
v 0.00157566 0.00346009 0.03162585
v 0.00176688 0.00407939 0.03148088
v 0.00143733 0.00409138 0.03284499
v 0.00167194 0.00477920 0.03128233
v 0.00008526 0.00276905 0.03450005
v 0.00034233 0.00302485 0.03556211
v 0.00067549 0.00349163 0.03547405
v 0.00079605 0.00407883 0.03533246
v 0.00009105 0.00302722 0.03666832
v 0.00039059 0.00348527 0.03658938
v 0.00048432 0.00405429 0.03645578
v 0.00063639 0.00468843 0.03514084
v 0.00028133 0.00523078 0.03495636
v 0.00031492 0.00463048 0.03627402
v 0.00292688 0.00006778 0.03391054
v 0.00340055 0.00043971 0.03392262
v 0.00373760 0.00057627 0.03411571
v 0.00386861 0.00110089 0.03376483
v 0.00310159 0.00200497 0.03201055
v 0.00301431 0.00254497 0.03147812
v 0.00340828 0.00231606 0.03216632
v 0.00368449 0.00209473 0.03272399
v 0.00336888 0.00139872 0.03288784
v 0.00409616 0.00170108 0.03356431
v 0.00437583 0.00222388 0.03353803
v 0.00467201 0.00251461 0.03369799
v 0.00538400 0.00272883 0.03435476
v 0.00432942 0.00049150 0.03483926
v 0.00465079 0.00109979 0.03469563
v 0.00535606 0.00025548 0.03612587
v 0.00495635 0.00169664 0.03459861
v 0.00523095 0.00220884 0.03455029
v 0.00343156 0.00274895 0.03190681
v 0.00346193 0.00324310 0.03165390
v 0.00394911 0.00274327 0.03263725
v 0.00398751 0.00333811 0.03230190
v 0.00350699 0.00376559 0.03145833
v 0.00404980 0.00384949 0.03209908
v 0.00357486 0.00428335 0.03137005
v 0.00362999 0.00473689 0.03135100
v 0.00412708 0.00434527 0.03198084
v 0.00363722 0.00506660 0.03136253
v 0.00396921 0.00527102 0.03170359
v 0.00462105 0.00289947 0.03336759
v 0.00466289 0.00336977 0.03309966
v 0.00474682 0.00387257 0.03288707
v 0.00552226 0.00326606 0.03412817
v 0.00482217 0.00435491 0.03272264
v 0.00422243 0.00486988 0.03194176
v 0.00476908 0.00526338 0.03240820
v 0.00491594 0.00477059 0.03264491
v 0.00505580 0.00507326 0.03269165
v 0.00016647 0.00593195 0.03230168
v 0.00045510 0.00583768 0.03234048
v 0.00022122 0.00568074 0.03357438
v 0.00018312 0.00720936 0.03130559
v 0.00020816 0.00796135 0.03201217
v 0.00097506 0.00787625 0.03194117
v 0.00264093 0.00677307 0.03128793
v 0.00172885 0.00775688 0.03192200
v 0.00227498 0.00707242 0.03135104
v 0.00235214 0.00762081 0.03197637
v 0.00018421 0.00888293 0.03302093
v 0.00098015 0.00883126 0.03298736
v 0.00006987 0.00995042 0.03418633
v 0.00094095 0.00993291 0.03418403
v 0.00175458 0.00870081 0.03296784
v 0.00246980 0.00850429 0.03296826
v 0.00178305 0.00982266 0.03417877
v 0.00257830 0.00962554 0.03416374
v 0.00263589 0.01088576 0.03538939
v 0.00318643 0.00647169 0.03149002
v 0.00362280 0.00566282 0.03147929
v 0.00374431 0.00624967 0.03180349
v 0.00414722 0.00618845 0.03207471
v 0.00291010 0.00737203 0.03201014
v 0.00349393 0.00710539 0.03215335
v 0.00404262 0.00684427 0.03234804
v 0.00380710 0.00797634 0.03304837
v 0.00448526 0.00556170 0.03218541
v 0.00425939 0.00589464 0.03206171
v 0.00449545 0.00661194 0.03253575
v 0.00483078 0.00630095 0.03265724
v 0.00516032 0.00595091 0.03282122
v 0.00545240 0.00558229 0.03302565
v 0.00442950 0.00765729 0.03313737
v 0.00499352 0.00729682 0.03326457
v 0.00550415 0.00689490 0.03342862
v 0.00557421 0.00817450 0.03417838
v 0.00314689 0.00825751 0.03299354
v 0.00334854 0.00935652 0.03413946
v 0.00411545 0.00903060 0.03410657
v 0.00486274 0.00863940 0.03410598
v 0.00351803 0.01059492 0.03534164
v 0.00441191 0.01021360 0.03525504
v 0.00530246 0.00974082 0.03518546
v 0.00574929 0.00094986 0.03601739
v 0.00666058 0.00014178 0.03753189
v 0.00609278 0.00162861 0.03589273
v 0.00637726 0.00229599 0.03572240
v 0.00710720 0.00095923 0.03740479
v 0.00747843 0.00177868 0.03721147
v 0.00775954 0.00258873 0.03692048
v 0.00563252 0.00380176 0.03388908
v 0.00570259 0.00431695 0.03365470
v 0.00572034 0.00479417 0.03344270
v 0.00567508 0.00521561 0.03326883
v 0.00661974 0.00542449 0.03416937
v 0.00659372 0.00295616 0.03547656
v 0.00673699 0.00360489 0.03517768
v 0.00680336 0.00423761 0.03484621
v 0.00677343 0.00484631 0.03450048
v 0.00794213 0.00338862 0.03654571
v 0.00795613 0.00495324 0.03564027
v 0.00801729 0.00417767 0.03610168
v 0.00922016 0.00420125 0.03724813
v 0.00915326 0.00514046 0.03667899
v 0.01031442 0.00538203 0.03760170
v 0.00812425 0.00038592 0.03876552
v 0.00856184 0.00135531 0.03856729
v 0.00959623 0.00101056 0.03977320
v 0.00889910 0.00231299 0.03823936
v 0.01054724 0.00072973 0.04081670
v 0.00998299 0.00211172 0.03941062
v 0.01097933 0.00196817 0.04041500
v 0.00912308 0.00326093 0.03779496
v 0.01024952 0.00320312 0.03890009
v 0.01037534 0.00428788 0.03826100
v 0.00596640 0.00645150 0.03362810
v 0.00634825 0.00596279 0.03387268
v 0.00624065 0.00764669 0.03432173
v 0.00685307 0.00706670 0.03453386
v 0.00736455 0.00642524 0.03482754
v 0.00773798 0.00571108 0.03520252
v 0.00777973 0.00779781 0.03545329
v 0.00617399 0.00917569 0.03518942
v 0.00572751 0.01086322 0.03628095
v 0.00676487 0.01020481 0.03622084
v 0.00700606 0.00852564 0.03527625
v 0.00776910 0.00943912 0.03623329
v 0.00889134 0.00608396 0.03615965
v 0.00842987 0.00698599 0.03574093
v 0.00949205 0.00758235 0.03658879
v 0.01002596 0.00650057 0.03702361
v 0.01049902 0.00815163 0.03734696
v 0.00870983 0.00856325 0.03633947
v 0.00959853 0.00928303 0.03715655
v 0.00850070 0.01029405 0.03713088
v 0.01108804 0.00691841 0.03777720
v 0.01044199 0.00997582 0.03790277
v 0.00079888 0.01116314 0.03538484
v 0.00057721 0.01241504 0.03650679
v 0.00028802 0.01358390 0.03748187
v 0.00173855 0.01107790 0.03540234
v 0.00264952 0.01216660 0.03654784
v 0.00163216 0.01235273 0.03654827
v 0.00147228 0.01353386 0.03752967
v 0.00262628 0.01334970 0.03754150
v 0.00365840 0.01185521 0.03649811
v 0.00377530 0.01301940 0.03750339
v 0.00468796 0.01141709 0.03639155
v 0.00494035 0.01253181 0.03740709
v 0.00127035 0.01467042 0.03837684
v 0.00104312 0.01581054 0.03911276
v 0.00257676 0.01447985 0.03839027
v 0.00249892 0.01560433 0.03913065
v 0.00517802 0.01359419 0.03830019
v 0.00387470 0.01412735 0.03836971
v 0.00395337 0.01522070 0.03912146
v 0.00400730 0.01637136 0.03980025
v 0.00540588 0.01464149 0.03907504
v 0.00079667 0.01701877 0.03975944
v 0.00053708 0.01835971 0.04033889
v 0.00239664 0.01679123 0.03979075
v 0.00227509 0.01810840 0.04039692
v 0.00028899 0.01987656 0.04081154
v 0.00217138 0.01959927 0.04090536
v 0.00007702 0.02161249 0.04113792
v 0.00212255 0.02130730 0.04127223
v 0.00404193 0.01764937 0.04043512
v 0.00410199 0.01909882 0.04098169
v 0.00423218 0.02076381 0.04139561
v 0.00612362 0.01190689 0.03728873
v 0.00732583 0.01116493 0.03718656
v 0.00650476 0.01290428 0.03819393
v 0.00786748 0.01208259 0.03807031
v 0.00687961 0.01388881 0.03898855
v 0.00562846 0.01574289 0.03976558
v 0.00726442 0.01492556 0.03969726
v 0.00767627 0.01607942 0.04034349
v 0.00920268 0.01111186 0.03796067
v 0.00839571 0.01298520 0.03886207
v 0.00987653 0.01191401 0.03871469
v 0.01056547 0.01275911 0.03940779
v 0.00893899 0.01393530 0.03957991
v 0.00952558 0.01499550 0.04024219
v 0.01017165 0.01620100 0.04081579
v 0.00584749 0.01696813 0.04040972
v 0.00610096 0.01836010 0.04097168
v 0.00813467 0.01739150 0.04090685
v 0.00642699 0.01996170 0.04141560
v 0.00688504 0.02182387 0.04165411
v 0.00866300 0.01890218 0.04136181
v 0.01089619 0.01758649 0.04126387
v 0.00931444 0.02065784 0.04162096
v 0.01146119 0.00048366 0.04172620
v 0.01238302 0.00024343 0.04253199
v 0.01193100 0.00185998 0.04128064
v 0.01339917 0.00000421 0.04327027
v 0.01287935 0.00176503 0.04203757
v 0.01390970 0.00168452 0.04272608
v 0.01128746 0.00319718 0.03984062
v 0.01227580 0.00322548 0.04064083
v 0.01144073 0.00441819 0.03912297
v 0.01245273 0.00457900 0.03984985
v 0.01344648 0.00475739 0.04045912
v 0.01325205 0.00327068 0.04132694
v 0.01510689 0.00161973 0.04338690
v 0.01657048 0.00157656 0.04398309
v 0.01450021 0.00496766 0.04098522
v 0.01429831 0.00334131 0.04193983
v 0.01549362 0.00344649 0.04252466
v 0.01568594 0.00522532 0.04147081
v 0.01138933 0.00565197 0.03839343
v 0.01240703 0.00594374 0.03906269
v 0.01208956 0.00734181 0.03842697
v 0.01339651 0.00625077 0.03961810
v 0.01304253 0.00777517 0.03897930
v 0.01144751 0.00870838 0.03802052
v 0.01233420 0.00926714 0.03861474
v 0.01123572 0.01066040 0.03857727
v 0.01323006 0.00986879 0.03915534
v 0.01443284 0.00659388 0.04008722
v 0.01558417 0.00699518 0.04050672
v 0.01402161 0.00824868 0.03946050
v 0.01509212 0.00879438 0.03990922
v 0.01419838 0.01055566 0.03967828
v 0.01628060 0.00942753 0.04030862
v 0.01691756 0.00359203 0.04304505
v 0.01865349 0.00378295 0.04345952
v 0.02071565 0.00402799 0.04364936
v 0.01688001 0.00746710 0.04086810
v 0.01705811 0.00553843 0.04189138
v 0.01867296 0.00591472 0.04222005
v 0.01836147 0.00801978 0.04114754
v 0.01762519 0.01016114 0.04062647
v 0.02056461 0.00636543 0.04235173
v 0.02007957 0.00866811 0.04125427
v 0.02210057 0.00942401 0.04107724
v 0.01840373 0.00156013 0.04447260
v 0.02060331 0.00158086 0.04474356
v 0.01203878 0.01138757 0.03919956
v 0.01290303 0.01220954 0.03979857
v 0.01384758 0.01315029 0.04033678
v 0.01130931 0.01370637 0.04005916
v 0.01211873 0.01478588 0.04063229
v 0.01301025 0.01602654 0.04108297
v 0.01526383 0.01134705 0.04015651
v 0.01646469 0.01225957 0.04054494
v 0.01489750 0.01423259 0.04076873
v 0.01611369 0.01548494 0.04100009
v 0.01174438 0.01919635 0.04151471
v 0.01276546 0.02107420 0.04149113
v 0.01404752 0.01746473 0.04132031
v 0.01663989 0.02102498 0.04083960
v 0.01528126 0.01913933 0.04127085
v 0.01785918 0.01331399 0.04074519
v 0.01918247 0.01101242 0.04077030
v 0.01951785 0.01452862 0.04064241
v 0.02102366 0.01199574 0.04062837
v 0.02133081 0.01588929 0.04012292
v 0.01756637 0.01693395 0.04092424
v 0.01915437 0.01856405 0.04045456
v 0.02076319 0.02036228 0.03952208
v 0.00315428 0.04364135 0.01004997
v 0.00278661 0.04302121 0.01570219
v 0.00744780 0.04336362 0.01048120
v 0.00699224 0.04280954 0.01619625
v 0.00237893 0.04190753 0.02101756
v 0.00194184 0.04056058 0.02595650
v 0.00150394 0.03884371 0.03035697
v 0.00517521 0.03850694 0.03085568
v 0.00644529 0.04175704 0.02155540
v 0.01051335 0.04118124 0.02209563
v 0.00582297 0.04033714 0.02649259
v 0.00971113 0.03971090 0.02703840
v 0.01170079 0.04249964 0.01089010
v 0.01610840 0.04046496 0.00513695
v 0.01584322 0.04084050 0.01121142
v 0.01118364 0.04211767 0.01667846
v 0.01531224 0.04061690 0.01704199
v 0.02006881 0.03818411 0.00535930
v 0.01983083 0.03854552 0.01143565
v 0.01928429 0.03839272 0.01728073
v 0.01454716 0.03980125 0.02250210
v 0.01356090 0.03835172 0.02746108
v 0.01845193 0.03769287 0.02276798
v 0.02220423 0.03507002 0.02291893
v 0.01732817 0.03636922 0.02776039
v 0.02100225 0.03391073 0.02795267
v 0.00218807 0.02328551 0.04141817
v 0.00242739 0.02558696 0.04126383
v 0.00449622 0.02269844 0.04159342
v 0.00495783 0.02495683 0.04149161
v 0.00009992 0.02851390 0.04034031
v 0.00036702 0.03128094 0.03903037
v 0.00282047 0.02814219 0.04063629
v 0.00334730 0.03088181 0.03936272
v 0.00753451 0.02399760 0.04159984
v 0.00834895 0.02641314 0.04107945
v 0.01014216 0.02270485 0.04159686
v 0.01112497 0.02498557 0.04112949
v 0.00558508 0.02746407 0.04091301
v 0.00634606 0.03014524 0.03968050
v 0.00930187 0.02900076 0.03991968
v 0.01034055 0.03162848 0.03802830
v 0.00071399 0.03404710 0.03697507
v 0.00109382 0.03662029 0.03405689
v 0.00394531 0.03363316 0.03734686
v 0.00455198 0.03622357 0.03449249
v 0.00717558 0.03285388 0.03771374
v 0.00800843 0.03544350 0.03493248
v 0.00885137 0.03777540 0.03136470
v 0.01392602 0.02317750 0.04105707
v 0.01519265 0.02546371 0.04007640
v 0.01476235 0.03239361 0.03560405
v 0.01224172 0.02744228 0.04005879
v 0.01346373 0.02995247 0.03825894
v 0.01656862 0.02782135 0.03837407
v 0.01806353 0.02309403 0.03991623
v 0.01957723 0.02525069 0.03828782
v 0.01805721 0.03013900 0.03577500
v 0.02120608 0.02739917 0.03574142
v 0.01955754 0.03222134 0.03229153
v 0.01141232 0.03416430 0.03531311
v 0.01249363 0.03645610 0.03178655
v 0.01607227 0.03459082 0.03210193
v 0.03240521 0.01921309 0.02745245
v 0.04372382 0.00087591 0.00610706
v 0.04394344 0.00107164 0.01245331
v 0.03981617 0.01089509 0.00579358
v 0.04213737 0.00610604 0.00592897
v 0.04240026 0.00633997 0.01211980
v 0.03695889 0.01074833 0.02827297
v 0.04351014 0.00128510 0.01873037
v 0.04044827 0.00170681 0.03009938
v 0.04236481 0.00150169 0.02469385
v 0.04092158 0.00653791 0.02399269
v 0.04200881 0.00649359 0.01822216
v 0.03909713 0.00644400 0.02918795
v 0.03749116 0.01556684 0.00568687
v 0.03764066 0.01582255 0.01162832
v 0.03722232 0.01583624 0.01737828
v 0.03547959 0.02023643 0.00561669
v 0.03552529 0.02048847 0.01153378
v 0.03504706 0.02045634 0.01729220
v 0.04004689 0.01114689 0.01183789
v 0.03966122 0.01122624 0.01771641
v 0.03623836 0.01557675 0.02280147
v 0.03863603 0.01110759 0.02328382
v 0.03469653 0.01499310 0.02766368
v 0.03387371 0.01997656 0.02261571
v 0.02311720 0.00433609 0.04349725
v 0.02593894 0.00174602 0.04418103
v 0.02571063 0.00469431 0.04290713
v 0.02277997 0.00689931 0.04216462
v 0.02429801 0.01027039 0.04047628
v 0.02759605 0.00816667 0.04041647
v 0.02517752 0.00750292 0.04154780
v 0.02880834 0.00184489 0.04307042
v 0.02836330 0.00508682 0.04176318
v 0.03179705 0.00191537 0.04120848
v 0.03258313 0.00962021 0.03604488
v 0.03005734 0.00887698 0.03862926
v 0.03110732 0.00549211 0.03991666
v 0.02315948 0.00165041 0.04469258
v 0.02699299 0.01560767 0.03737065
v 0.02303057 0.01309529 0.04006573
v 0.02502248 0.01430749 0.03903049
v 0.02648849 0.01120129 0.03938675
v 0.02493050 0.01899065 0.03751985
v 0.02672137 0.02063716 0.03506142
v 0.02313504 0.01739220 0.03914360
v 0.02867620 0.01220411 0.03767203
v 0.03086939 0.01326546 0.03519006
v 0.03297189 0.01426991 0.03189404
v 0.02894362 0.01696959 0.03492370
v 0.03082697 0.01825414 0.03165433
v 0.03791873 0.00186124 0.03474857
v 0.03493442 0.00192579 0.03844306
v 0.03397482 0.00588870 0.03721894
v 0.03500365 0.01030981 0.03262856
v 0.03672001 0.00622365 0.03364954
v 0.02713311 0.03210875 0.00557750
v 0.02696395 0.03239849 0.01158981
v 0.02642619 0.03232608 0.01740830
v 0.03312294 0.02458250 0.00559172
v 0.03306930 0.02483375 0.01153284
v 0.03235797 0.02463948 0.01725808
v 0.03024781 0.02848040 0.00559706
v 0.03012629 0.02874425 0.01156229
v 0.02954597 0.02864679 0.01733867
v 0.02551693 0.03180327 0.02290357
v 0.02440301 0.03089735 0.02797134
v 0.02741725 0.02732557 0.02778315
v 0.03137760 0.02420229 0.02265534
v 0.02995845 0.02331622 0.02751062
v 0.02859521 0.02816542 0.02278914
v 0.02382584 0.03544929 0.00549593
v 0.02362103 0.03577538 0.01155846
v 0.02307911 0.03567012 0.01740959
v 0.02411816 0.02417279 0.03541877
v 0.02581081 0.02592509 0.03204013
v 0.02241155 0.02225606 0.03791433
v 0.02284015 0.02933649 0.03229205
v 0.02847219 0.02217003 0.03175461
f 8 46 10
f 1 111 9
f 1 107 111
f 1 9 10
f 1 10 46
f 3 4 96
f 4 95 96
f 3 12 4
f 7 13 9
f 7 158 6
f 7 6 13
f 13 6 5
f 10 13 11
f 3 8 11
f 8 10 11
f 9 13 10
f 11 13 5
f 11 5 12
f 3 11 12
f 14 95 16
f 4 15 16
f 4 12 15
f 4 16 95
f 14 16 18
f 14 18 17
f 17 18 703
f 16 19 18
f 15 22 19
f 15 19 16
f 18 19 704
f 5 20 12
f 5 21 20
f 6 158 148
f 6 148 21
f 5 6 21
f 20 21 23
f 22 23 708
f 15 20 22
f 20 23 22
f 19 22 707
f 21 2 23
f 21 148 2
f 2 700 23
f 15 12 20
f 60 24 25
f 26 25 28
f 26 60 25
f 26 27 64
f 27 1198 64
f 27 28 29
f 28 83 29
f 79 1184 29
f 26 28 27
f 27 29 1182
f 32 37 52
f 32 34 31
f 35 33 31
f 30 33 184
f 35 184 33
f 34 35 31
f 32 54 34
f 34 179 35
f 41 93 97
f 36 92 93
f 36 93 41
f 39 62 40
f 37 41 40
f 37 47 41
f 37 62 52
f 37 40 62
f 40 97 38
f 39 40 38
f 39 38 24
f 40 41 97
f 36 41 47
f 36 47 42
f 42 44 45
f 43 172 107
f 43 46 44
f 1 43 107
f 43 44 30
f 30 44 33
f 42 33 44
f 43 30 172
f 44 46 45
f 8 92 45
f 36 45 92
f 8 45 46
f 36 42 45
f 1 46 43
f 42 31 33
f 42 47 31
f 32 31 47
f 32 47 37
f 49 61 63
f 48 52 62
f 48 49 55
f 48 61 49
f 50 63 64
f 50 64 1188
f 64 1198 1188
f 49 50 56
f 49 63 50
f 50 1191 56
f 50 1188 1191
f 53 55 57
f 51 54 53
f 34 201 179
f 51 201 54
f 51 53 57
f 48 53 52
f 52 53 54
f 32 52 54
f 48 55 53
f 34 54 201
f 56 59 55
f 56 1191 58
f 57 59 207
f 57 55 59
f 59 58 209
f 56 58 59
f 49 56 55
f 39 60 61
f 39 61 62
f 61 60 63
f 26 63 60
f 48 62 61
f 39 24 60
f 26 64 63
f 24 66 67
f 24 38 66
f 68 69 76
f 67 69 68
f 70 78 68
f 66 65 69
f 66 90 65
f 66 69 67
f 70 71 84
f 71 77 728
f 70 77 71
f 71 729 85
f 73 74 76
f 72 75 73
f 65 73 69
f 65 94 72
f 65 72 73
f 74 732 77
f 72 17 75
f 74 75 733
f 17 702 75
f 73 75 74
f 73 76 69
f 70 76 77
f 70 68 76
f 76 74 77
f 83 78 80
f 78 84 80
f 79 83 80
f 79 81 1215
f 80 86 81
f 79 80 81
f 67 82 25
f 67 68 82
f 82 83 28
f 25 82 28
f 82 78 83
f 24 67 25
f 68 78 82
f 79 29 83
f 84 85 86
f 70 84 78
f 84 86 80
f 86 85 88
f 85 747 88
f 84 71 85
f 86 88 87
f 81 86 87
f 88 749 89
f 87 88 89
f 93 91 97
f 90 97 91
f 92 96 93
f 93 96 91
f 3 96 92
f 91 96 95
f 91 95 94
f 90 91 94
f 65 90 94
f 90 38 97
f 66 38 90
f 3 92 8
f 14 72 94
f 14 94 95
f 14 17 72
f 98 115 119
f 116 146 159
f 98 146 116
f 98 164 146
f 110 176 99
f 100 124 115
f 100 104 124
f 101 129 104
f 100 102 105
f 103 186 105
f 103 102 99
f 103 99 176
f 103 105 102
f 100 105 104
f 101 104 105
f 101 105 186
f 112 156 155
f 106 159 156
f 106 156 112
f 108 200 110
f 107 200 108
f 107 108 111
f 109 99 113
f 108 109 112
f 106 109 113
f 108 110 109
f 109 110 99
f 108 112 111
f 9 111 155
f 111 112 155
f 106 112 109
f 100 114 102
f 113 102 114
f 113 114 116
f 98 114 115
f 100 115 114
f 98 116 114
f 106 116 159
f 106 113 116
f 99 102 113
f 121 126 136
f 117 122 136
f 115 118 119
f 118 126 121
f 118 120 119
f 118 121 120
f 119 161 164
f 98 119 164
f 119 120 161
f 120 166 161
f 123 2450 166
f 120 121 123
f 121 136 122
f 121 122 123
f 122 2415 123
f 120 123 166
f 125 130 127
f 118 124 126
f 104 125 124
f 124 125 126
f 126 127 136
f 125 127 126
f 125 129 130
f 101 237 129
f 128 129 237
f 128 130 129
f 130 132 131
f 131 132 138
f 127 130 131
f 128 132 130
f 132 241 138
f 104 129 125
f 127 131 135
f 131 133 135
f 133 137 135
f 133 134 137
f 127 135 136
f 117 136 135
f 117 135 137
f 131 138 133
f 133 138 139
f 138 241 254
f 138 254 139
f 139 254 141
f 133 139 134
f 134 139 140
f 139 141 140
f 140 141 2423
f 115 124 118
f 143 158 157
f 142 147 143
f 142 143 157
f 145 144 147
f 145 160 144
f 146 145 159
f 142 159 145
f 146 164 160
f 146 160 145
f 142 145 147
f 143 149 158
f 148 158 149
f 143 147 151
f 143 151 149
f 148 150 2
f 148 149 150
f 149 153 150
f 149 151 153
f 151 147 152
f 144 152 147
f 151 154 153
f 152 169 154
f 151 152 154
f 155 156 157
f 7 155 157
f 7 9 155
f 142 156 159
f 142 157 156
f 7 157 158
f 160 164 162
f 161 162 164
f 160 162 163
f 144 160 163
f 162 167 163
f 161 166 165
f 161 165 162
f 166 2451 165
f 162 165 167
f 165 2452 167
f 144 163 168
f 144 168 152
f 163 170 168
f 152 168 169
f 168 171 169
f 163 167 170
f 167 2455 170
f 168 170 171
f 170 2455 2456
f 170 2456 171
f 174 200 172
f 173 181 174
f 30 173 172
f 30 184 173
f 173 174 172
f 175 190 176
f 110 200 175
f 174 175 200
f 110 175 176
f 174 177 175
f 174 181 177
f 175 177 190
f 179 203 180
f 182 181 178
f 177 181 192
f 182 192 181
f 182 178 183
f 180 183 178
f 180 203 183
f 182 183 213
f 35 180 184
f 173 184 178
f 173 178 181
f 180 178 184
f 35 179 180
f 188 186 189
f 185 189 190
f 177 191 190
f 185 190 191
f 185 188 189
f 101 186 187
f 187 186 188
f 101 187 237
f 185 196 188
f 187 188 197
f 187 197 238
f 103 176 189
f 176 190 189
f 103 189 186
f 177 192 191
f 191 192 193
f 185 191 195
f 191 193 195
f 182 194 192
f 192 194 193
f 182 213 194
f 193 194 218
f 188 196 197
f 185 195 196
f 196 247 197
f 193 198 195
f 195 199 196
f 195 198 199
f 193 218 198
f 196 199 247
f 198 272 199
f 107 172 200
f 179 201 204
f 179 204 203
f 201 202 204
f 51 202 201
f 51 57 208
f 51 208 202
f 203 204 205
f 183 203 214
f 203 205 214
f 202 208 210
f 202 210 206
f 202 206 204
f 204 206 205
f 57 207 208
f 207 211 208
f 59 209 207
f 207 209 212
f 208 211 210
f 206 210 227
f 210 211 226
f 207 212 211
f 209 1255 212
f 211 212 228
f 183 214 213
f 213 214 215
f 205 217 214
f 194 213 219
f 194 219 218
f 214 217 215
f 213 215 219
f 206 216 205
f 205 216 217
f 206 227 216
f 217 216 223
f 215 224 219
f 218 219 220
f 219 224 220
f 198 218 221
f 198 221 272
f 218 220 221
f 220 277 221
f 215 217 222
f 215 222 224
f 217 223 222
f 216 230 223
f 222 225 224
f 220 224 278
f 224 225 278
f 222 223 231
f 222 231 225
f 210 226 227
f 216 227 230
f 226 229 227
f 211 228 226
f 212 1262 228
f 226 228 234
f 226 234 229
f 228 1262 1265
f 228 1265 234
f 227 229 230
f 223 230 232
f 229 233 230
f 223 232 231
f 230 233 232
f 229 234 235
f 234 1265 236
f 229 235 233
f 234 236 235
f 128 237 239
f 128 239 240
f 237 238 239
f 238 245 239
f 239 245 242
f 187 238 237
f 128 240 132
f 132 240 241
f 240 243 241
f 239 242 240
f 240 242 243
f 241 243 255
f 197 244 238
f 238 244 245
f 245 244 246
f 197 247 244
f 244 247 249
f 199 248 247
f 199 272 248
f 247 248 249
f 244 249 246
f 246 249 283
f 242 245 250
f 245 246 250
f 242 250 251
f 242 251 243
f 243 251 259
f 246 253 250
f 250 252 251
f 250 253 252
f 251 252 261
f 246 283 253
f 252 253 286
f 252 286 341
f 241 255 254
f 141 254 256
f 254 255 256
f 243 259 255
f 255 259 260
f 255 260 256
f 256 260 266
f 141 256 257
f 141 257 2423
f 257 2471 2423
f 256 266 257
f 257 266 258
f 257 258 2471
f 258 2473 2471
f 251 261 259
f 259 262 260
f 259 261 262
f 260 263 266
f 260 262 263
f 261 264 262
f 252 341 261
f 261 341 264
f 262 265 263
f 262 264 265
f 258 266 267
f 263 267 266
f 258 268 2473
f 258 267 268
f 263 269 267
f 267 269 270
f 263 265 269
f 265 347 269
f 269 348 270
f 267 270 268
f 268 270 271
f 270 351 271
f 271 351 2503
f 248 272 275
f 221 273 272
f 221 277 273
f 272 273 275
f 248 274 249
f 248 275 274
f 249 274 283
f 273 281 275
f 274 275 276
f 274 276 285
f 275 281 276
f 220 278 277
f 273 277 280
f 277 278 282
f 277 282 280
f 225 279 278
f 225 231 300
f 225 300 279
f 278 279 282
f 273 280 281
f 276 281 289
f 280 291 281
f 281 291 289
f 280 282 292
f 279 308 282
f 282 308 292
f 280 292 291
f 274 285 283
f 283 285 284
f 253 283 284
f 276 290 285
f 284 285 287
f 285 290 287
f 253 284 286
f 284 288 286
f 284 287 288
f 288 287 296
f 286 288 343
f 288 358 343
f 288 296 358
f 276 289 290
f 291 292 314
f 287 290 295
f 289 293 290
f 290 293 295
f 291 294 289
f 291 314 294
f 289 294 293
f 293 294 320
f 287 295 296
f 295 297 296
f 296 359 358
f 296 297 359
f 293 298 295
f 295 298 297
f 293 320 298
f 298 320 322
f 298 299 297
f 297 299 362
f 298 322 299
f 232 301 231
f 231 301 300
f 279 300 309
f 300 301 310
f 232 233 302
f 232 302 301
f 301 302 305
f 300 310 309
f 301 305 310
f 233 303 302
f 233 235 303
f 302 303 306
f 235 304 303
f 235 236 304
f 303 304 307
f 302 306 305
f 305 306 327
f 303 307 306
f 306 307 329
f 279 309 308
f 292 308 315
f 308 309 311
f 308 311 315
f 309 310 312
f 309 312 311
f 310 313 312
f 310 305 313
f 305 327 313
f 306 329 327
f 292 315 314
f 294 314 316
f 314 315 317
f 311 318 315
f 315 318 317
f 314 317 316
f 294 316 320
f 316 317 324
f 311 312 319
f 311 319 318
f 312 328 319
f 317 318 323
f 317 323 324
f 319 332 318
f 318 332 323
f 316 321 320
f 320 321 322
f 316 324 321
f 299 322 390
f 321 325 322
f 322 325 390
f 321 324 326
f 324 323 336
f 321 326 325
f 324 336 326
f 312 313 328
f 313 327 330
f 313 330 328
f 319 328 333
f 319 333 332
f 328 330 334
f 328 334 333
f 327 329 331
f 327 331 330
f 329 1302 331
f 330 331 335
f 323 332 337
f 332 333 338
f 332 338 337
f 333 339 338
f 330 335 334
f 333 334 339
f 331 1306 335
f 334 335 340
f 334 340 339
f 323 337 336
f 326 336 402
f 336 337 403
f 337 338 404
f 335 1307 340
f 264 345 265
f 265 345 347
f 286 343 341
f 341 343 342
f 264 341 342
f 343 358 344
f 342 343 344
f 342 344 346
f 264 342 345
f 345 350 347
f 342 346 345
f 345 346 350
f 346 344 365
f 346 365 366
f 346 366 350
f 269 347 348
f 270 348 351
f 347 349 348
f 347 350 349
f 348 349 352
f 350 355 349
f 350 366 355
f 349 355 356
f 349 356 352
f 348 352 351
f 351 352 353
f 351 353 2503
f 352 356 357
f 352 357 353
f 353 354 2506
f 353 357 354
f 355 373 356
f 356 380 357
f 354 357 382
f 344 358 360
f 358 359 360
f 359 363 360
f 344 360 365
f 360 361 365
f 360 363 361
f 297 362 359
f 359 362 363
f 299 389 362
f 363 362 364
f 362 389 364
f 361 363 370
f 363 364 370
f 365 368 366
f 361 368 365
f 366 367 355
f 366 368 367
f 361 369 368
f 368 371 367
f 367 371 374
f 361 370 369
f 369 370 395
f 368 369 371
f 369 372 371
f 369 395 372
f 371 372 375
f 372 437 375
f 367 373 355
f 367 374 373
f 373 374 377
f 356 373 380
f 373 377 380
f 377 383 380
f 374 376 377
f 371 375 374
f 374 375 376
f 376 375 438
f 376 438 420
f 377 376 378
f 377 378 383
f 376 420 378
f 378 420 379
f 385 378 379
f 357 380 382
f 380 383 382
f 382 383 384
f 354 382 381
f 382 384 381
f 381 384 2517
f 383 378 385
f 383 385 384
f 385 387 384
f 385 379 386
f 385 386 387
f 387 386 388
f 384 387 2517
f 387 2519 2517
f 387 388 2519
f 388 2520 2519
f 299 390 389
f 389 390 392
f 364 389 391
f 364 394 370
f 364 391 394
f 389 392 391
f 325 393 390
f 390 393 392
f 325 326 401
f 325 401 393
f 391 392 399
f 392 393 408
f 370 394 395
f 391 398 394
f 394 396 395
f 394 398 396
f 372 395 397
f 372 397 437
f 395 396 397
f 391 399 398
f 392 408 399
f 397 396 445
f 396 400 445
f 396 398 400
f 398 399 412
f 398 412 400
f 326 402 401
f 336 403 402
f 337 404 403
f 401 402 410
f 393 401 409
f 393 409 408
f 401 410 409
f 402 403 406
f 402 406 410
f 338 339 405
f 338 405 404
f 339 340 407
f 339 407 405
f 403 404 414
f 404 405 415
f 403 414 406
f 404 415 414
f 405 407 1335
f 405 1335 415
f 399 408 411
f 408 409 413
f 408 413 411
f 409 416 413
f 409 410 416
f 399 411 412
f 411 534 412
f 411 413 535
f 413 416 541
f 413 541 535
f 406 417 410
f 406 414 418
f 410 417 416
f 406 418 417
f 414 415 419
f 414 419 418
f 415 1335 1338
f 415 1338 419
f 416 417 542
f 417 418 544
f 416 542 541
f 417 544 542
f 418 545 544
f 418 546 545
f 418 419 546
f 419 1338 1385
f 419 1385 546
f 379 440 386
f 386 440 421
f 386 421 388
f 388 421 422
f 421 454 422
f 388 422 2520
f 422 453 2520
f 422 454 455
f 422 455 453
f 458 426 423
f 464 431 426
f 454 423 424
f 423 434 424
f 424 434 2762
f 425 488 2758
f 423 426 430
f 423 430 427
f 423 427 434
f 427 429 428
f 427 428 435
f 429 496 436
f 428 429 436
f 427 430 429
f 430 426 432
f 426 431 432
f 431 474 432
f 430 500 429
f 430 432 500
f 432 474 433
f 432 433 500
f 434 435 2763
f 427 435 434
f 428 436 435
f 436 425 435
f 425 2763 435
f 375 437 438
f 437 439 438
f 438 441 420
f 397 444 437
f 437 444 439
f 438 439 441
f 379 420 442
f 420 441 442
f 379 442 440
f 439 447 441
f 441 448 442
f 440 442 443
f 442 448 443
f 397 445 444
f 439 444 449
f 444 445 449
f 400 446 445
f 449 445 446
f 400 533 446
f 400 412 533
f 439 449 447
f 441 447 448
f 443 448 460
f 447 459 448
f 447 449 450
f 449 446 450
f 446 533 537
f 450 446 537
f 447 450 459
f 440 451 452
f 440 452 421
f 440 443 451
f 421 452 454
f 454 424 455
f 443 456 451
f 451 456 457
f 451 457 458
f 443 460 456
f 448 459 460
f 456 460 462
f 451 458 452
f 452 423 454
f 452 458 423
f 457 464 458
f 456 461 457
f 456 462 461
f 457 461 464
f 458 464 426
f 460 459 467
f 450 571 459
f 459 571 467
f 460 463 462
f 461 462 466
f 460 470 463
f 461 465 464
f 461 466 465
f 462 463 468
f 462 468 466
f 464 465 431
f 460 467 470
f 463 469 468
f 463 470 473
f 466 472 465
f 466 468 475
f 463 473 469
f 469 476 468
f 455 424 2777
f 465 471 431
f 465 472 471
f 431 471 474
f 466 475 472
f 469 473 586
f 470 503 473
f 471 479 474
f 469 586 591
f 469 591 476
f 468 476 475
f 471 472 478
f 472 475 590
f 472 590 478
f 433 474 477
f 474 479 477
f 433 477 588
f 471 478 479
f 478 604 479
f 477 600 588
f 477 480 600
f 477 479 481
f 479 604 481
f 477 481 480
f 480 481 2780
f 486 2813 2858
f 436 496 487
f 482 487 496
f 482 483 484
f 492 483 505
f 486 492 489
f 486 484 492
f 485 2858 2859
f 485 2859 488
f 486 2858 484
f 486 489 2814
f 485 484 2858
f 482 485 487
f 436 487 425
f 484 483 492
f 482 484 485
f 485 488 487
f 425 487 488
f 489 493 490
f 489 492 493
f 490 2818 2814
f 489 490 2814
f 490 491 2818
f 490 494 491
f 490 493 494
f 492 505 493
f 493 505 509
f 493 509 494
f 494 509 495
f 491 494 2862
f 494 495 2862
f 495 510 2867
f 429 500 496
f 496 500 497
f 482 496 497
f 483 497 498
f 482 497 483
f 483 498 505
f 497 502 498
f 498 499 505
f 433 502 500
f 497 500 502
f 433 588 502
f 502 588 504
f 502 504 498
f 498 504 499
f 501 513 503
f 499 509 505
f 501 594 514
f 504 588 507
f 506 504 507
f 499 504 506
f 503 512 589
f 506 507 508
f 589 512 2877
f 601 2877 2878
f 508 507 2875
f 495 509 510
f 499 510 509
f 499 506 510
f 510 511 2867
f 506 511 510
f 506 508 511
f 503 513 512
f 501 514 513
f 513 514 2888
f 514 617 2887
f 517 523 654
f 518 517 515
f 518 515 516
f 643 520 519
f 518 516 1360
f 518 523 517
f 661 519 525
f 519 520 526
f 677 521 2930
f 654 523 522
f 661 525 524
f 518 1367 523
f 519 526 525
f 520 1374 526
f 528 522 523
f 528 523 1367
f 521 522 2933
f 530 2933 522
f 687 531 527
f 687 527 3440
f 528 530 522
f 524 531 687
f 525 526 532
f 524 525 532
f 528 1373 530
f 526 1374 2936
f 524 532 531
f 530 1373 2934
f 1374 2935 2936
f 526 2936 532
f 533 534 536
f 412 534 533
f 411 535 534
f 534 535 538
f 535 541 539
f 535 539 538
f 537 533 536
f 534 538 536
f 450 537 571
f 537 536 572
f 536 574 572
f 540 538 539
f 536 538 574
f 540 574 538
f 543 541 542
f 544 548 542
f 539 541 543
f 543 542 548
f 544 545 547
f 545 546 550
f 545 549 547
f 545 550 549
f 544 547 548
f 546 1391 550
f 547 549 553
f 549 550 554
f 539 543 551
f 543 548 552
f 543 552 551
f 540 539 551
f 551 552 622
f 552 631 622
f 547 556 548
f 548 559 552
f 548 556 563
f 548 563 559
f 547 553 556
f 549 554 553
f 550 555 554
f 553 554 562
f 553 561 556
f 554 557 562
f 553 562 561
f 554 555 557
f 555 558 564
f 555 564 557
f 552 559 631
f 559 639 631
f 569 636 635
f 560 569 635
f 556 565 563
f 556 561 565
f 557 568 562
f 559 563 642
f 557 564 570
f 561 562 569
f 558 1395 566
f 558 567 564
f 558 566 567
f 559 642 639
f 563 644 642
f 560 565 561
f 564 567 650
f 564 650 570
f 560 640 565
f 563 565 644
f 565 640 644
f 566 1395 643
f 566 641 567
f 562 568 569
f 557 570 568
f 560 561 569
f 568 570 651
f 568 636 569
f 537 572 571
f 467 571 594
f 467 501 470
f 467 594 501
f 571 572 594
f 572 575 594
f 572 574 575
f 540 619 580
f 540 580 574
f 574 580 575
f 573 610 577
f 578 577 610
f 573 577 576
f 576 577 579
f 578 585 582
f 578 582 577
f 577 582 579
f 578 611 585
f 576 579 612
f 575 580 672
f 579 582 581
f 581 582 585
f 579 581 584
f 581 583 620
f 581 585 583
f 581 620 584
f 579 584 612
f 613 583 585
f 613 627 583
f 584 674 612
f 470 501 503
f 473 589 586
f 475 476 587
f 475 587 590
f 476 592 587
f 473 503 589
f 586 589 601
f 586 601 602
f 586 602 591
f 476 591 592
f 587 592 595
f 591 606 592
f 587 597 593
f 587 593 590
f 478 590 603
f 590 593 603
f 593 598 603
f 587 595 596
f 595 609 610
f 592 607 595
f 592 606 607
f 595 607 609
f 587 596 597
f 596 576 597
f 573 596 610
f 573 576 596
f 595 610 596
f 593 597 599
f 593 599 598
f 588 600 507
f 591 602 606
f 589 2877 601
f 601 3411 602
f 600 2875 507
f 600 3408 2875
f 480 3408 600
f 478 603 604
f 603 605 604
f 603 598 605
f 481 604 3410
f 604 605 3410
f 605 608 3410
f 602 3412 606
f 606 3412 607
f 601 2878 3411
f 602 3411 3412
f 607 3412 614
f 598 599 605
f 599 608 605
f 575 617 594
f 594 617 514
f 611 609 615
f 578 610 609
f 576 612 597
f 597 612 599
f 578 609 611
f 599 612 608
f 575 672 617
f 611 618 613
f 613 618 673
f 611 613 585
f 612 674 616
f 607 614 609
f 609 614 615
f 611 615 618
f 608 612 616
f 618 3419 673
f 615 3420 618
f 616 674 679
f 540 551 619
f 551 622 619
f 621 623 620
f 620 623 626
f 619 622 654
f 621 628 624
f 621 624 623
f 623 625 626
f 624 633 623
f 623 633 625
f 624 629 634
f 580 619 675
f 583 621 620
f 583 627 621
f 584 620 626
f 621 627 628
f 584 626 674
f 627 671 628
f 626 630 674
f 628 676 629
f 619 654 675
f 628 671 676
f 625 630 626
f 624 628 629
f 625 637 630
f 631 639 515
f 634 645 640
f 622 631 517
f 631 515 517
f 634 632 645
f 624 634 633
f 635 637 633
f 560 633 640
f 634 640 633
f 560 635 633
f 635 636 637
f 625 633 637
f 629 632 634
f 636 638 637
f 636 656 638
f 636 651 656
f 639 642 515
f 567 641 646
f 567 646 650
f 648 647 641
f 640 645 644
f 566 643 648
f 642 644 516
f 566 648 641
f 648 661 647
f 641 647 657
f 641 657 646
f 650 646 653
f 632 659 645
f 642 516 515
f 649 644 645
f 516 644 649
f 643 519 648
f 649 645 659
f 568 651 636
f 570 650 652
f 570 652 651
f 650 653 652
f 651 665 656
f 651 652 665
f 622 517 654
f 629 655 632
f 632 655 658
f 629 676 655
f 655 688 658
f 630 637 638
f 638 656 683
f 630 638 683
f 648 519 661
f 647 661 660
f 647 660 662
f 632 658 659
f 646 657 663
f 646 663 653
f 647 662 657
f 653 663 664
f 653 664 666
f 658 1411 659
f 660 661 524
f 657 684 663
f 657 662 684
f 663 684 664
f 658 685 1411
f 666 664 686
f 666 686 670
f 652 653 666
f 652 667 665
f 652 666 667
f 667 669 665
f 656 665 692
f 656 692 683
f 666 670 667
f 667 670 668
f 667 668 669
f 669 692 665
f 668 670 1412
f 668 1412 669
f 580 675 672
f 627 673 671
f 613 673 627
f 630 679 674
f 654 522 675
f 672 675 521
f 671 680 676
f 675 522 521
f 676 680 682
f 617 672 677
f 671 673 678
f 617 677 2887
f 673 3419 678
f 672 521 677
f 671 678 680
f 678 3438 680
f 630 681 679
f 655 676 682
f 655 682 688
f 630 683 681
f 660 689 662
f 658 688 685
f 660 524 687
f 660 687 689
f 662 695 684
f 664 684 690
f 664 690 686
f 670 686 1418
f 662 689 695
f 684 695 690
f 685 688 529
f 690 696 691
f 685 529 1368
f 686 690 691
f 686 691 1417
f 691 1422 1417
f 669 1419 692
f 683 692 694
f 680 693 682
f 687 3440 689
f 682 693 688
f 689 3439 695
f 680 3438 693
f 689 3440 3439
f 681 683 694
f 690 695 696
f 688 693 529
f 691 696 697
f 691 697 1422
f 695 3439 696
f 696 3439 3441
f 696 3441 697
f 697 3442 1422
f 692 698 694
f 19 707 704
f 704 707 709
f 706 709 717
f 17 703 702
f 702 703 705
f 18 704 703
f 703 704 706
f 703 706 705
f 705 713 711
f 699 702 705
f 699 705 711
f 699 711 741
f 704 709 706
f 705 706 713
f 706 717 713
f 707 708 710
f 22 708 707
f 700 708 23
f 700 701 708
f 707 710 709
f 709 710 718
f 709 718 717
f 701 710 708
f 710 719 718
f 701 719 710
f 711 712 741
f 712 762 741
f 711 713 714
f 713 722 714
f 711 714 712
f 712 715 762
f 714 723 716
f 712 714 716
f 712 716 715
f 715 716 725
f 715 725 777
f 717 718 720
f 717 720 722
f 718 719 831
f 718 831 720
f 720 721 722
f 720 831 832
f 720 832 721
f 721 846 726
f 713 717 722
f 714 722 723
f 722 721 723
f 716 723 724
f 716 724 725
f 721 726 723
f 723 726 724
f 725 785 777
f 724 727 725
f 725 727 785
f 724 726 849
f 724 849 727
f 727 788 785
f 727 849 851
f 727 851 788
f 728 730 729
f 71 728 729
f 729 730 731
f 730 736 731
f 731 736 737
f 74 733 732
f 728 732 734
f 702 733 75
f 732 733 735
f 699 733 702
f 732 735 734
f 730 734 738
f 734 740 738
f 699 735 733
f 735 741 740
f 699 741 735
f 734 735 740
f 728 77 732
f 728 734 730
f 730 738 736
f 736 744 737
f 737 744 754
f 738 742 739
f 740 741 762
f 740 762 742
f 738 740 742
f 742 762 763
f 742 763 743
f 739 742 743
f 739 743 746
f 743 776 746
f 736 738 739
f 736 739 744
f 739 746 744
f 744 746 745
f 744 745 754
f 745 761 754
f 745 765 761
f 745 746 764
f 729 747 85
f 731 748 747
f 747 749 88
f 749 748 751
f 747 748 749
f 729 731 747
f 737 753 748
f 748 753 751
f 753 757 751
f 731 737 748
f 749 751 750
f 89 749 750
f 750 751 752
f 751 757 752
f 752 757 759
f 753 755 757
f 737 754 753
f 753 754 755
f 754 761 755
f 755 761 756
f 755 756 758
f 756 769 760
f 757 758 759
f 757 755 758
f 759 758 1587
f 758 760 1587
f 760 1590 1587
f 756 760 758
f 760 767 1590
f 756 761 768
f 715 763 762
f 743 763 775
f 715 777 763
f 763 777 775
f 743 775 776
f 746 776 764
f 745 764 765
f 765 766 768
f 764 781 765
f 765 781 766
f 760 769 767
f 767 1610 1590
f 765 768 761
f 768 771 769
f 756 768 769
f 769 771 770
f 766 771 768
f 766 796 771
f 771 796 797
f 770 771 797
f 770 797 773
f 767 769 770
f 767 770 772
f 767 772 1610
f 772 1612 1610
f 770 773 772
f 772 773 774
f 772 774 1612
f 774 1614 1612
f 775 779 776
f 776 779 780
f 775 777 778
f 777 785 778
f 775 778 779
f 779 784 780
f 778 786 779
f 779 786 784
f 764 776 780
f 764 780 781
f 780 783 781
f 766 781 782
f 766 782 796
f 781 783 782
f 782 799 796
f 780 784 783
f 783 784 790
f 783 790 791
f 782 783 791
f 782 791 799
f 778 785 787
f 785 788 787
f 778 787 786
f 784 786 792
f 788 882 787
f 786 787 789
f 786 789 792
f 787 882 789
f 789 886 792
f 784 792 790
f 791 795 799
f 790 794 791
f 791 794 795
f 790 792 793
f 790 793 794
f 792 886 793
f 793 899 794
f 795 794 900
f 794 899 900
f 796 798 797
f 773 797 800
f 797 798 800
f 796 799 798
f 798 799 805
f 798 806 800
f 773 801 774
f 773 800 801
f 774 801 802
f 774 802 1614
f 800 807 801
f 801 803 802
f 802 804 1621
f 795 805 799
f 800 806 807
f 801 807 803
f 802 803 804
f 798 805 806
f 805 809 806
f 806 810 807
f 806 809 810
f 807 810 811
f 795 808 805
f 805 808 809
f 795 900 808
f 808 907 809
f 810 915 811
f 809 909 810
f 810 909 915
f 803 807 811
f 803 811 812
f 803 812 804
f 804 812 813
f 804 813 1629
f 811 814 812
f 811 915 814
f 812 814 815
f 812 815 813
f 813 815 816
f 2 818 700
f 2 150 818
f 700 818 819
f 817 818 150
f 817 150 153
f 817 820 818
f 700 819 701
f 701 823 719
f 701 819 823
f 818 820 819
f 819 825 823
f 819 820 825
f 817 153 821
f 153 154 821
f 817 821 822
f 154 834 821
f 817 822 820
f 820 822 827
f 821 835 822
f 719 823 824
f 823 825 826
f 823 826 824
f 824 828 833
f 824 826 828
f 822 838 827
f 827 839 829
f 820 827 825
f 825 829 826
f 825 827 829
f 826 829 830
f 826 830 828
f 828 830 845
f 829 840 830
f 719 824 831
f 831 833 832
f 824 833 831
f 832 833 847
f 721 832 846
f 832 847 846
f 828 854 833
f 154 169 834
f 169 836 834
f 169 171 836
f 821 834 835
f 822 835 838
f 834 837 835
f 834 836 837
f 835 837 841
f 171 2456 3762
f 171 3762 836
f 836 3763 837
f 836 3762 3763
f 827 838 839
f 835 841 838
f 838 841 843
f 838 843 839
f 839 843 864
f 829 839 840
f 839 864 840
f 837 842 841
f 837 3763 842
f 841 842 844
f 841 844 843
f 864 843 866
f 843 844 866
f 828 845 854
f 830 863 845
f 833 854 847
f 846 847 848
f 847 855 848
f 726 846 850
f 726 850 849
f 849 850 852
f 849 852 851
f 846 848 850
f 850 858 852
f 848 858 850
f 851 852 853
f 852 858 860
f 852 860 853
f 847 854 855
f 854 856 855
f 848 855 859
f 845 856 854
f 845 869 856
f 855 856 857
f 855 857 859
f 848 859 858
f 858 859 861
f 858 861 860
f 853 860 889
f 860 862 889
f 859 873 861
f 857 873 859
f 861 873 874
f 860 861 862
f 861 874 862
f 830 840 863
f 840 865 863
f 845 863 869
f 840 864 865
f 863 865 871
f 863 871 869
f 864 867 865
f 864 866 867
f 865 867 868
f 866 3785 867
f 865 868 871
f 867 3789 868
f 856 869 870
f 856 870 857
f 857 870 875
f 869 872 870
f 869 871 872
f 870 878 875
f 870 872 878
f 857 875 873
f 873 875 876
f 862 874 954
f 873 876 874
f 875 880 876
f 875 878 880
f 874 876 956
f 871 877 872
f 868 877 871
f 872 879 878
f 872 877 879
f 868 3790 877
f 877 3792 879
f 878 881 880
f 878 879 881
f 876 967 956
f 876 880 967
f 880 881 970
f 880 970 967
f 879 3796 881
f 879 3792 3796
f 881 3813 970
f 881 3796 3813
f 788 851 883
f 788 883 882
f 882 883 885
f 789 882 884
f 789 884 886
f 882 885 884
f 851 853 883
f 853 888 883
f 883 888 885
f 884 885 890
f 884 890 887
f 793 886 898
f 793 898 899
f 884 887 886
f 886 887 898
f 898 887 903
f 853 889 888
f 888 889 893
f 885 888 891
f 885 891 890
f 888 893 891
f 890 891 896
f 889 892 893
f 862 892 889
f 891 893 894
f 891 894 896
f 892 955 893
f 893 955 894
f 887 890 895
f 887 895 903
f 890 896 895
f 895 896 897
f 894 960 896
f 896 960 897
f 898 902 899
f 899 901 900
f 898 903 902
f 899 902 901
f 901 902 923
f 902 903 904
f 902 904 923
f 895 905 903
f 903 905 904
f 895 897 905
f 904 905 906
f 897 949 905
f 905 949 906
f 946 1000 948
f 948 1001 1778
f 808 900 908
f 808 908 907
f 900 901 908
f 907 908 910
f 809 907 909
f 909 913 915
f 907 912 909
f 909 912 913
f 901 911 908
f 908 911 910
f 901 923 911
f 910 911 926
f 907 910 912
f 912 914 913
f 910 925 912
f 913 914 919
f 912 925 914
f 814 915 916
f 814 917 815
f 814 916 917
f 913 916 915
f 815 917 918
f 815 918 816
f 816 918 1758
f 917 922 918
f 918 921 1758
f 913 919 916
f 916 919 920
f 916 920 917
f 917 920 922
f 919 936 920
f 920 934 922
f 918 922 921
f 921 1762 1758
f 921 922 937
f 921 938 1762
f 921 937 938
f 911 923 924
f 911 924 926
f 904 928 923
f 923 928 924
f 924 930 926
f 910 926 925
f 914 925 927
f 925 926 931
f 914 927 935
f 925 931 927
f 904 906 928
f 924 928 929
f 924 929 930
f 906 1091 928
f 928 1091 929
f 926 930 931
f 927 931 932
f 930 933 931
f 929 985 930
f 930 985 933
f 931 933 932
f 914 935 919
f 919 935 936
f 920 936 934
f 935 942 936
f 934 936 941
f 922 934 937
f 937 939 938
f 934 941 945
f 934 945 937
f 937 945 939
f 938 939 940
f 927 943 935
f 935 943 942
f 927 932 943
f 936 942 941
f 932 994 943
f 943 994 995
f 942 943 995
f 944 941 942
f 944 942 995
f 941 947 945
f 939 945 946
f 939 948 940
f 939 946 948
f 940 948 1778
f 944 947 941
f 945 947 946
f 862 954 892
f 874 956 954
f 897 960 962
f 897 962 949
f 906 949 983
f 949 962 950
f 949 950 983
f 962 951 950
f 950 951 989
f 951 966 1020
f 966 1023 1020
f 892 954 957
f 892 957 955
f 894 955 961
f 955 957 963
f 955 963 961
f 954 958 957
f 954 956 958
f 956 968 958
f 957 959 963
f 957 958 959
f 894 961 960
f 960 961 965
f 960 965 962
f 961 963 964
f 961 964 965
f 959 974 963
f 963 974 964
f 962 965 951
f 951 965 966
f 964 966 965
f 964 976 966
f 956 967 968
f 967 970 971
f 967 971 968
f 958 968 969
f 958 969 959
f 968 971 972
f 968 972 969
f 970 973 971
f 970 3813 973
f 971 979 972
f 971 973 979
f 959 975 974
f 959 969 975
f 964 974 976
f 969 972 978
f 969 978 975
f 974 975 977
f 974 977 976
f 966 976 1023
f 975 981 977
f 952 976 977
f 952 1023 976
f 972 980 978
f 975 978 981
f 972 979 980
f 978 980 982
f 977 981 953
f 952 977 953
f 978 982 981
f 981 982 1031
f 953 981 1031
f 906 983 1091
f 929 1091 986
f 950 988 983
f 983 988 984
f 1091 983 984
f 1091 984 986
f 929 986 985
f 933 985 987
f 933 987 996
f 985 986 991
f 984 990 986
f 985 991 987
f 950 989 988
f 984 988 992
f 951 1020 989
f 988 989 1021
f 988 1021 992
f 986 990 991
f 984 992 990
f 990 993 991
f 991 993 1008
f 987 991 1008
f 990 992 1028
f 990 1028 993
f 993 1069 1008
f 932 996 994
f 994 998 995
f 944 995 997
f 994 996 1009
f 987 1007 996
f 996 1007 1009
f 1019 997 998
f 994 1009 998
f 995 998 997
f 944 1002 947
f 946 947 999
f 944 997 1002
f 947 1002 999
f 946 999 1000
f 948 1000 1001
f 999 1002 1017
f 997 1018 1002
f 1002 1018 1017
f 999 1017 1003
f 1000 1003 1004
f 999 1003 1000
f 1000 1004 1001
f 1010 1006 1071
f 1005 1072 1006
f 1006 1072 1071
f 987 1008 1007
f 1006 1009 1007
f 1010 998 1009
f 1010 1019 998
f 1010 1009 1006
f 1005 1007 1008
f 1005 1006 1007
f 1005 1008 1069
f 1019 1013 1018
f 1016 1017 1018
f 1016 1015 1017
f 1011 1003 1015
f 1011 1826 1004
f 1013 1081 1016
f 1012 1078 1013
f 1010 1012 1019
f 1019 1012 1013
f 1013 1016 1018
f 1010 1071 1012
f 1016 1081 1080
f 1014 1015 1080
f 1014 1832 1011
f 1016 1080 1015
f 1011 1832 1826
f 1014 1011 1015
f 1019 1018 997
f 1015 1003 1017
f 1011 1004 1003
f 989 1020 1022
f 1020 1024 1022
f 1021 1022 1029
f 989 1022 1021
f 1020 1023 1024
f 952 1030 1023
f 1023 1030 1024
f 1022 1024 1036
f 1025 1026 1083
f 992 1021 1027
f 992 1027 1028
f 1021 1029 1027
f 993 1028 1070
f 993 1070 1069
f 1025 1028 1027
f 1025 1070 1028
f 1022 1036 1029
f 1026 1027 1029
f 1033 1029 1036
f 1025 1027 1026
f 1026 1029 1033
f 952 1032 1030
f 952 953 1032
f 1024 1037 1036
f 1030 1038 1037
f 1024 1030 1037
f 1030 1032 1038
f 953 3836 1032
f 953 1031 3836
f 1032 3842 1038
f 1032 3836 3842
f 1026 1033 1084
f 1033 1087 1084
f 1033 1034 1087
f 1034 1088 1087
f 1034 1035 1088
f 1035 3878 1088
f 1033 1036 1034
f 1034 1036 1037
f 1035 1037 1038
f 1034 1037 1035
f 1038 3842 3839
f 1035 1038 3839
f 1076 1077 1059
f 1014 1039 1870
f 1040 1081 1047
f 1078 1048 1047
f 1040 1039 1080
f 1076 1042 1082
f 1079 1082 1041
f 1079 1041 1048
f 1076 1059 1042
f 1062 1041 1042
f 1041 1082 1042
f 1039 1043 1877
f 1047 1046 1045
f 1048 1061 1046
f 1044 1880 1043
f 1044 1046 1063
f 1044 1045 1046
f 1044 1043 1045
f 1047 1048 1046
f 1040 1047 1045
f 1040 1043 1039
f 1040 1045 1043
f 1041 1061 1048
f 1077 1085 1060
f 1085 1086 1068
f 1085 1068 1060
f 1086 1089 1049
f 1086 1049 1068
f 1050 1089 1090
f 1049 1089 1050
f 1050 1090 3852
f 1063 1064 1912
f 1064 1053 1912
f 1064 1051 1053
f 1065 1053 1051
f 1053 1052 1056
f 1065 1052 1053
f 1056 1052 1054
f 1056 1054 3856
f 1054 1055 3856
f 1057 1062 1042
f 1057 1059 1058
f 1077 1060 1059
f 1057 1042 1059
f 1058 1059 1060
f 1062 1051 1061
f 1062 1061 1041
f 1064 1046 1061
f 1063 1046 1064
f 1064 1061 1051
f 1057 1065 1062
f 1062 1065 1051
f 1058 1052 1065
f 1057 1058 1065
f 1066 1068 1067
f 1058 1066 1054
f 1058 1060 1066
f 1067 1049 3861
f 1066 1067 1055
f 1067 3864 1055
f 1066 1060 1068
f 1067 1068 1049
f 1049 1050 3861
f 1058 1054 1052
f 1066 1055 1054
f 1005 1069 1073
f 1069 1070 1074
f 1069 1074 1073
f 1076 1082 1072
f 1071 1072 1082
f 1076 1072 1073
f 1005 1073 1072
f 1074 1075 1085
f 1025 1075 1070
f 1070 1075 1074
f 1025 1083 1075
f 1077 1073 1074
f 1076 1073 1077
f 1077 1074 1085
f 1012 1071 1079
f 1013 1078 1081
f 1012 1079 1078
f 1071 1082 1079
f 1078 1079 1048
f 1040 1080 1081
f 1014 1080 1039
f 1014 1870 1832
f 1078 1047 1081
f 1075 1083 1086
f 1086 1083 1089
f 1089 1083 1084
f 1026 1084 1083
f 1075 1086 1085
f 1090 1084 1087
f 1089 1084 1090
f 1087 1088 3877
f 1090 1087 3877
f 932 933 996
f 27 1182 1198
f 1182 1183 1199
f 29 1184 1182
f 1184 1185 1183
f 1184 1215 1185
f 1184 1183 1182
f 1185 1218 1186
f 1183 1185 1201
f 1201 1185 1186
f 1206 1186 1187
f 1188 1198 1189
f 1189 1198 1199
f 1188 1189 1192
f 1188 1192 1191
f 1189 1199 1190
f 1190 1199 1200
f 1190 1200 1196
f 1196 1200 1202
f 1191 1192 1193
f 58 1193 1253
f 58 1191 1193
f 1192 1194 1193
f 1192 1195 1194
f 1189 1195 1192
f 1195 1197 1258
f 1194 1195 1258
f 1189 1190 1195
f 1190 1197 1195
f 1190 1196 1197
f 1196 1203 1197
f 1182 1199 1198
f 1183 1200 1199
f 1183 1201 1200
f 1200 1201 1202
f 1202 1201 1206
f 1201 1186 1206
f 1196 1202 1204
f 1196 1204 1203
f 1203 1204 1281
f 1204 1210 1205
f 1204 1205 1281
f 1205 1211 1283
f 1202 1206 1210
f 1206 1207 1210
f 1206 1187 1207
f 1207 1187 1208
f 1207 1208 1213
f 1213 1208 1209
f 1202 1210 1204
f 1207 1211 1210
f 1205 1210 1211
f 1207 1213 1211
f 1211 1212 1283
f 1211 1213 1212
f 1212 1213 1214
f 1212 1214 1529
f 1213 1209 1214
f 1214 1209 1236
f 1215 1216 1218
f 81 87 1216
f 1216 1220 1217
f 81 1216 1215
f 1218 1216 1217
f 1218 1217 1219
f 1219 1217 1224
f 1217 1222 1224
f 79 1215 1184
f 1215 1218 1185
f 1186 1218 1219
f 1186 1219 1187
f 87 1220 1216
f 87 89 1220
f 1220 1221 1222
f 89 1221 1220
f 89 750 1221
f 750 1583 1221
f 1221 1583 1223
f 1220 1222 1217
f 1222 1223 1229
f 1222 1229 1224
f 1222 1221 1223
f 1229 1223 1231
f 1223 1585 1231
f 1224 1229 1226
f 1219 1224 1225
f 1219 1225 1187
f 1187 1225 1208
f 1225 1227 1208
f 1225 1226 1227
f 1225 1224 1226
f 1227 1228 1235
f 1230 1228 1226
f 1227 1226 1228
f 1228 1233 1241
f 1229 1231 1230
f 1229 1230 1226
f 1230 1231 1232
f 1231 1595 1232
f 1232 1597 1234
f 1230 1233 1228
f 1230 1232 1233
f 1233 1234 1238
f 1233 1232 1234
f 1227 1209 1208
f 1227 1235 1209
f 1209 1235 1236
f 1228 1241 1235
f 1214 1531 1529
f 1214 1236 1531
f 1236 1237 1531
f 1233 1238 1241
f 1238 1239 1246
f 1234 1599 1239
f 1238 1234 1239
f 1239 1653 1248
f 1235 1240 1236
f 1235 1241 1240
f 1238 1242 1241
f 1240 1241 1242
f 1240 1242 1243
f 1242 1246 1245
f 1240 1237 1236
f 1240 1243 1237
f 1237 1243 1533
f 1243 1244 1533
f 1243 1242 1245
f 1243 1245 1244
f 1244 1245 1250
f 1238 1246 1242
f 1246 1239 1248
f 1246 1247 1245
f 1246 1248 1247
f 1248 1656 1249
f 1247 1248 1249
f 1247 1250 1245
f 1247 1251 1250
f 1247 1249 1251
f 1249 1657 1252
f 1250 1251 1557
f 1251 1252 1563
f 1251 1249 1252
f 1563 1252 1564
f 1252 1669 1564
f 58 1253 209
f 1193 1254 1253
f 209 1253 1255
f 1253 1254 1256
f 1193 1194 1254
f 1194 1260 1254
f 1253 1256 1255
f 212 1255 1262
f 1255 1256 1263
f 1254 1257 1256
f 1254 1260 1257
f 1194 1258 1260
f 1258 1261 1260
f 1197 1259 1258
f 1258 1259 1261
f 1203 1279 1259
f 1257 1260 1271
f 1260 1261 1271
f 1259 1272 1261
f 1259 1279 1272
f 1197 1203 1259
f 1255 1263 1262
f 1262 1266 1265
f 1262 1263 1266
f 1256 1257 1264
f 1256 1264 1263
f 1263 1264 1268
f 1257 1274 1264
f 1265 1266 1267
f 1263 1268 1266
f 236 1265 1267
f 1266 1269 1267
f 1266 1268 1269
f 1264 1270 1268
f 1264 1274 1270
f 1268 1295 1269
f 1268 1270 1295
f 1257 1271 1274
f 1261 1273 1271
f 1271 1275 1274
f 1271 1273 1275
f 1261 1272 1273
f 1272 1277 1273
f 1274 1275 1276
f 1270 1274 1276
f 1270 1276 1317
f 1275 1318 1276
f 1275 1278 1318
f 1273 1278 1275
f 1273 1277 1278
f 1277 1320 1278
f 1203 1281 1279
f 1205 1282 1281
f 1205 1283 1282
f 1279 1281 1280
f 1281 1282 1280
f 1282 1287 1280
f 1212 1285 1283
f 1282 1283 1284
f 1282 1284 1287
f 1283 1285 1284
f 1272 1279 1286
f 1279 1280 1286
f 1272 1286 1277
f 1280 1289 1286
f 1280 1287 1289
f 1277 1286 1288
f 1286 1289 1288
f 1277 1288 1320
f 1288 1289 1502
f 1287 1290 1289
f 1289 1290 1502
f 1284 1291 1287
f 1287 1291 1290
f 1290 1291 1507
f 1291 1508 1507
f 1291 1292 1508
f 1284 1285 1292
f 1284 1292 1291
f 1285 1526 1292
f 1292 1527 1508
f 1212 1529 1285
f 236 1293 304
f 236 1267 1293
f 304 1293 1296
f 1267 1294 1293
f 1267 1269 1294
f 1293 1294 1297
f 304 1296 307
f 1269 1295 1298
f 1269 1298 1294
f 1270 1317 1295
f 1295 1300 1298
f 1295 1317 1300
f 1300 1317 1322
f 1293 1297 1296
f 307 1296 1301
f 307 1301 329
f 1296 1303 1301
f 1294 1299 1297
f 1296 1297 1303
f 1297 1299 1310
f 1297 1310 1303
f 1294 1298 1299
f 1298 1312 1299
f 1298 1300 1312
f 329 1301 1302
f 1301 1304 1302
f 1301 1303 1304
f 331 1302 1306
f 1302 1304 1308
f 1303 1310 1305
f 1303 1305 1304
f 1302 1308 1306
f 335 1306 1307
f 1304 1305 1309
f 1306 1308 1330
f 1306 1330 1307
f 1304 1309 1308
f 1308 1333 1330
f 1308 1309 1333
f 1305 1355 1309
f 1299 1312 1311
f 1299 1311 1310
f 1310 1311 1314
f 1305 1310 1314
f 1300 1313 1312
f 1300 1322 1313
f 1311 1312 1315
f 1313 1315 1312
f 1311 1316 1314
f 1305 1314 1355
f 1314 1316 1346
f 1313 1347 1315
f 1311 1315 1316
f 1315 1348 1316
f 1276 1319 1317
f 1276 1318 1319
f 1317 1319 1322
f 1318 1321 1324
f 1318 1324 1319
f 1320 1501 1327
f 1278 1321 1318
f 1278 1320 1321
f 1320 1327 1321
f 1319 1323 1322
f 1323 1325 1322
f 1323 1324 1326
f 1319 1324 1323
f 1323 1476 1325
f 1324 1329 1326
f 1326 1329 1478
f 1323 1326 1476
f 1328 1327 1501
f 1327 1481 1329
f 1328 1481 1327
f 1321 1329 1324
f 1321 1327 1329
f 1329 1481 1478
f 1313 1322 1325
f 1313 1325 1347
f 340 1307 1331
f 340 1331 407
f 1307 1330 1332
f 1307 1332 1331
f 407 1331 1336
f 407 1336 1335
f 1330 1342 1332
f 1331 1332 1337
f 1330 1333 1342
f 1309 1334 1333
f 1309 1355 1334
f 1333 1343 1342
f 1333 1334 1343
f 1331 1337 1336
f 1335 1336 1339
f 1332 1340 1337
f 1335 1339 1338
f 1338 1339 1386
f 1336 1341 1339
f 1336 1337 1341
f 1337 1340 1389
f 1337 1389 1341
f 1340 1390 1389
f 1332 1342 1340
f 1340 1342 1344
f 1342 1343 1344
f 1334 1345 1343
f 1343 1405 1344
f 1340 1344 1390
f 1345 1404 1405
f 1345 1357 1404
f 1343 1345 1405
f 1314 1346 1355
f 1316 1353 1346
f 1315 1347 1348
f 1347 1495 1351
f 1347 1351 1348
f 1316 1348 1353
f 1346 1353 1349
f 1350 1349 1353
f 1350 1468 1349
f 1348 1351 1354
f 1352 1351 1495
f 1351 1459 1354
f 1352 1459 1351
f 1348 1354 1353
f 1354 1350 1353
f 1354 1457 1350
f 1334 1355 1356
f 1355 1346 1356
f 1334 1356 1345
f 1346 1349 1356
f 1345 1356 1357
f 1356 1349 1357
f 1357 1349 1468
f 1409 1358 1362
f 516 649 1360
f 520 1409 1362
f 649 1361 1360
f 1358 1359 1366
f 1358 1366 1362
f 1360 1361 1364
f 1361 1411 1365
f 1359 1363 1370
f 1359 1370 1366
f 1364 1372 1367
f 518 1360 1367
f 1360 1364 1367
f 520 1362 1374
f 685 1369 1411
f 1411 1369 1365
f 1361 1365 1364
f 1362 1366 1375
f 1362 1375 1374
f 685 1368 1369
f 1364 1365 1377
f 1365 1369 1378
f 1375 1366 1381
f 1380 1369 1368
f 1363 1371 1370
f 1363 1415 1371
f 1370 1381 1366
f 1365 1378 1377
f 528 1367 1372
f 528 1372 1373
f 1364 1377 1372
f 1372 4070 1373
f 1378 1369 1380
f 1376 1380 1368
f 1374 1375 2935
f 529 4067 1368
f 1376 1368 4067
f 1375 1381 4068
f 1379 1377 1378
f 1372 4071 4070
f 1372 1377 4071
f 1379 1378 1380
f 1379 4071 1377
f 1379 1380 4072
f 1370 1382 1381
f 1370 1371 1382
f 1376 4072 1380
f 1382 1371 4075
f 1371 1383 4075
f 1415 1383 1371
f 1383 1384 4113
f 546 1385 1391
f 1338 1386 1385
f 1339 1387 1386
f 1339 1341 1387
f 1385 1392 1391
f 1385 1386 1392
f 1392 1386 1393
f 1393 1386 1387
f 1393 1387 1388
f 1387 1389 1388
f 1341 1389 1387
f 1389 1390 1388
f 1390 1399 1388
f 1390 1403 1399
f 550 1391 555
f 555 1391 558
f 1391 1392 1396
f 558 1391 1395
f 1391 1396 1395
f 1392 1397 1396
f 1392 1393 1397
f 1393 1394 1397
f 1393 1388 1394
f 1395 1396 1409
f 1396 1397 1358
f 1394 1398 1397
f 1394 1401 1398
f 1397 1398 1358
f 1398 1401 1410
f 1394 1388 1399
f 1394 1399 1401
f 1399 1403 1400
f 1401 1399 1400
f 1401 1402 1410
f 1401 1400 1402
f 1402 1400 1407
f 1344 1403 1390
f 1344 1405 1403
f 1403 1405 1406
f 1405 1404 1406
f 1400 1403 1406
f 1400 1406 1407
f 1406 1408 1407
f 1407 1408 1440
f 1404 1408 1406
f 1404 1469 1408
f 1408 1469 1443
f 643 1395 1409
f 1396 1358 1409
f 643 1409 520
f 1398 1359 1358
f 1398 1410 1359
f 1410 1363 1359
f 649 659 1361
f 659 1411 1361
f 669 1412 1419
f 1402 1413 1410
f 1410 1413 1363
f 1402 1414 1413
f 1402 1407 1414
f 1363 1413 1415
f 1413 1416 1415
f 1413 1414 1416
f 1416 1414 1441
f 1416 1441 1435
f 686 1417 1418
f 1418 1417 1421
f 1417 1422 1423
f 1417 1423 1421
f 670 1418 1412
f 1412 1418 1420
f 1412 1420 1419
f 1418 1421 1420
f 692 1419 1426
f 692 1426 698
f 1420 1430 1419
f 1419 1430 1426
f 1421 1423 1429
f 1420 1421 1430
f 1422 1424 1423
f 1423 1424 1427
f 1422 3442 1424
f 1424 3442 4711
f 1424 4711 1425
f 1424 1425 1427
f 698 1426 1431
f 698 1431 4713
f 1423 1427 1429
f 1425 1428 1427
f 1421 1429 1430
f 1426 1430 1432
f 1429 1427 1433
f 1429 1432 1430
f 1426 1432 1431
f 1427 1428 1433
f 1429 1433 1432
f 1433 4735 1432
f 1431 1432 4735
f 1415 1416 1434
f 1415 1434 1383
f 1416 1435 1434
f 1434 1435 1436
f 1435 1438 1436
f 1434 1384 1383
f 1434 1436 1384
f 1384 1436 4724
f 1433 1428 4733
f 1436 1438 1437
f 1436 1437 4724
f 1437 4743 4724
f 1437 1438 4743
f 1438 1439 4743
f 1407 1440 1414
f 1414 1440 1441
f 1441 1442 1445
f 1440 1442 1441
f 1408 1443 1440
f 1440 1443 1442
f 1443 1470 1444
f 1442 1444 1453
f 1442 1443 1444
f 1435 1441 1445
f 1435 1445 1438
f 1438 1445 1439
f 1439 1445 1446
f 1439 1446 4750
f 1446 1447 4750
f 1442 1453 1445
f 1445 1453 1450
f 1445 1450 1446
f 1446 1450 1449
f 1446 1449 1447
f 1447 1449 1448
f 1448 1452 4800
f 1448 1449 1452
f 1449 1450 1451
f 1449 1451 1452
f 1452 4804 4800
f 1452 1454 4804
f 1451 1454 1452
f 1450 1453 1455
f 1444 1472 1453
f 1453 1472 1455
f 1450 1455 1451
f 1451 1455 1454
f 1454 1455 1456
f 1455 1472 1456
f 1456 1473 4806
f 1350 1458 1468
f 1350 1457 1458
f 1457 1462 1458
f 1458 1462 1471
f 1352 1496 1460
f 1352 1460 1459
f 1459 1460 1461
f 1460 1496 1463
f 1460 1463 1464
f 1354 1459 1457
f 1457 1459 1461
f 1461 1460 1464
f 1457 1461 1462
f 1462 1465 1474
f 1461 1465 1462
f 1461 1464 1465
f 1464 1466 1465
f 1464 1463 1467
f 1463 1499 1467
f 1464 1467 1466
f 1466 1467 4916
f 1467 1499 4908
f 1467 4908 4916
f 1357 1468 1469
f 1357 1469 1404
f 1468 1470 1469
f 1468 1458 1470
f 1443 1469 1470
f 1470 1458 1471
f 1444 1470 1471
f 1444 1471 1472
f 1471 1474 1472
f 1471 1462 1474
f 1474 1475 1473
f 1474 1473 1472
f 1456 1472 1473
f 1473 1475 4910
f 1474 1465 1475
f 1475 1465 1466
f 1475 1466 4912
f 1325 1476 1495
f 1476 1479 1495
f 1476 1477 1479
f 1326 1478 1477
f 1326 1477 1476
f 1352 1495 1479
f 1477 1485 1479
f 1352 1479 1496
f 1479 1485 1496
f 1478 1480 1477
f 1478 1484 1480
f 1480 1484 1486
f 1477 1480 1485
f 1481 1482 1484
f 1328 1482 1481
f 1328 1511 1482
f 1482 1490 1484
f 1482 1511 1483
f 1482 1483 1490
f 1478 1481 1484
f 1484 1490 1486
f 1485 1497 1496
f 1485 1487 1497
f 1487 1498 1497
f 1480 1486 1487
f 1480 1487 1485
f 1486 1488 1487
f 1486 1492 1488
f 1487 1488 1498
f 1488 1492 1489
f 1488 1489 1500
f 1483 1491 1490
f 1483 1514 1491
f 1486 1490 1492
f 1490 1491 1492
f 1491 1493 1492
f 1491 1494 1493
f 1492 1493 1489
f 1491 1514 1494
f 1494 1514 1516
f 1325 1495 1347
f 1463 1496 1497
f 1497 1498 1499
f 1463 1497 1499
f 1498 5016 1499
f 1498 1500 5016
f 1499 5016 4908
f 1488 1500 1498
f 1288 1501 1320
f 1288 1502 1501
f 1501 1502 1504
f 1290 1503 1502
f 1290 1507 1503
f 1502 1503 1504
f 1328 1501 1504
f 1328 1504 1511
f 1504 1505 1511
f 1503 1505 1504
f 1503 1507 1506
f 1503 1506 1505
f 1507 1508 1510
f 1508 1527 1509
f 1508 1509 1510
f 1506 1507 1510
f 1506 1510 1520
f 1510 1521 1520
f 1509 1521 1510
f 1509 1539 1521
f 1505 1513 1512
f 1505 1512 1511
f 1483 1511 1512
f 1512 1513 1515
f 1505 1506 1513
f 1506 1520 1513
f 1513 1520 1518
f 1483 1512 1514
f 1512 1515 1514
f 1514 1515 1516
f 1515 1517 1516
f 1513 1518 1515
f 1515 1518 1517
f 1518 1523 1519
f 1517 1518 1519
f 1520 1521 1523
f 1518 1520 1523
f 1521 1522 1523
f 1521 1539 1522
f 1522 1524 1523
f 1519 1523 1524
f 1519 1524 5084
f 1524 1525 5090
f 1522 1525 1524
f 1522 1544 1525
f 1525 1545 5091
f 1285 1529 1526
f 1292 1526 1527
f 1526 1530 1528
f 1526 1528 1527
f 1527 1528 1540
f 1528 1535 1541
f 1528 1541 1540
f 1529 1531 1530
f 1530 1531 1532
f 1526 1529 1530
f 1530 1532 1535
f 1237 1532 1531
f 1532 1537 1535
f 1237 1533 1532
f 1532 1533 1537
f 1537 1533 1534
f 1528 1530 1535
f 1535 1537 1536
f 1535 1536 1541
f 1536 1537 1538
f 1536 1538 1550
f 1537 1534 1538
f 1538 1534 1558
f 1538 1558 1551
f 1551 1558 1569
f 1509 1540 1539
f 1539 1542 1544
f 1509 1527 1540
f 1540 1541 1542
f 1541 1543 1542
f 1539 1540 1542
f 1542 1543 1546
f 1546 1543 1548
f 1522 1539 1544
f 1544 1546 1545
f 1525 1544 1545
f 1542 1546 1544
f 1546 1548 1547
f 1545 1546 1547
f 1545 1547 5148
f 1547 1548 1549
f 1547 1549 5150
f 1536 1543 1541
f 1536 1550 1543
f 1538 1551 1550
f 1550 1548 1543
f 1550 1552 1548
f 1550 1551 1552
f 1551 1554 1552
f 1548 1552 1549
f 1552 1553 1549
f 1552 1554 1553
f 1549 1553 5152
f 1553 5160 5152
f 1553 1555 5160
f 1551 1569 1554
f 1554 1569 1570
f 1553 1554 1555
f 1554 1570 1555
f 1555 1570 1573
f 1555 5165 5160
f 1555 1573 5165
f 1573 5182 5165
f 1244 1534 1533
f 1244 1556 1534
f 1244 1250 1556
f 1534 1556 1558
f 1250 1557 1556
f 1556 1557 1559
f 1559 1557 1561
f 1556 1559 1558
f 1558 1559 1569
f 1559 1560 1569
f 1559 1561 1560
f 1560 1561 1562
f 1251 1563 1557
f 1563 1564 1565
f 1557 1563 1561
f 1563 1565 1561
f 1564 2343 1566
f 1565 1564 1566
f 1565 1562 1561
f 1565 1567 1562
f 1562 1567 1572
f 1565 1566 1567
f 1567 1566 1568
f 1566 2345 1568
f 1567 1568 1577
f 1568 2347 1578
f 1560 1570 1569
f 1560 1571 1570
f 1570 1571 1573
f 1560 1562 1571
f 1562 1572 1571
f 1571 1572 1574
f 1573 1574 5182
f 1571 1574 1573
f 1574 5184 5182
f 1574 1572 1575
f 1574 1575 5184
f 1575 1576 5184
f 1567 1577 1572
f 1572 1577 1575
f 1577 1579 1575
f 1577 1568 1578
f 1577 1578 1579
f 1579 1578 1581
f 1575 1579 1576
f 1576 1579 1580
f 1579 1581 1580
f 1580 1581 1582
f 750 752 1583
f 752 1584 1583
f 1583 1584 1585
f 752 759 1584
f 759 1588 1584
f 1584 1588 1586
f 1583 1585 1223
f 1585 1584 1586
f 1585 1586 1595
f 1588 1592 1586
f 1586 1592 1596
f 759 1587 1588
f 1588 1587 1589
f 1587 1590 1589
f 1589 1590 1591
f 1590 1610 1591
f 1588 1589 1592
f 1592 1589 1593
f 1592 1593 1601
f 1589 1591 1593
f 1591 1594 1593
f 1591 1611 1594
f 1593 1594 1602
f 1594 1616 1604
f 1585 1595 1231
f 1586 1596 1595
f 1595 1597 1232
f 1595 1596 1597
f 1597 1596 1598
f 1592 1601 1596
f 1596 1601 1598
f 1601 1603 1598
f 1597 1598 1599
f 1598 1603 1600
f 1597 1599 1234
f 1599 1598 1600
f 1603 1607 1600
f 1601 1593 1602
f 1601 1602 1603
f 1603 1602 1606
f 1594 1604 1602
f 1602 1604 1606
f 1604 1618 1605
f 1604 1605 1606
f 1603 1606 1607
f 1607 1606 1608
f 1605 1608 1606
f 1605 1609 1608
f 1605 1620 1609
f 1608 1609 1660
f 1609 1641 1661
f 1591 1610 1611
f 1611 1616 1594
f 1610 1612 1611
f 1611 1612 1613
f 1611 1613 1616
f 1612 1614 1613
f 1613 1614 1615
f 1613 1615 1617
f 1616 1613 1617
f 1616 1618 1604
f 1616 1617 1618
f 1617 1619 1618
f 1615 1623 1617
f 1617 1623 1619
f 1605 1618 1620
f 1618 1619 1620
f 1620 1638 1641
f 1620 1619 1638
f 1620 1641 1609
f 802 1621 1614
f 1614 1621 1615
f 1615 1621 1622
f 1615 1622 1623
f 1621 1629 1622
f 1622 1630 1625
f 1622 1625 1623
f 1619 1623 1624
f 1623 1625 1624
f 1624 1625 1626
f 1630 1635 1625
f 1625 1635 1626
f 1626 1635 1627
f 1626 1627 1640
f 1627 1637 1645
f 1628 1645 1637
f 804 1629 1621
f 1622 1629 1630
f 813 1631 1629
f 1629 1631 1630
f 1630 1632 1635
f 1630 1631 1632
f 813 816 1631
f 816 1633 1631
f 1631 1633 1632
f 1632 1633 1634
f 1632 1634 1636
f 1634 1766 1636
f 1632 1636 1635
f 1635 1636 1627
f 1627 1636 1637
f 1636 1766 1637
f 1637 1766 1767
f 1628 1637 1767
f 1638 1639 1642
f 1619 1624 1638
f 1624 1626 1639
f 1624 1639 1638
f 1626 1640 1639
f 1639 1644 1642
f 1639 1640 1644
f 1641 1638 1642
f 1641 1642 1673
f 1641 1673 1661
f 1642 1644 1643
f 1642 1643 1673
f 1644 1649 1643
f 1627 1645 1640
f 1640 1645 1646
f 1646 1645 1647
f 1640 1646 1644
f 1628 1647 1645
f 1628 1784 1647
f 1646 1647 1650
f 1647 1784 1648
f 1647 1648 1650
f 1643 1649 1674
f 1649 1651 1674
f 1644 1646 1649
f 1646 1650 1649
f 1649 1650 1651
f 1648 1652 1650
f 1650 1652 1651
f 1651 1652 2373
f 1599 1600 1653
f 1599 1653 1239
f 1653 1654 1656
f 1600 1607 1654
f 1600 1654 1653
f 1607 1655 1654
f 1654 1655 1658
f 1607 1608 1655
f 1608 1660 1655
f 1609 1661 1660
f 1653 1656 1248
f 1655 1663 1658
f 1656 1658 1657
f 1249 1656 1657
f 1654 1658 1656
f 1658 1663 1659
f 1657 1658 1659
f 1659 1663 1665
f 1655 1660 1663
f 1663 1660 1664
f 1661 1673 1662
f 1660 1661 1664
f 1661 1662 1664
f 1662 1675 1667
f 1663 1664 1665
f 1665 1664 1666
f 1662 1666 1664
f 1665 1666 1671
f 1662 1667 1666
f 1667 1672 1666
f 1667 1677 1668
f 1667 1668 1672
f 1657 1669 1252
f 1657 1659 1669
f 1669 2343 1564
f 1669 1670 2343
f 1659 1670 1669
f 1659 1665 1670
f 1665 1671 1670
f 1670 2344 2343
f 1670 1671 2344
f 1671 2349 2344
f 1671 1666 1672
f 1671 1672 2349
f 1668 2351 1672
f 1643 1675 1673
f 1662 1673 1675
f 1643 1674 1675
f 1675 1674 1677
f 1651 1676 1674
f 1651 2373 1676
f 1677 1674 1676
f 1675 1677 1667
f 1677 1676 2377
f 1668 1677 2377
f 1918 1678 1688
f 1680 1702 1688
f 1678 1680 1688
f 1678 1679 1680
f 1680 1679 5274
f 1703 1702 5292
f 1680 5274 5291
f 1680 5291 5292
f 1680 5292 1702
f 1703 5292 5279
f 1918 1688 1681
f 1681 1692 1926
f 1926 1692 1682
f 1926 1682 1930
f 1682 1683 1930
f 1682 1705 1684
f 1684 1705 1709
f 1682 1684 1683
f 1684 1709 1708
f 1684 1708 1710
f 1684 1710 1686
f 1684 1686 1683
f 1683 1686 1685
f 1703 1687 1690
f 1681 1688 1702
f 1681 1702 1692
f 1691 1703 1689
f 1691 1692 1702
f 1691 1702 1703
f 1703 1690 1689
f 1691 1696 1693
f 1691 1693 1695
f 1691 1705 1692
f 1682 1692 1705
f 1691 1694 1705
f 1691 1695 1694
f 1691 1689 1696
f 1703 1697 1687
f 1703 1698 1697
f 1703 1701 1699
f 1703 1699 1698
f 1703 5279 1701
f 1705 1706 1704
f 1705 1694 1706
f 1705 1704 1707
f 1705 1707 1709
f 1710 1711 1712
f 1710 1712 1713
f 1710 1708 1711
f 1710 1713 1714
f 1710 1714 1715
f 1686 1710 1715
f 1715 1714 1717
f 1715 1717 1716
f 1715 1716 1718
f 1715 1718 1721
f 1718 1719 1721
f 1715 1721 1725
f 1686 1715 1725
f 1685 1686 1725
f 1685 1725 1720
f 1725 1721 1722
f 1725 1722 1723
f 1725 1723 1724
f 1725 1724 1727
f 1720 1732 2088
f 1720 1725 1731
f 1725 1727 1731
f 1732 1740 2088
f 1731 1727 1728
f 1731 1728 1729
f 1720 1731 1732
f 1731 1729 1732
f 1732 1729 1730
f 1732 1730 1741
f 1741 1730 1734
f 1741 1734 1735
f 1741 1735 1737
f 1741 1737 1736
f 1741 1736 1738
f 1732 1742 1740
f 1732 1741 1742
f 1742 1743 1740
f 1778 1813 1779
f 1745 1779 1814
f 1745 1815 1746
f 1747 1751 1781
f 1746 1823 1747
f 1746 1747 1781
f 1748 1751 1747
f 1748 1747 1824
f 1749 1783 1751
f 1744 1782 1750
f 1749 1750 1782
f 1744 1750 1794
f 1750 1795 1794
f 1749 1755 1750
f 1750 1755 1795
f 1749 1751 1752
f 1749 1752 1755
f 1752 1754 1755
f 1748 1752 1751
f 1748 1753 1752
f 1752 1753 1754
f 1753 1854 1754
f 1754 1756 1755
f 1755 1756 1795
f 1757 1756 1754
f 1757 1754 1854
f 1757 1800 1756
f 1757 1856 1800
f 816 1758 1633
f 1633 1758 1759
f 1633 1759 1634
f 1758 1762 1759
f 1759 1763 1760
f 1634 1759 1760
f 1634 1760 1766
f 1760 1761 1766
f 1759 1762 1763
f 1762 1772 1763
f 938 1772 1762
f 1763 1773 1764
f 1763 1772 1773
f 1760 1763 1764
f 1760 1764 1761
f 1761 1764 1765
f 1764 1776 1765
f 1761 1767 1766
f 1761 1769 1767
f 1628 1767 1768
f 1767 1769 1768
f 1768 1771 1785
f 1761 1765 1769
f 1769 1770 1771
f 1765 1770 1769
f 1765 1777 1770
f 1770 1782 1771
f 1768 1769 1771
f 1744 1785 1771
f 1744 1771 1782
f 938 940 1772
f 1772 1774 1773
f 1773 1775 1776
f 940 1774 1772
f 1773 1774 1775
f 1764 1773 1776
f 1765 1776 1777
f 1776 1780 1777
f 1775 1780 1776
f 1777 1781 1783
f 1777 1780 1781
f 940 1778 1774
f 1774 1778 1779
f 1774 1779 1775
f 1775 1745 1780
f 1775 1779 1745
f 1745 1746 1780
f 1746 1781 1780
f 1770 1777 1783
f 1770 1783 1782
f 1781 1751 1783
f 1749 1782 1783
f 1628 1768 1784
f 1768 1785 1784
f 1784 1785 1786
f 1648 1784 1786
f 1648 1786 1790
f 1786 1788 1790
f 1744 1787 1785
f 1785 1787 1786
f 1744 1794 1787
f 1787 1794 1789
f 1786 1787 1788
f 1787 1789 1788
f 1788 1789 1792
f 1648 1790 1652
f 1652 1790 1791
f 1652 1791 2373
f 1790 1793 1791
f 1788 1793 1790
f 1788 1792 1793
f 1791 1793 2374
f 1792 1804 1793
f 1793 1804 2374
f 1794 1795 1796
f 1789 1794 1796
f 1795 1799 1796
f 1796 1799 1802
f 1789 1796 1797
f 1789 1797 1792
f 1796 1802 1797
f 1797 1802 1807
f 1800 1856 1798
f 1800 1798 1803
f 1756 1799 1795
f 1756 1800 1799
f 1800 1803 1799
f 1803 2294 1801
f 1798 2294 1803
f 1801 2294 2303
f 1803 1802 1799
f 1803 1801 1802
f 1801 1807 1802
f 1792 1797 1805
f 1797 1807 1805
f 1792 1805 1804
f 1804 1805 2381
f 1805 1808 2381
f 1801 2303 1806
f 1801 1806 1807
f 1807 1806 1808
f 1806 2306 1808
f 1805 1807 1808
f 1833 1869 1836
f 1834 1836 1873
f 1835 1874 1875
f 1834 1874 1835
f 1809 1875 1905
f 1835 1875 1809
f 1809 1905 1810
f 1810 1900 1811
f 1810 1905 1900
f 1811 1900 1906
f 1907 1812 1906
f 1907 1908 1844
f 1810 1811 1839
f 1840 1811 1812
f 1840 1812 1841
f 1812 1811 1906
f 1907 1844 1812
f 1828 1818 1817
f 1819 1818 1829
f 1819 1830 1820
f 1813 1817 1814
f 1001 1813 1778
f 1779 1813 1814
f 1001 1816 1813
f 1815 1814 1818
f 1819 1823 1815
f 1745 1814 1815
f 1001 1004 1816
f 1813 1816 1817
f 1814 1817 1818
f 1819 1815 1818
f 1820 1837 1821
f 1821 1822 1825
f 1822 1850 1825
f 1820 1824 1823
f 1746 1815 1823
f 1747 1823 1824
f 1748 1824 1825
f 1819 1820 1823
f 1820 1821 1824
f 1821 1825 1824
f 1833 1828 1827
f 1827 1816 1826
f 1827 1828 1817
f 1836 1829 1828
f 1834 1830 1829
f 1835 1837 1830
f 1828 1829 1818
f 1819 1829 1830
f 1831 1826 1832
f 1831 1833 1827
f 1833 1836 1828
f 1831 1868 1833
f 1831 1827 1826
f 1834 1829 1836
f 1834 1835 1830
f 1004 1826 1816
f 1827 1817 1816
f 1809 1838 1837
f 1810 1839 1838
f 1820 1830 1837
f 1821 1837 1838
f 1822 1838 1839
f 1822 1839 1851
f 1840 1851 1839
f 1840 1839 1811
f 1821 1838 1822
f 1835 1809 1837
f 1809 1810 1838
f 1841 1843 1861
f 1861 1843 1846
f 1908 1842 1844
f 1812 1844 1841
f 1843 1844 1842
f 1841 1844 1843
f 2075 1845 1842
f 2075 1847 1845
f 1843 1842 1845
f 1843 1845 1846
f 1846 1848 1862
f 1862 1848 2290
f 1845 1847 1848
f 1845 1848 1846
f 1847 1849 1848
f 1847 2078 1849
f 1848 1849 2290
f 1849 2291 2290
f 1854 1850 1853
f 1854 1853 1855
f 1851 1853 1850
f 1822 1851 1850
f 1851 1860 1853
f 1852 1853 1860
f 1852 1860 1861
f 1852 1861 1857
f 1852 1855 1853
f 1748 1825 1753
f 1753 1850 1854
f 1753 1825 1850
f 1757 1854 1855
f 1757 1855 1856
f 1855 1859 1856
f 1856 1859 2292
f 1852 1857 1859
f 1852 1859 1855
f 1857 1862 1858
f 1857 1858 1859
f 1859 1858 2292
f 1840 1860 1851
f 1841 1861 1860
f 1840 1841 1860
f 1857 1861 1846
f 1857 1846 1862
f 1858 1862 2298
f 1880 1909 1881
f 1882 1911 1864
f 1863 1910 1911
f 1881 1910 1863
f 1882 1863 1911
f 1864 1866 1883
f 1866 1867 1884
f 1872 1867 1865
f 1866 1911 1914
f 1866 1914 1867
f 1864 1911 1866
f 1865 1867 1915
f 1867 1914 1915
f 1865 1915 1889
f 1871 1876 1878
f 1879 1868 1878
f 1879 1883 1869
f 1831 1871 1868
f 1832 1870 1871
f 1833 1868 1869
f 1039 1877 1870
f 1870 1876 1871
f 1868 1871 1878
f 1879 1869 1868
f 1872 1875 1874
f 1884 1874 1873
f 1883 1884 1873
f 1872 1874 1884
f 1872 1902 1875
f 1836 1869 1873
f 1834 1873 1874
f 1883 1873 1869
f 1881 1876 1877
f 1870 1877 1876
f 1879 1878 1882
f 1879 1864 1883
f 1882 1876 1863
f 1882 1878 1876
f 1879 1882 1864
f 1880 1881 1877
f 1881 1863 1876
f 1044 1909 1880
f 1043 1880 1877
f 1866 1884 1883
f 1872 1884 1867
f 1872 1865 1902
f 1903 1894 1904
f 1903 1891 1894
f 1885 1893 1898
f 1904 1893 1885
f 1886 1887 1885
f 1886 1885 1898
f 1886 1899 1888
f 1888 2074 1887
f 1886 1888 1887
f 1890 1929 1896
f 1891 1892 1890
f 1902 1892 1891
f 1865 1892 1902
f 1891 1890 1894
f 1894 1890 1893
f 1904 1894 1893
f 1865 1889 1892
f 1889 1890 1892
f 1893 1890 1896
f 1895 2066 1899
f 1897 1895 1896
f 1897 1896 1929
f 1897 2066 1895
f 1886 1898 1895
f 1893 1896 1898
f 1895 1898 1896
f 1886 1895 1899
f 1902 1905 1875
f 1901 1900 1905
f 1901 1903 1900
f 1903 1904 1906
f 1903 1906 1900
f 1901 1902 1891
f 1901 1891 1903
f 1901 1905 1902
f 1904 1885 1907
f 1904 1907 1906
f 1908 1885 1887
f 1907 1885 1908
f 1908 1887 2074
f 1917 1911 1913
f 1917 1913 1919
f 1881 1909 1910
f 1063 1912 1909
f 1910 1909 1912
f 1910 1913 1911
f 1910 1912 1913
f 1053 1913 1912
f 1053 1919 1913
f 1917 1914 1911
f 1916 1914 1917
f 1916 1918 1915
f 1916 1915 1914
f 1916 1917 1921
f 1916 1921 1678
f 1916 1678 1918
f 1919 1920 1921
f 1917 1919 1921
f 1056 1920 1919
f 1056 3856 1920
f 1920 1679 1921
f 1920 5400 1679
f 1053 1056 1919
f 1678 1921 1679
f 1044 1063 1909
f 1918 1924 1915
f 1889 1924 1925
f 1889 1915 1924
f 1924 1926 1925
f 1889 1925 1890
f 1890 1925 1929
f 1918 1681 1924
f 1681 1926 1924
f 1925 1930 1929
f 1897 1929 2083
f 1929 1930 2083
f 1925 1926 1930
f 1930 1683 2083
f 1683 1685 2083
f 1831 1832 1871
f 1888 2064 2074
f 1888 2069 2064
f 2064 2069 2065
f 2064 2065 2076
f 1897 2067 2066
f 2067 2070 2066
f 2067 2068 2070
f 2068 2071 2070
f 1888 1899 2069
f 1899 2066 2069
f 2069 2066 2070
f 2065 2069 2070
f 2068 2086 2071
f 2065 2070 2072
f 2070 2071 2072
f 2065 2072 2079
f 2071 2086 2073
f 2072 2071 2073
f 2072 2073 2077
f 1908 2074 1842
f 2074 2075 1842
f 2074 2064 2075
f 2064 2076 2075
f 2075 2076 1847
f 2065 2079 2076
f 2072 2077 2079
f 2073 2109 2077
f 2076 2078 1847
f 2076 2079 2078
f 2079 2080 2078
f 2080 2081 2078
f 1849 2078 2081
f 1849 2081 2291
f 2080 2313 2081
f 2079 2077 2080
f 2077 2109 2082
f 2080 2077 2082
f 2080 2082 2313
f 1897 2083 2067
f 2067 2083 2068
f 2068 2083 2084
f 2068 2084 2086
f 1685 1720 2083
f 2083 1720 2088
f 2083 2085 2084
f 2083 2088 2085
f 2084 2087 2086
f 2086 2087 2108
f 2084 2085 2087
f 2085 2100 2087
f 2087 2100 2111
f 2073 2086 2108
f 2085 2088 2099
f 2088 1740 2099
f 1743 2099 1740
f 2085 2099 2100
f 2099 2101 2100
f 1743 2101 2099
f 1743 5474 2101
f 2100 2101 2102
f 2101 5475 2102
f 2073 2108 2109
f 2108 2110 2109
f 2087 2111 2108
f 2108 2111 2110
f 2100 2112 2111
f 2100 2102 2112
f 2102 5475 5481
f 2102 5481 2112
f 2111 2112 2113
f 2110 2111 2113
f 2112 5481 5483
f 2112 5483 2113
f 2082 2109 2114
f 2109 2110 2114
f 2114 2110 2318
f 2110 2113 2318
f 2113 2319 2318
f 2113 5483 2319
f 1798 1856 2292
f 1798 2292 2295
f 1858 2298 2293
f 1858 2293 2292
f 2292 2293 2295
f 1798 2295 2294
f 2294 2295 2297
f 2294 2297 2303
f 2293 2296 2295
f 2295 2296 2297
f 2296 2307 2297
f 1862 2290 2298
f 2290 2299 2298
f 2293 2298 2300
f 2299 2300 2298
f 2290 2291 2299
f 2299 2302 2300
f 2291 2322 2299
f 2299 2322 2302
f 2293 2300 2296
f 2296 2300 2301
f 2296 2301 2307
f 2300 2302 2301
f 2301 2302 2324
f 1806 2303 2305
f 2303 2304 2305
f 2297 2304 2303
f 2297 2307 2304
f 2304 2310 2305
f 1806 2305 2306
f 2305 2390 2306
f 2305 2310 2390
f 2301 2309 2307
f 2307 2309 2308
f 2304 2307 2308
f 2301 2324 2309
f 2308 2309 2335
f 2304 2308 2310
f 2308 2335 2311
f 2308 2311 2310
f 2310 2311 2392
f 2081 2312 2291
f 2081 2313 2312
f 2082 2315 2313
f 2312 2313 2314
f 2313 2315 2314
f 2312 2314 2325
f 2082 2114 2315
f 2114 2316 2315
f 2114 2318 2316
f 2315 2316 2317
f 2314 2315 2317
f 2314 2317 2327
f 2316 2320 2317
f 2318 2321 2316
f 2318 2319 2321
f 2319 5570 2321
f 2316 2321 2320
f 2321 5571 2320
f 2317 2320 2329
f 2291 2312 2322
f 2322 2312 2325
f 2302 2322 2323
f 2322 2325 2323
f 2302 2323 2324
f 2324 2323 2333
f 2325 2326 2323
f 2314 2327 2325
f 2325 2327 2326
f 2323 2326 2333
f 2326 2338 2333
f 2317 2329 2327
f 2327 2329 2328
f 2326 2327 2328
f 2326 2328 2338
f 2320 2330 2329
f 2320 5571 2330
f 2329 2331 2328
f 2328 2331 2339
f 2329 2330 2331
f 2309 2324 2332
f 2324 2333 2332
f 2309 2332 2335
f 2332 2336 2335
f 2332 2333 2334
f 2333 2338 2334
f 2332 2334 2336
f 2335 2336 2337
f 2336 2342 2337
f 2311 2335 2337
f 2328 2339 2338
f 2338 2339 2340
f 2334 2338 2340
f 2334 2340 2341
f 2331 5590 2339
f 2339 5591 2340
f 2340 5591 5594
f 2334 2341 2336
f 2336 2341 2342
f 2340 5594 2341
f 2341 5594 5596
f 2341 5596 2342
f 1668 2377 2350
f 2344 2349 2346
f 2343 2344 2345
f 2343 2345 1566
f 2345 2344 2346
f 2349 2353 2346
f 2345 2346 2347
f 2345 2347 1568
f 2347 2348 2358
f 2347 2346 2348
f 2346 2353 2348
f 2353 2356 2348
f 2348 2356 2359
f 2349 2351 2353
f 1672 2351 2349
f 2353 2351 2352
f 1668 2350 2351
f 2378 2354 2350
f 2350 2352 2351
f 2350 2354 2352
f 2352 2354 2357
f 2354 2355 2357
f 2354 2387 2355
f 2355 2388 2364
f 2353 2352 2356
f 2356 2352 2357
f 2356 2357 2365
f 2355 2367 2357
f 2347 2358 1578
f 1578 2358 1581
f 2358 2360 1581
f 2358 2359 2360
f 2348 2359 2358
f 2360 2359 2362
f 2359 2365 2362
f 1581 2360 1582
f 2360 2362 2361
f 1582 2360 2361
f 2366 2363 2362
f 2361 2362 2363
f 2363 2370 5694
f 2364 2409 2369
f 2365 2357 2367
f 2356 2365 2359
f 2366 2367 2368
f 2365 2366 2362
f 2365 2367 2366
f 2355 2364 2367
f 2364 2368 2367
f 2364 2369 2368
f 2411 2372 2369
f 2366 2370 2363
f 2366 2368 2370
f 2370 2368 2371
f 2370 2371 5697
f 2368 2369 2371
f 2369 2372 2371
f 2371 2372 5698
f 1676 2373 2376
f 2373 2375 2376
f 1791 2375 2373
f 1791 2374 2375
f 2374 2380 2375
f 1676 2376 2377
f 2377 2376 2378
f 2377 2378 2350
f 2375 2379 2376
f 2375 2380 2379
f 2378 2379 2387
f 2378 2376 2379
f 1804 2381 2382
f 1804 2382 2374
f 2374 2382 2380
f 2380 2382 2386
f 2381 2384 2382
f 2382 2384 2386
f 1808 2383 2381
f 2381 2383 2384
f 1808 2306 2383
f 2383 2394 2384
f 2380 2385 2379
f 2380 2386 2385
f 2379 2385 2387
f 2386 2389 2385
f 2386 2395 2389
f 2384 2395 2386
f 2384 2394 2395
f 2378 2387 2354
f 2385 2388 2387
f 2388 2389 2409
f 2385 2389 2388
f 2355 2387 2388
f 2306 2391 2383
f 2390 2393 2391
f 2306 2390 2391
f 2383 2391 2394
f 2391 2396 2394
f 2310 2392 2390
f 2390 2392 2393
f 2311 2398 2392
f 2391 2393 2396
f 2392 2399 2393
f 2393 2399 2404
f 2389 2395 2408
f 2394 2397 2395
f 2394 2396 2397
f 2395 2397 2408
f 2393 2404 2396
f 2396 2404 2405
f 2396 2405 2397
f 2397 2405 2410
f 2311 2337 2398
f 2392 2398 2399
f 2337 2400 2398
f 2398 2400 2402
f 2398 2402 2399
f 2399 2402 2406
f 2337 2342 2400
f 2342 2401 2400
f 2342 5596 2401
f 2400 2401 2403
f 2402 2403 5723
f 2400 2403 2402
f 2399 2406 2404
f 2404 2406 2407
f 2404 2407 2405
f 2405 2407 2412
f 2402 5723 2406
f 2406 5723 5724
f 2406 5724 2407
f 2407 5724 5735
f 2389 2408 2409
f 2388 2409 2364
f 2409 2408 2411
f 2397 2410 2408
f 2411 2408 2410
f 2409 2411 2369
f 2405 2412 2410
f 2413 2410 2412
f 2411 2413 2372
f 2411 2410 2413
f 2407 5735 2412
f 2412 5735 5736
f 2413 5699 2372
f 2413 2412 5736
f 117 2421 2414
f 2416 2421 2427
f 2415 2453 2450
f 122 2414 2415
f 117 2414 122
f 2414 2418 2415
f 2414 2421 2416
f 2414 2416 2418
f 123 2415 2450
f 2415 2418 2453
f 2416 2427 2417
f 2416 2417 2419
f 2416 2419 2418
f 2418 2461 2453
f 2418 2419 2461
f 134 2420 137
f 134 2422 2420
f 2422 2431 2428
f 117 137 2421
f 137 2420 2421
f 2420 2428 2427
f 2420 2427 2421
f 2420 2422 2428
f 134 140 2422
f 140 2424 2422
f 140 2423 2424
f 2423 2425 2424
f 2422 2424 2431
f 2424 2426 2431
f 2424 2425 2426
f 2425 2475 2426
f 2427 2428 2429
f 2428 2431 2430
f 2428 2430 2429
f 2430 2437 2429
f 2426 2433 2431
f 2430 2431 2433
f 2426 2475 2432
f 2432 2475 2489
f 2432 2489 2434
f 2426 2432 2433
f 2432 2440 2433
f 2433 2440 2438
f 2432 2434 2440
f 2430 2433 2438
f 2417 2427 2429
f 2417 2447 2435
f 2419 2462 2461
f 2419 2435 2462
f 2417 2435 2419
f 2435 2447 2436
f 2435 2463 2462
f 2435 2436 2463
f 2436 3699 2463
f 2430 2438 2437
f 2438 2443 2439
f 2438 2439 2437
f 2440 2441 2443
f 2434 2441 2440
f 2434 3643 2441
f 2441 3643 2442
f 2441 2442 2444
f 2438 2440 2443
f 2441 2444 2443
f 2443 2444 2445
f 2443 2445 2439
f 2442 2446 2444
f 2444 3689 2445
f 2444 2446 3689
f 2417 2429 2447
f 2429 2437 2447
f 2437 2448 2447
f 2437 2439 2448
f 2436 2447 2448
f 2439 2449 2448
f 2445 2449 2439
f 2448 2449 3691
f 2445 3693 2449
f 2436 2448 3691
f 2436 3691 3699
f 2445 3689 3693
f 166 2450 2451
f 2450 2453 2454
f 2450 2454 2451
f 165 2451 2452
f 2451 2454 2457
f 2451 2457 2452
f 2453 2461 2459
f 2453 2459 2454
f 2454 2465 2457
f 2454 2459 2465
f 167 2452 2455
f 2452 2457 2458
f 2452 2458 2455
f 2455 2458 3765
f 2455 3765 2456
f 2457 2467 2458
f 2457 2465 2467
f 2458 3767 3765
f 2458 2467 3767
f 2459 2461 2460
f 2459 2466 2465
f 2459 2460 2466
f 2460 2461 2462
f 2460 2462 2464
f 2462 2463 2464
f 2463 3696 2464
f 2460 2469 2466
f 2460 2464 2469
f 2464 3697 2469
f 2465 2468 2467
f 2465 2466 2468
f 2467 3774 3767
f 2467 2468 3774
f 2466 2470 2468
f 2468 2470 3776
f 2468 3776 3774
f 2466 2469 2470
f 2469 3698 2470
f 2470 3969 3776
f 2423 2471 2425
f 2425 2471 2472
f 2471 2473 2472
f 2472 2473 2474
f 2425 2472 2475
f 2472 2477 2475
f 2475 2477 2489
f 2472 2474 2477
f 2474 2476 2477
f 2476 2490 2477
f 2476 2494 2490
f 268 2478 2473
f 2473 2478 2474
f 2478 2480 2479
f 2474 2478 2479
f 2479 2481 2483
f 268 271 2478
f 271 2480 2478
f 271 2503 2480
f 2479 2480 2481
f 2480 2504 2481
f 2480 2503 2504
f 2481 2504 2482
f 2481 2482 2485
f 2474 2479 2476
f 2476 2479 2483
f 2476 2483 2494
f 2483 2484 2494
f 2481 2485 2483
f 2483 2485 2484
f 2484 2485 2486
f 2484 2486 2496
f 2482 2487 2485
f 2485 2487 2486
f 2487 2488 2486
f 2486 2488 2498
f 2488 2510 2498
f 2477 2490 2489
f 2489 2490 2492
f 2490 2494 2491
f 2490 2491 2492
f 2491 2494 2495
f 2434 2489 2492
f 2434 2492 3643
f 2492 3644 3643
f 2491 3644 2492
f 2491 2495 2493
f 2491 2493 3644
f 2484 2495 2494
f 2484 2496 2495
f 2495 2496 2500
f 2496 2497 2500
f 2486 2498 2496
f 2496 2498 2497
f 2497 2498 2499
f 2497 2499 2501
f 2499 3574 2501
f 2498 2510 2499
f 2493 2495 2500
f 2497 2502 2500
f 2493 2500 3647
f 2500 2502 3647
f 2497 2501 2502
f 2501 3574 3588
f 2501 3649 2502
f 2501 3588 3649
f 2503 2506 2504
f 353 2506 2503
f 2504 2506 2505
f 354 2507 2506
f 2505 2506 2507
f 2505 2507 2513
f 2482 2504 2505
f 2482 2508 2487
f 2482 2505 2508
f 2508 2514 2509
f 2505 2513 2508
f 2508 2513 2514
f 2487 2509 2488
f 2487 2508 2509
f 2509 2533 2511
f 2488 2509 2511
f 2509 2514 2533
f 2511 2533 2535
f 2488 2511 2510
f 2511 2535 2512
f 2511 2512 2510
f 2512 2535 2537
f 2512 2537 3576
f 2537 2539 3576
f 354 381 2507
f 2507 2515 2513
f 2513 2515 2516
f 2513 2516 2514
f 2514 2516 2524
f 2514 2524 2533
f 2524 2534 2533
f 381 2515 2507
f 381 2517 2515
f 2515 2518 2516
f 2515 2517 2518
f 2516 2518 2525
f 2518 2522 2525
f 2525 2522 2523
f 2517 2519 2518
f 2518 2519 2522
f 2519 2520 2522
f 453 2521 2520
f 2520 2521 2522
f 2521 2523 2522
f 2521 2530 2523
f 2516 2525 2524
f 2525 2526 2524
f 2525 2523 2526
f 2526 2523 2527
f 2526 2534 2524
f 2526 2528 2534
f 2526 2527 2528
f 2528 2527 2529
f 2523 2530 2527
f 2527 2531 2529
f 2521 2772 2530
f 2530 2772 2774
f 2530 2774 2531
f 2530 2531 2527
f 2531 2774 2787
f 2531 2787 2532
f 2532 2787 2788
f 2529 2531 2532
f 2529 2532 2541
f 2532 2551 2541
f 2532 2788 2551
f 2551 2788 2791
f 2533 2534 2535
f 2535 2536 2537
f 2535 2534 2536
f 2536 2538 2537
f 2537 2538 2539
f 2539 2538 2544
f 2528 2536 2534
f 2528 2540 2536
f 2528 2529 2540
f 2529 2541 2540
f 2536 2540 2538
f 2538 2540 2542
f 2542 2540 2541
f 2542 2541 2543
f 2542 2543 2545
f 2545 3597 2544
f 2538 2542 2544
f 2542 2545 2544
f 2545 2543 2547
f 2545 2547 2546
f 2545 2546 3597
f 2553 2548 2547
f 2546 2547 2548
f 2554 2549 2548
f 2546 2548 3601
f 2549 3602 3601
f 2548 2549 3601
f 2549 3521 2550
f 2549 2550 3602
f 2541 2551 2543
f 2551 2552 2543
f 2551 2791 2552
f 2552 3510 2553
f 2552 2547 2543
f 2552 2553 2547
f 2553 2554 2548
f 2554 3521 2549
f 2555 3144 2559
f 2556 2566 2564
f 2556 2557 2555
f 2556 2564 2557
f 2556 2562 2566
f 2556 2559 2562
f 2556 2555 2559
f 2559 2560 2563
f 3144 2560 2559
f 2563 2560 2561
f 2560 3145 2561
f 2562 2558 2565
f 2559 2563 2562
f 2562 2563 2558
f 3105 2564 2567
f 3105 2557 2564
f 2564 2565 2567
f 2564 2566 2565
f 2562 2565 2566
f 3105 2567 2568
f 2568 2567 2570
f 2569 2565 2558
f 2569 2558 2576
f 2569 2570 2567
f 2569 2575 2570
f 2569 2567 2565
f 2568 2570 2579
f 2558 2572 2576
f 2576 2572 2573
f 2561 2571 2572
f 2561 3151 2571
f 2558 2563 2572
f 2563 2561 2572
f 2571 2573 2572
f 2576 2573 2578
f 2578 2573 4039
f 2571 3152 2574
f 3152 3154 2574
f 2574 3154 4040
f 2571 2574 2573
f 2574 4039 2573
f 2569 2576 2575
f 2575 2576 2578
f 2570 2575 2581
f 2575 2577 2581
f 2575 2578 2577
f 2577 2578 4048
f 2577 2584 2581
f 2577 4047 2584
f 2568 2579 3146
f 2570 2581 2579
f 3146 2579 2580
f 2579 2582 2580
f 2580 2583 3529
f 2579 2581 2582
f 2581 2584 2582
f 2585 2583 2582
f 2580 2582 2583
f 2583 2586 3530
f 2584 2585 2582
f 2584 4049 2585
f 2585 2586 2583
f 3530 2586 3532
f 2588 2590 2663
f 2588 2665 2589
f 2587 2589 2592
f 2590 2591 2663
f 2588 2589 2587
f 2592 2589 2683
f 2592 2683 2593
f 2588 2587 2590
f 2590 2587 2598
f 2593 2684 2601
f 2594 2601 2684
f 2594 2686 2613
f 2592 2610 2595
f 2595 2611 2596
f 2587 2595 2598
f 2590 2600 2591
f 2599 2602 2693
f 2590 2598 2600
f 2591 2602 2599
f 2602 2603 2693
f 2591 2600 2602
f 2587 2592 2595
f 2592 2593 2610
f 2593 2601 2610
f 2597 2600 2598
f 2595 2596 2598
f 2596 2597 2598
f 2602 2600 2616
f 2597 2616 2600
f 2603 2616 2604
f 2602 2616 2603
f 2603 2604 2695
f 2604 2605 2695
f 2606 2609 2607
f 2606 2810 2611
f 2606 2607 2811
f 2607 2612 2608
f 2607 2608 2812
f 2686 2614 2613
f 2601 2609 2606
f 2595 2610 2611
f 2610 2601 2606
f 2609 2613 2612
f 2610 2606 2611
f 2611 2810 2820
f 2596 2611 2820
f 2596 2820 2821
f 2596 2821 2597
f 2607 2609 2612
f 2594 2609 2601
f 2594 2613 2609
f 2612 2613 2614
f 2614 2748 2615
f 2612 2614 2615
f 2615 2750 2617
f 2608 2612 2615
f 2608 2615 2617
f 2608 2617 2860
f 2617 2750 2752
f 2617 2752 2759
f 2759 2752 2869
f 2620 2619 2626
f 2618 2619 2658
f 2630 2619 2618
f 2630 2626 2619
f 2630 2618 2655
f 2621 2660 2658
f 2622 2625 2637
f 2620 2625 2622
f 2620 2622 2660
f 2620 2660 2621
f 2619 2621 2658
f 2620 2621 2619
f 2622 2637 2659
f 2623 2659 2637
f 2638 2641 2682
f 2623 2638 2682
f 2628 2632 2626
f 2627 2637 2634
f 2625 2634 2637
f 2620 2626 2625
f 2632 2625 2626
f 2632 2634 2625
f 2630 2628 2626
f 2628 2629 2635
f 2630 2654 2628
f 2628 2654 2629
f 2631 2635 2645
f 2628 2635 2632
f 2631 2632 2635
f 2631 2634 2632
f 2624 2634 2631
f 2624 2633 2627
f 2624 2627 2634
f 2629 2636 2635
f 2635 2636 2645
f 2636 2676 2645
f 2623 2627 2638
f 2623 2637 2627
f 2639 2640 2641
f 2639 2641 2638
f 2633 2639 2638
f 2627 2633 2638
f 2639 2649 2640
f 2640 2649 2650
f 2624 2631 2642
f 2624 2642 2643
f 2631 2645 2642
f 2642 2648 2643
f 2624 2643 2633
f 2644 2647 2649
f 2633 2644 2639
f 2643 2644 2633
f 2642 2645 2703
f 2642 2703 2648
f 2645 2676 2703
f 2643 2646 2644
f 2643 2648 2646
f 2646 2647 2644
f 2646 2648 2708
f 2646 2708 2652
f 2646 2652 2653
f 2647 2653 2721
f 2646 2653 2647
f 2639 2644 2649
f 2649 2651 2650
f 2651 2710 2650
f 2649 2647 2651
f 2647 2721 2651
f 2630 2655 2654
f 2618 2662 2655
f 2654 2655 2666
f 2654 2666 2656
f 2657 2658 2664
f 2658 2660 2664
f 2622 2659 2665
f 2622 2665 2660
f 2660 2665 2664
f 2623 2683 2659
f 2657 2669 2662
f 2657 2664 2663
f 2657 2663 2669
f 2588 2664 2665
f 2588 2663 2664
f 2618 2658 2657
f 2618 2657 2662
f 2656 2666 2668
f 2656 2670 2675
f 2670 2671 2675
f 2661 2655 2662
f 2661 2666 2655
f 2661 2667 2666
f 2661 2662 2667
f 2666 2667 2668
f 2591 2669 2663
f 2662 2669 2667
f 2599 2668 2667
f 2670 2668 2693
f 2599 2667 2669
f 2670 2693 2692
f 2656 2668 2670
f 2671 2673 2678
f 2670 2692 2671
f 2671 2692 2673
f 2672 2678 2673
f 2629 2675 2636
f 2629 2654 2656
f 2629 2656 2675
f 2636 2675 2674
f 2674 2678 2677
f 2677 2678 2681
f 2671 2674 2675
f 2636 2674 2676
f 2676 2674 2677
f 2676 2677 2704
f 2704 2677 2706
f 2677 2681 2706
f 2671 2678 2674
f 2680 2706 2681
f 2672 2681 2678
f 2672 2679 2681
f 2680 2681 2679
f 2680 2679 2691
f 2680 2691 2733
f 2623 2682 2683
f 2589 2659 2683
f 2589 2665 2659
f 2593 2682 2684
f 2593 2683 2682
f 2641 2684 2682
f 2641 2685 2684
f 2685 2688 2686
f 2594 2684 2685
f 2686 2688 2687
f 2599 2693 2668
f 2591 2599 2669
f 2594 2685 2686
f 2686 2687 2614
f 2687 2748 2614
f 2641 2640 2685
f 2640 2688 2685
f 2687 2688 2689
f 2650 2689 2688
f 2640 2650 2688
f 2689 2729 2690
f 2687 2689 2690
f 2687 2690 2748
f 2690 2749 2748
f 2690 2731 2749
f 2749 2731 2754
f 2679 2700 2691
f 2672 2696 2679
f 2691 2739 2733
f 2673 2692 2695
f 2603 2692 2693
f 2603 2695 2692
f 2673 2695 2694
f 2672 2673 2694
f 2672 2694 2696
f 2694 2698 2696
f 2696 2697 2700
f 2605 2694 2695
f 2696 2698 2697
f 2605 2698 2694
f 2697 2699 2700
f 2679 2696 2700
f 2691 2700 2701
f 2691 2701 2739
f 2701 2700 2699
f 2701 2699 2702
f 2701 2743 2739
f 2701 2702 2743
f 2676 2704 2703
f 2703 2704 2707
f 2704 2705 2707
f 2704 2706 2705
f 2705 2706 2712
f 2705 2712 2713
f 2648 2703 2707
f 2648 2707 2708
f 2707 2709 2708
f 2708 2709 2719
f 2705 2709 2707
f 2705 2713 2709
f 2651 2721 2723
f 2651 2723 2710
f 2711 2712 2715
f 2712 2716 2715
f 2706 2716 2712
f 2680 2716 2706
f 2711 2713 2712
f 2709 2713 2724
f 2713 2714 2724
f 2711 2714 2713
f 2711 2715 2714
f 2715 2716 2735
f 2680 2733 2716
f 2714 2734 2727
f 2715 2734 2714
f 2652 2708 2719
f 2652 2719 2717
f 2653 2718 2722
f 2652 2718 2653
f 2652 2717 2718
f 2719 2720 2717
f 2717 2720 2718
f 2709 2724 2719
f 2719 2724 2720
f 2653 2722 2721
f 2718 2720 2725
f 2718 2725 2722
f 2721 2726 2723
f 2721 2722 2726
f 2720 2724 2727
f 2720 2727 2725
f 2722 2725 2728
f 2722 2728 2726
f 2714 2727 2724
f 2725 2727 2736
f 2725 2736 2728
f 2689 2710 2729
f 2650 2710 2689
f 2710 2730 2729
f 2710 2723 2730
f 2729 2730 2738
f 2690 2729 2731
f 2729 2738 2731
f 2723 2726 2732
f 2723 2732 2730
f 2726 2728 2744
f 2726 2744 2732
f 2716 2733 2735
f 2733 2740 2735
f 2733 2739 2740
f 2715 2735 2734
f 2734 2735 2737
f 2735 2740 2737
f 2727 2734 2736
f 2734 2737 2736
f 2731 2755 2754
f 2730 2745 2738
f 2731 2738 2755
f 2739 2742 2740
f 2739 2743 2742
f 2737 2740 2741
f 2740 2742 2741
f 2730 2732 2745
f 2728 2736 2746
f 2737 2746 2736
f 2728 2746 2744
f 2732 2744 2747
f 2732 2747 2745
f 2738 2745 2757
f 2737 2741 2746
f 2744 2746 2832
f 2741 2832 2746
f 2744 2832 2747
f 2745 2747 2845
f 2748 2751 2750
f 2615 2748 2750
f 2750 2751 2753
f 2749 2751 2748
f 2749 2754 2756
f 2749 2756 2751
f 2751 2756 2849
f 2750 2753 2752
f 2752 2895 2869
f 2752 2753 2895
f 2751 2849 2753
f 2754 2755 2756
f 2738 2757 2755
f 2755 2757 2844
f 2756 2844 2849
f 2755 2844 2756
f 2745 2845 2757
f 424 2762 2777
f 2777 2762 2764
f 2778 2764 2767
f 2759 2760 2861
f 488 2861 2758
f 2760 2761 2861
f 2758 2861 2761
f 2617 2759 2860
f 2759 2869 2760
f 2760 2766 2761
f 2760 2870 2766
f 2762 2763 2765
f 434 2763 2762
f 425 2758 2763
f 2758 2765 2763
f 2758 2761 2765
f 2762 2765 2764
f 2765 2768 2764
f 2761 2768 2765
f 2761 2766 2768
f 2766 2870 2904
f 2764 2768 2767
f 2768 2770 2767
f 2766 2770 2768
f 2766 2904 2770
f 2770 2769 2767
f 2771 2796 2769
f 2770 2904 2771
f 2770 2771 2769
f 2771 2797 2796
f 2771 3028 2797
f 2797 3028 2798
f 453 2772 2521
f 453 2773 2772
f 453 455 2773
f 455 2777 2773
f 2772 2773 2775
f 2773 2778 2775
f 2772 2775 2774
f 2774 2776 2787
f 2774 2775 2776
f 2775 2783 2776
f 2773 2777 2778
f 2777 2764 2778
f 480 2779 3408
f 480 2780 2779
f 2779 2780 2781
f 2779 2781 3413
f 2780 2782 2781
f 2781 2784 3415
f 2781 2782 2784
f 2775 2778 2783
f 2778 2767 2783
f 2783 2767 2769
f 2776 2783 2793
f 2783 2769 2793
f 2782 2785 2784
f 2784 2785 2786
f 2784 2786 3424
f 2769 2796 2793
f 2787 2789 2788
f 2776 2789 2787
f 2776 2793 2789
f 2788 2789 2790
f 2789 2794 2790
f 2788 2790 2791
f 2790 3510 2791
f 2790 2792 3510
f 2792 3511 3510
f 2792 2801 3511
f 2789 2793 2794
f 2793 2796 2794
f 2794 2796 2795
f 2790 2794 2792
f 2792 2794 2795
f 2795 2796 2797
f 2795 2797 2802
f 2797 2798 2802
f 2798 3458 2799
f 2798 2799 2802
f 2799 2800 2802
f 2800 3466 2805
f 2799 3467 2800
f 2805 3466 3470
f 2800 3467 3466
f 2792 2795 2801
f 2795 2802 2801
f 2802 2803 3515
f 2802 3515 2801
f 2803 2804 3516
f 2803 3516 3515
f 2800 2803 2802
f 2803 2805 2804
f 2807 3484 2808
f 2800 2805 2803
f 2804 2805 2806
f 2805 3470 2806
f 2804 2806 2807
f 2806 3484 2807
f 2804 2807 3516
f 2807 2808 3517
f 2606 2811 2810
f 2810 2809 2820
f 2809 2815 2820
f 2815 2816 2821
f 2811 2858 2813
f 2811 2812 2858
f 2814 2809 2813
f 486 2814 2813
f 2814 2818 2809
f 2815 2818 2819
f 2607 2812 2811
f 2810 2813 2809
f 2810 2811 2813
f 2608 2860 2812
f 2809 2818 2815
f 2816 2819 2817
f 2815 2819 2816
f 2817 2864 2826
f 2817 2819 2864
f 2826 2864 2865
f 2616 2822 2604
f 2597 2822 2616
f 2604 2822 2823
f 2597 2821 2822
f 2815 2821 2820
f 2816 2823 2822
f 2816 2822 2821
f 2817 2825 2823
f 2604 2823 2605
f 2605 2823 2825
f 2605 2825 2698
f 2698 2825 2824
f 2824 2825 2826
f 2824 2827 2834
f 2824 2826 2827
f 2827 2828 2834
f 2816 2817 2823
f 2817 2826 2825
f 2826 2829 2827
f 2827 2830 2828
f 2826 2865 2829
f 2827 2829 2830
f 2828 2830 2836
f 2830 2840 2836
f 2697 2834 2699
f 2699 2835 2702
f 2702 2835 2837
f 2702 2843 2743
f 2702 2837 2843
f 2743 2831 2742
f 2743 2843 2831
f 2741 2742 2833
f 2742 2831 2833
f 2741 2833 2832
f 2697 2698 2824
f 2697 2824 2834
f 2699 2834 2835
f 2835 2836 2837
f 2828 2835 2834
f 2828 2836 2835
f 2843 2837 2839
f 2836 2838 2837
f 2837 2838 2839
f 2753 2849 2898
f 2836 2840 2838
f 2838 2840 2841
f 2838 2841 2839
f 2839 2841 2842
f 2843 2852 2831
f 2843 2839 2852
f 2831 2848 2833
f 2831 2852 2848
f 2747 2832 2846
f 2832 2833 2846
f 2747 2846 2845
f 2757 2845 2847
f 2757 2847 2844
f 2833 2848 2846
f 2845 2846 2851
f 2845 2851 2847
f 2844 2847 2850
f 2844 2850 2849
f 2849 2850 2898
f 2847 2855 2850
f 2847 2851 2855
f 2850 2855 2899
f 2839 2842 2852
f 2848 2852 2857
f 2846 2848 2854
f 2846 2854 2851
f 2842 2853 2852
f 2852 2853 2857
f 2842 2909 2853
f 2848 2857 2854
f 2851 2854 2856
f 2851 2856 2855
f 2854 2857 2903
f 2853 2912 2857
f 2857 2912 2903
f 2854 2903 2856
f 2812 2859 2858
f 2812 2860 2859
f 2859 2860 2861
f 2759 2861 2860
f 488 2859 2861
f 491 2864 2819
f 491 2819 2818
f 2864 2862 2865
f 491 2862 2864
f 2865 2862 2863
f 2865 2866 2829
f 2865 2863 2866
f 495 2863 2862
f 495 2867 2863
f 2863 2867 2868
f 2863 2868 2866
f 2866 2868 2873
f 2760 2869 2870
f 2829 2871 2830
f 2866 2871 2829
f 2830 2871 2840
f 2872 2840 2871
f 2866 2873 2871
f 2872 2871 2873
f 2872 2873 2874
f 508 2875 2879
f 2879 2875 3409
f 2879 3409 2882
f 511 2876 2867
f 2867 2876 2868
f 508 2876 511
f 2876 2879 2880
f 2868 2876 2880
f 2868 2880 2873
f 508 2879 2876
f 512 2889 2877
f 2877 2883 2878
f 512 513 2886
f 2878 2885 3411
f 2877 2889 2883
f 512 2886 2889
f 2878 2883 2884
f 2878 2884 2885
f 3411 2885 2890
f 2873 2880 2874
f 2874 2880 2881
f 2879 2882 2880
f 2880 2882 2881
f 2881 2882 2905
f 3414 2905 2882
f 513 2888 2886
f 514 2887 2888
f 2887 2931 2888
f 2883 2889 2919
f 2886 2917 2889
f 2885 2920 2890
f 2886 2888 2891
f 3418 2890 2920
f 2889 2917 2919
f 2883 2919 2918
f 2883 2918 2884
f 2884 2921 2885
f 2884 2918 2921
f 2885 2921 2920
f 2886 2891 2917
f 3418 2920 2892
f 2891 2888 2893
f 3420 2892 2894
f 2893 2888 2931
f 2869 2896 2870
f 2869 2895 2896
f 2753 2898 2895
f 2895 2898 2900
f 2895 2900 2896
f 2870 2896 2904
f 2896 2907 2904
f 2872 2841 2840
f 2872 2897 2841
f 2841 2897 2842
f 2842 2897 2909
f 2872 2874 2897
f 2850 2899 2898
f 2898 2899 2900
f 2896 2900 2907
f 2899 2901 2900
f 2900 2901 3027
f 2855 2902 2899
f 2855 2856 2902
f 2899 2902 2901
f 2856 2903 3024
f 2856 3024 2902
f 2901 2902 3025
f 2874 2881 2910
f 2881 2905 2916
f 2905 2906 2916
f 2771 2904 2907
f 2771 2907 3028
f 2900 3027 2907
f 2906 2908 2922
f 2897 2874 2910
f 2897 2910 2909
f 2909 2910 2913
f 2853 2909 2911
f 2853 2911 2912
f 2909 2913 2911
f 2903 2912 3040
f 2911 2914 2912
f 2912 2914 3040
f 2911 2913 2915
f 2911 2915 2914
f 2914 2915 3054
f 2881 2916 2910
f 2910 2916 2913
f 2916 2922 2913
f 2906 2922 2916
f 2917 2925 2919
f 2918 2919 2927
f 2918 2928 2921
f 2891 2893 2958
f 2891 2958 2926
f 2891 2926 2917
f 2892 2920 2929
f 2892 2959 2894
f 2919 2925 2927
f 2918 2927 2928
f 2917 2926 2925
f 2928 2929 2921
f 2929 2920 2921
f 2892 2929 2959
f 2915 2913 2922
f 2915 2922 2923
f 2915 2923 3054
f 2908 2923 2922
f 2908 2924 2923
f 2925 2926 2966
f 2925 3180 2927
f 2927 3181 2928
f 677 2930 2887
f 2887 2930 2931
f 2893 2932 2957
f 2894 2960 3436
f 2893 2931 2932
f 3435 3436 2962
f 2931 2930 2939
f 2931 2939 2932
f 3435 2962 2948
f 521 2933 2930
f 527 531 2943
f 527 2942 3440
f 3439 3440 2941
f 2930 2933 2939
f 2937 2939 2933
f 531 2951 2943
f 527 2943 2940
f 527 2940 2942
f 3440 2942 2941
f 3441 2941 2944
f 2934 4078 2937
f 530 2937 2933
f 693 2938 529
f 531 532 2951
f 693 3438 2938
f 532 2936 2951
f 530 2934 2937
f 529 2938 4067
f 2950 2951 2936
f 3438 2952 2938
f 3443 2953 3444
f 2935 2950 2936
f 2935 4068 2954
f 2932 2939 2997
f 3435 2948 2952
f 2943 2951 2991
f 2949 2940 2943
f 2947 2942 2940
f 2945 2941 2942
f 2945 2944 2941
f 2946 2947 2940
f 2945 2942 2947
f 2946 2940 2949
f 2949 2943 2991
f 2944 2990 2953
f 2953 2990 2992
f 2945 2990 2944
f 2953 2992 2955
f 2937 2997 2939
f 2937 4078 2997
f 2950 2991 2951
f 3443 2944 2953
f 3444 2953 2955
f 2935 2954 2950
f 3444 2955 3445
f 2938 2952 4079
f 3445 2956 4717
f 2950 2954 2998
f 2950 2998 2991
f 2954 3000 2998
f 2948 4081 2952
f 2955 2993 2956
f 2954 4080 3000
f 3445 2955 2956
f 2956 3001 4717
f 2968 2982 3215
f 2893 2957 2958
f 2957 2968 2958
f 2894 2959 2960
f 3436 2960 2962
f 2932 2985 2957
f 2957 2961 2968
f 2957 2985 2961
f 2969 2986 2970
f 2963 2986 2969
f 2963 2971 2964
f 2960 2972 2962
f 2964 2973 2994
f 2926 2958 2965
f 2958 2968 2965
f 2925 2966 3180
f 2926 2965 2966
f 2927 3180 3181
f 2928 2967 2929
f 2929 2967 2959
f 2959 2974 2960
f 2959 2967 2974
f 2928 3181 2967
f 2961 2982 2968
f 2970 2986 3006
f 2964 2971 2973
f 2963 2969 2971
f 2975 2969 2970
f 2969 2976 2971
f 2978 2970 3006
f 2965 2968 3215
f 2977 2970 2978
f 2978 3006 3220
f 2975 2970 2977
f 2971 2976 2979
f 2975 2976 2969
f 2971 2979 2973
f 2973 3187 2980
f 2967 3222 2974
f 2973 2979 3187
f 2960 2974 2972
f 2973 2980 2994
f 2980 3187 3012
f 2961 2983 2982
f 2961 2981 2983
f 2984 3215 2982
f 2981 4138 2983
f 2982 2983 4138
f 2984 2982 4138
f 2932 2997 2985
f 2986 2987 3006
f 2987 2988 3007
f 2961 2985 2981
f 2988 2998 2989
f 2945 2947 2964
f 2946 2949 2987
f 2946 2963 2947
f 2945 2964 2990
f 2946 2986 2963
f 2947 2963 2964
f 2964 2994 2990
f 2948 2962 2996
f 2949 2988 2987
f 2946 2987 2986
f 2994 2992 2990
f 2949 2991 2988
f 2991 2998 2988
f 2948 2996 2999
f 2955 2992 2993
f 2994 2995 2992
f 2972 2996 2962
f 2995 2993 2992
f 3010 3002 2993
f 2995 3010 2993
f 3010 3011 3002
f 2985 2997 4136
f 2989 3000 3014
f 2996 4158 2999
f 2985 4136 2981
f 3003 3015 3014
f 3003 4148 3015
f 2948 2999 4081
f 2989 2998 3000
f 2956 2993 3002
f 3000 4080 3003
f 2956 3002 3001
f 3001 3002 3004
f 3001 3004 4145
f 3000 3003 3014
f 3011 3004 3002
f 3004 3005 4145
f 2987 3007 3006
f 2988 3008 3007
f 2972 3018 2996
f 2988 2989 3008
f 2989 3014 3009
f 2989 3009 3008
f 3006 3007 3220
f 2972 2974 3225
f 3007 3008 3223
f 2974 3222 3225
f 3007 3223 3220
f 2972 3225 3018
f 3008 3009 3226
f 2980 2995 2994
f 2980 3010 2995
f 2980 3012 3010
f 3010 3012 3011
f 3012 3224 3013
f 3011 3012 3013
f 3011 3013 3019
f 3013 3228 3019
f 2996 3018 4158
f 3009 3014 3015
f 3015 4148 3016
f 3009 3015 3017
f 3018 3225 4143
f 3015 3016 3017
f 3016 3231 3017
f 3016 4159 3231
f 3011 3019 3004
f 3019 3020 3005
f 3019 3005 3004
f 3020 4160 3005
f 3019 3228 3020
f 3020 3021 4160
f 3020 3236 3021
f 3022 3023 3047
f 3022 3084 3023
f 3023 3112 3050
f 2903 3040 3024
f 2902 3024 3025
f 2901 3025 3030
f 3025 3024 3026
f 3024 3040 3026
f 2907 3027 3028
f 2901 3030 3027
f 3027 3030 3029
f 3027 3029 3028
f 2798 3028 3029
f 3029 3030 3032
f 3025 3031 3030
f 3025 3026 3031
f 3026 3055 3034
f 3026 3034 3031
f 2924 3454 3056
f 3030 3031 3032
f 3031 3033 3032
f 3031 3034 3033
f 3033 3056 3454
f 3034 3056 3033
f 3029 3032 3458
f 3039 3473 3037
f 3039 3037 3035
f 3036 3035 3037
f 3036 3037 3038
f 3039 3460 3473
f 3039 3069 3460
f 3039 3035 3072
f 3039 3072 3069
f 2914 3055 3040
f 2914 3054 3055
f 3040 3055 3026
f 3044 3043 3051
f 3044 3051 3052
f 3051 3043 3041
f 3044 3058 3043
f 3044 3052 3045
f 3044 3045 3060
f 3046 3052 3051
f 3042 3046 3051
f 3042 3048 3046
f 3046 3047 3052
f 3022 3046 3048
f 3022 3048 3082
f 3048 3175 3082
f 3022 3047 3046
f 3048 3053 3175
f 3047 3049 3052
f 3023 3050 3047
f 3047 3050 3049
f 3042 3051 3041
f 3042 3041 3064
f 3042 3053 3048
f 3042 3064 3053
f 3053 3064 3178
f 3045 3052 3049
f 2923 3056 3054
f 3034 3055 3054
f 3034 3054 3056
f 2923 2924 3056
f 3057 3043 3058
f 3036 3061 3057
f 3057 3061 3059
f 3035 3057 3058
f 3036 3057 3035
f 3041 3043 3059
f 3057 3059 3043
f 3041 3059 3065
f 3059 3062 3065
f 3044 3060 3058
f 3058 3060 3072
f 3035 3058 3072
f 3036 3038 3061
f 3061 3063 3062
f 3038 3063 3061
f 3059 3061 3062
f 3062 3063 3067
f 3067 3063 3491
f 3041 3065 3064
f 3064 3065 3196
f 3062 3066 3065
f 3065 3066 3196
f 3062 3067 3066
f 3460 3069 3068
f 3069 3072 3074
f 3069 3070 3068
f 3069 3074 3070
f 3070 3076 3487
f 3050 3265 3049
f 3049 3265 3266
f 3045 3049 3266
f 3045 3071 3060
f 3045 3266 3071
f 3071 3272 3075
f 3060 3075 3072
f 3072 3075 3073
f 3072 3073 3074
f 3071 3075 3060
f 3073 3075 3295
f 3075 3272 3295
f 3067 3491 3275
f 3491 3493 3275
f 3070 3074 3076
f 3074 3073 3078
f 3074 3078 3076
f 3073 3077 3078
f 3073 3295 3077
f 3077 3536 3078
f 3080 3084 3081
f 3080 3085 3084
f 3089 3080 3079
f 3080 3081 3079
f 3079 3083 3086
f 3081 3084 3082
f 3022 3082 3084
f 3081 3082 3176
f 3081 3176 3083
f 3023 3084 3085
f 3023 3085 3112
f 3079 3081 3083
f 3083 3176 3088
f 3115 3079 3086
f 3115 3086 3116
f 3086 3157 3116
f 3086 3087 3157
f 3083 3087 3086
f 3083 3088 3087
f 3088 3176 3179
f 3087 3088 3159
f 3088 3179 3160
f 3091 3101 3093
f 3093 3100 3123
f 3093 3099 3100
f 3090 3092 3104
f 3090 3099 3092
f 3092 3099 3093
f 3092 3093 3101
f 3091 3093 3123
f 3094 3115 3116
f 3089 3096 3098
f 3089 3115 3096
f 3094 3096 3115
f 3099 3094 3095
f 3099 3095 3100
f 3094 3116 3095
f 3095 3116 3128
f 3090 3097 3096
f 3090 3094 3099
f 3090 3096 3094
f 3090 3104 3097
f 3096 3097 3098
f 3097 3108 3098
f 3098 3108 3117
f 3092 3101 3102
f 3103 3101 3141
f 3103 3102 3101
f 3091 3141 3101
f 3103 2557 3105
f 3103 3141 2557
f 3102 3106 3107
f 3103 3106 3102
f 3092 3102 3104
f 3102 3107 3104
f 3104 3107 3109
f 3103 3105 3106
f 3107 3106 3146
f 3109 3147 3148
f 3109 3107 3147
f 3097 3104 3109
f 3097 3109 3108
f 3108 3110 3117
f 3109 3148 3108
f 3108 3148 3110
f 3110 3150 3119
f 3089 3079 3115
f 3089 3111 3080
f 3089 3098 3111
f 3098 3117 3111
f 3080 3111 3085
f 3085 3111 3113
f 3111 3117 3113
f 3085 3113 3112
f 3050 3112 3114
f 3112 3113 3118
f 3112 3118 3114
f 3128 3116 3157
f 3113 3117 3119
f 3113 3119 3118
f 3114 3118 3120
f 3114 3121 3265
f 3114 3120 3121
f 3110 3119 3117
f 3118 3119 3168
f 3118 3168 3120
f 3121 3171 3269
f 3091 3124 3142
f 3122 3124 3125
f 3142 3124 3122
f 3091 3123 3124
f 3124 3123 3126
f 3123 3127 3126
f 3145 3122 3125
f 3125 3126 3132
f 3124 3126 3125
f 3126 3127 3133
f 3126 3133 3132
f 3127 3136 3133
f 3095 3129 3100
f 3095 3128 3129
f 3100 3127 3123
f 3100 3129 3127
f 3127 3129 3136
f 3129 3130 3136
f 3128 3130 3129
f 3128 3131 3130
f 3132 3133 3153
f 3133 3136 3134
f 3133 3134 3153
f 3134 3135 3155
f 3134 3137 3135
f 3135 3139 4491
f 3130 3137 3136
f 3136 3137 3134
f 3130 3138 3137
f 3130 3131 3138
f 3131 3162 3138
f 3135 3137 3139
f 3137 3138 3139
f 3138 3140 3139
f 3138 3162 3140
f 3141 2555 2557
f 3141 3142 2555
f 3091 3142 3141
f 3142 3144 2555
f 3142 3122 3144
f 3143 3144 3122
f 3143 3122 3145
f 3143 2560 3144
f 3143 3145 2560
f 3145 3125 3151
f 3145 3151 2561
f 3151 3125 3132
f 3105 2568 3106
f 3106 2568 3146
f 3107 3146 3147
f 3148 3529 3149
f 3147 3529 3148
f 3149 3531 3150
f 3150 3168 3119
f 3110 3148 3149
f 3110 3149 3150
f 3150 3531 3156
f 3150 3156 3168
f 3156 3169 3168
f 3151 3132 3152
f 2571 3151 3152
f 3152 3132 3153
f 3152 3153 3154
f 3154 3153 3155
f 3154 3155 4489
f 3134 3155 3153
f 3135 4490 3155
f 3156 3534 3169
f 3169 3534 3172
f 3128 3157 3131
f 3087 3158 3157
f 3087 3159 3158
f 3131 3157 3158
f 3158 3159 3163
f 3159 3166 3163
f 3131 3158 3162
f 3088 3160 3159
f 3268 3161 3160
f 3159 3160 3166
f 3160 3161 3166
f 3158 3163 3162
f 3162 3163 3164
f 3163 3166 3165
f 3140 3162 3164
f 3163 3165 3164
f 3164 3165 4515
f 3161 3167 3166
f 3161 3302 3167
f 3165 3166 3167
f 3165 3167 4517
f 3167 3302 4518
f 3120 3168 3169
f 3120 3169 3170
f 3120 3170 3121
f 3121 3170 3171
f 3170 3174 3171
f 3169 3172 3170
f 3170 3172 3174
f 3172 4525 3174
f 3171 3174 3173
f 3174 4526 3173
f 3082 3175 3176
f 3053 3177 3175
f 3175 3179 3176
f 3175 3177 3179
f 3053 3178 3177
f 3178 3064 3196
f 3178 3271 3177
f 3178 3196 3270
f 3177 3268 3179
f 3177 3271 3268
f 3179 3268 3160
f 3178 3270 3271
f 2966 3186 3180
f 2965 3185 2966
f 2977 3182 3183
f 2975 2977 3183
f 2975 3183 3184
f 2966 3185 3186
f 3180 3221 3181
f 2975 3184 2976
f 2976 3191 2979
f 2967 3181 3222
f 2976 3184 3191
f 2965 3215 3185
f 2977 3192 3182
f 2977 2978 3192
f 2978 3220 3193
f 3180 3186 3221
f 2978 3193 3192
f 2979 3191 3194
f 2979 3194 3187
f 3181 3221 3222
f 3187 3194 3224
f 3182 3189 3183
f 3184 3183 3190
f 3182 3188 3189
f 3184 3190 3200
f 3183 3189 3190
f 3184 3200 3191
f 3191 3200 3203
f 3182 3192 3201
f 3182 3201 3188
f 3192 3202 3201
f 3192 3193 3202
f 3194 3195 3224
f 3194 3203 3195
f 3191 3203 3194
f 3066 3277 3196
f 3188 3197 3199
f 3188 3199 3189
f 3189 3199 3198
f 3189 3198 3190
f 3190 3205 3200
f 3190 3198 3205
f 3200 3205 3213
f 3200 3213 3203
f 3188 3201 3209
f 3188 3209 3197
f 3201 3210 3209
f 3201 3202 3210
f 3195 3203 3204
f 3195 3204 3241
f 3213 3204 3203
f 3197 3211 3206
f 3197 3206 3199
f 3199 3206 3207
f 3198 3207 3208
f 3198 3208 3205
f 3198 3199 3207
f 3206 3211 3279
f 3206 3279 3276
f 3207 3206 3276
f 3207 3276 3208
f 3205 3208 3280
f 3197 3212 3211
f 3197 3209 3212
f 3211 3212 3278
f 3205 3280 3213
f 3209 3281 3212
f 3209 3210 3281
f 3213 3214 3204
f 3204 3214 3244
f 3213 3280 3214
f 3214 3311 3244
f 3218 3186 3185
f 3216 3185 3215
f 2984 3216 3215
f 3216 3218 3185
f 3217 3186 3218
f 3217 3219 3186
f 3220 3223 3227
f 3012 3187 3224
f 3221 4549 3222
f 3008 3226 3223
f 3193 3220 3227
f 3195 3229 3224
f 3223 3242 3227
f 3195 3241 3229
f 3186 3219 3221
f 3223 3226 3242
f 3226 3233 3242
f 3233 3250 3242
f 3013 3224 3229
f 3013 3229 3228
f 3228 3229 3230
f 3228 3230 3236
f 3229 3241 3230
f 3230 3237 3236
f 3222 4550 3225
f 3009 3017 3226
f 3017 3231 3233
f 3017 3233 3226
f 3222 4549 4550
f 3231 4159 3232
f 3231 3232 3234
f 3221 3219 4549
f 3231 3234 3233
f 3233 3234 3250
f 3232 3235 3234
f 3232 4555 3235
f 3020 3228 3236
f 3021 3236 3238
f 3021 3238 4166
f 3238 3239 4166
f 3236 3237 3238
f 3237 3257 3238
f 3238 3257 3239
f 3239 3259 4560
f 3193 3240 3202
f 3193 3227 3240
f 3227 3246 3240
f 3204 3244 3241
f 3241 3244 3248
f 3227 3242 3246
f 3242 3250 3246
f 3202 3240 3243
f 3202 3243 3210
f 3240 3313 3243
f 3248 3244 3245
f 3244 3311 3245
f 3240 3246 3313
f 3246 3247 3313
f 3246 3250 3247
f 3245 3315 3249
f 3230 3241 3248
f 3230 3248 3237
f 3237 3248 3249
f 3248 3245 3249
f 3260 3315 3360
f 3249 3315 3260
f 3234 3251 3250
f 3247 3250 3251
f 3234 3235 3251
f 3235 4565 3253
f 3235 3253 3251
f 3253 4565 3254
f 3247 3251 3252
f 3251 3253 3252
f 3247 3252 3314
f 3253 3254 3256
f 3254 4566 3255
f 3252 3253 3256
f 3254 3336 3256
f 3254 3255 3336
f 3255 3338 3336
f 3255 4570 3338
f 3237 3249 3257
f 3249 3260 3257
f 3257 3260 3258
f 3239 3257 3258
f 3259 4568 4560
f 3239 3258 3259
f 3258 3262 3259
f 3258 3260 3261
f 3260 3360 3261
f 3258 3261 3262
f 3263 4569 4568
f 3263 3264 4569
f 3259 3263 4568
f 3259 3262 3263
f 3261 3362 3262
f 3264 3341 4570
f 3050 3114 3265
f 3265 3269 3266
f 3266 3269 3267
f 3071 3266 3267
f 3071 3267 3272
f 3121 3269 3265
f 3270 3301 3271
f 3270 3277 3300
f 3267 3269 3305
f 3267 3306 3272
f 3306 3273 3272
f 3267 3305 3306
f 3270 3196 3277
f 3066 3274 3277
f 3067 3274 3066
f 3067 3275 3274
f 3274 3275 3298
f 3493 3297 3275
f 3208 3276 3285
f 3212 3287 3278
f 3211 3278 3279
f 3278 3282 3279
f 3276 3283 3285
f 3276 3279 3283
f 3208 3285 3280
f 3212 3281 3287
f 3278 3286 3282
f 3279 3282 3283
f 3283 3289 3285
f 3282 3289 3283
f 3284 3285 3289
f 3280 3285 3284
f 3280 3284 3288
f 3287 3309 3290
f 3286 3287 3290
f 3278 3287 3286
f 3287 3281 3309
f 3284 3293 3288
f 3214 3280 3288
f 3214 3288 3311
f 3274 3323 3277
f 3282 3291 3289
f 3286 3319 3294
f 3286 3290 3319
f 3286 3294 3291
f 3282 3286 3291
f 3284 3289 3292
f 3277 3323 3300
f 3291 3292 3289
f 3284 3292 3293
f 3288 3293 3324
f 3291 3294 3320
f 3291 3320 3292
f 3292 3321 3293
f 3274 3298 3323
f 3298 3275 3297
f 3295 3272 3273
f 3077 3295 3296
f 3077 3296 3535
f 3493 3503 3297
f 3295 3273 3296
f 3297 3503 3385
f 3502 3538 3558
f 3503 3505 3385
f 3268 3271 3299
f 3271 3301 3299
f 3268 3299 3161
f 3270 3300 3301
f 3301 3300 3304
f 3161 3299 3302
f 3299 3303 3302
f 3299 3301 3303
f 3301 3304 3303
f 3304 3300 3308
f 3304 3308 4617
f 3269 3171 3305
f 3171 3173 3305
f 3305 3307 3306
f 3306 3541 3273
f 3306 3307 3541
f 3305 3173 3307
f 3173 4621 3307
f 3307 4622 3541
f 3210 3310 3281
f 3210 3243 3310
f 3243 3313 3326
f 3309 3310 3317
f 3281 3310 3309
f 3243 3326 3310
f 3245 3311 3312
f 3288 3324 3311
f 3324 3312 3311
f 3247 3314 3313
f 3313 3314 3326
f 3245 3312 3315
f 3315 3330 3360
f 3312 3330 3315
f 3330 3331 3360
f 3290 3318 3319
f 3290 3316 3318
f 3290 3309 3316
f 3316 3317 3318
f 3309 3317 3316
f 3293 3322 3324
f 3317 3326 3328
f 3310 3326 3317
f 3294 3365 3364
f 3294 3319 3365
f 3294 3364 3320
f 3292 3320 3321
f 3293 3321 3322
f 3319 3366 3365
f 3318 3366 3319
f 3318 3328 3366
f 3318 3317 3328
f 3324 3322 3369
f 3324 3325 3312
f 3312 3325 3330
f 3324 3369 3325
f 3326 3327 3329
f 3314 3327 3326
f 3300 3323 3308
f 3328 3329 3371
f 3326 3329 3328
f 3327 3386 3329
f 3325 3332 3330
f 3330 3332 3331
f 3325 3369 3383
f 3325 3383 3332
f 3332 3383 3333
f 3331 3332 3333
f 3314 3334 3327
f 3252 3334 3314
f 3256 3335 3334
f 3252 3256 3334
f 3331 3361 3360
f 3334 3335 3342
f 3361 3347 3362
f 3256 3336 3335
f 3336 3338 3339
f 3337 3338 4570
f 3337 4570 3341
f 3338 3340 3339
f 3335 3336 3339
f 3363 3353 3341
f 3341 3353 3354
f 3362 3353 3363
f 3337 3355 3340
f 3337 3340 3338
f 3337 3341 3354
f 3337 3354 3355
f 3327 3334 3342
f 3327 3342 3386
f 3342 3343 3386
f 3344 3345 3351
f 3343 3351 3345
f 3343 3345 3386
f 3331 3333 3346
f 3331 3346 3361
f 3335 3343 3342
f 3347 3349 3353
f 3362 3347 3353
f 3361 3346 3347
f 3346 3350 3347
f 3333 3348 3346
f 3346 3348 3350
f 3349 3350 3398
f 3347 3350 3349
f 3335 3339 3343
f 3343 3339 3351
f 3351 3339 3340
f 3351 3340 3352
f 3340 3355 3352
f 3352 3355 3358
f 3355 3359 3358
f 3349 3354 3353
f 3354 3359 3355
f 3351 3352 3357
f 3344 3351 3357
f 3356 3357 3352
f 3356 3352 3358
f 3356 3358 3359
f 3356 3359 3405
f 3349 3405 3359
f 3349 3359 3354
f 3261 3360 3361
f 3261 3361 3362
f 3262 3362 3363
f 3262 3363 3263
f 3264 3363 3341
f 3263 3363 3264
f 3320 3364 3367
f 3321 3320 3367
f 3321 3368 3322
f 3321 3367 3368
f 3364 3375 3370
f 3364 3365 3375
f 3364 3370 3367
f 3370 3374 3367
f 3368 3367 3374
f 3322 3368 3376
f 3322 3376 3369
f 3368 3374 3376
f 3298 3402 3323
f 3328 3371 3366
f 3365 3371 3375
f 3365 3366 3371
f 3369 3376 3381
f 3369 3381 3383
f 3329 3372 3371
f 3371 3372 3375
f 3323 3402 3308
f 3329 3386 3372
f 3370 3378 3373
f 3370 3375 3378
f 3373 3377 3374
f 3370 3373 3374
f 3376 3377 3381
f 3376 3374 3377
f 3372 3378 3375
f 3373 3392 3379
f 3373 3378 3392
f 3373 3379 3377
f 3372 3387 3378
f 3379 3390 3380
f 3377 3379 3380
f 3377 3380 3381
f 3384 3381 3382
f 3380 3382 3381
f 3333 3383 3384
f 3383 3381 3384
f 3333 3384 3348
f 3298 3406 3402
f 3298 3297 3406
f 3297 3385 3406
f 3505 3407 3385
f 3345 3387 3372
f 3345 3372 3386
f 3387 3388 3392
f 3344 3389 3388
f 3344 3388 3387
f 3344 3387 3345
f 3397 3395 3404
f 3389 3404 3395
f 3389 3395 3391
f 3388 3389 3391
f 3390 3395 3393
f 3390 3391 3395
f 3388 3391 3392
f 3379 3391 3390
f 3379 3392 3391
f 3378 3387 3392
f 3380 3390 3394
f 3390 3393 3394
f 3393 3401 3394
f 3400 3394 3401
f 3382 3394 3400
f 3380 3394 3382
f 3397 3403 3393
f 3397 3393 3395
f 3393 3403 3401
f 3384 3382 3396
f 3401 3399 3396
f 3400 3401 3396
f 3348 3384 3396
f 3348 3399 3350
f 3348 3396 3399
f 3397 3405 3398
f 3397 3398 3403
f 3403 3398 3399
f 3401 3403 3399
f 3349 3398 3405
f 3350 3399 3398
f 3382 3400 3396
f 3357 3404 3389
f 3344 3357 3389
f 3402 4628 3308
f 3356 3404 3357
f 3356 3405 3404
f 3397 3404 3405
f 3402 3406 4627
f 3406 4630 4627
f 3406 3385 4630
f 3505 3508 3407
f 3385 3407 4630
f 2875 3408 3409
f 2779 3413 3408
f 3409 3408 3413
f 481 3410 2780
f 2780 3410 2782
f 3411 2890 3412
f 608 3416 3410
f 608 616 3416
f 3409 3413 3414
f 3409 3414 2882
f 3413 3415 3414
f 3415 3422 3414
f 2781 3415 3413
f 2782 3410 3417
f 3410 3416 3429
f 3410 3429 3417
f 614 3418 615
f 614 3412 2890
f 615 3418 3420
f 614 2890 3418
f 616 3421 3416
f 618 3420 3419
f 3420 2894 3419
f 616 679 3421
f 3416 3421 3433
f 3418 2892 3420
f 679 3437 3421
f 3414 3422 2905
f 3422 3423 3427
f 2784 3423 3415
f 3415 3423 3422
f 2782 3417 2785
f 2784 3424 3423
f 3422 2906 2905
f 3422 3427 2906
f 3423 3424 3425
f 2786 3426 3424
f 3424 3426 3425
f 3427 3423 3425
f 3431 3450 3426
f 3427 3425 3449
f 3425 3450 3449
f 3425 3426 3450
f 2906 3427 2908
f 2908 3427 3428
f 3427 3449 3428
f 2908 3428 2924
f 3429 3433 3457
f 2785 3417 3430
f 2785 3430 2786
f 3417 3432 3430
f 3417 3429 3432
f 3416 3433 3429
f 2786 3431 3426
f 2786 3430 3431
f 3430 3481 3431
f 3430 3432 3481
f 3429 3457 3432
f 3421 3437 3433
f 3433 3434 3457
f 3433 3437 3434
f 678 3419 3436
f 678 3436 3435
f 679 681 3437
f 678 3435 3438
f 3419 2894 3436
f 681 3447 3437
f 3435 2952 3438
f 3439 2941 3441
f 681 694 3447
f 697 3441 3443
f 697 3443 3442
f 3442 3443 3444
f 3442 3444 4711
f 3441 2944 3443
f 3444 3445 4711
f 694 698 3446
f 694 3446 3447
f 3434 3437 3447
f 3434 3447 3497
f 3446 3448 3447
f 3447 3498 3497
f 3447 3448 3498
f 3481 3451 3450
f 3449 3450 3451
f 3455 3449 3451
f 3455 3451 3463
f 3481 3456 3451
f 3428 3455 3452
f 3428 3452 2924
f 2924 3452 3454
f 3033 3454 3459
f 3454 3452 3453
f 3452 3455 3453
f 3454 3453 3459
f 3428 3449 3455
f 3432 3457 3456
f 3455 3463 3453
f 2798 3029 3458
f 2799 3458 3462
f 3032 3459 3458
f 3453 3462 3459
f 3458 3459 3462
f 3461 3475 3473
f 3461 3485 3484
f 3468 3461 3484
f 3460 3485 3473
f 3461 3473 3485
f 3462 3463 3467
f 3463 3464 3467
f 3453 3463 3462
f 3451 3464 3463
f 3451 3465 3464
f 3464 3465 3472
f 3465 3478 3472
f 2799 3462 3467
f 3470 3466 3469
f 3468 3470 3469
f 3468 3469 3471
f 3464 3466 3467
f 3464 3472 3466
f 3466 3472 3469
f 2806 3470 3468
f 3468 3471 3461
f 3471 3469 3478
f 3469 3472 3478
f 3461 3471 3475
f 3471 3478 3475
f 3032 3033 3459
f 3473 3474 3037
f 3473 3475 3474
f 3037 3474 3038
f 3038 3474 3476
f 3474 3475 3479
f 3474 3479 3476
f 3456 3477 3465
f 3451 3456 3465
f 3465 3477 3478
f 3456 3457 3477
f 3457 3482 3477
f 3475 3478 3479
f 3477 3480 3478
f 3479 3478 3489
f 3489 3478 3480
f 3477 3482 3480
f 3431 3481 3450
f 3432 3456 3481
f 3434 3483 3457
f 3038 3476 3063
f 3476 3491 3063
f 3476 3479 3488
f 3479 3489 3488
f 3476 3488 3491
f 3483 3482 3457
f 3460 3486 3485
f 3460 3068 3486
f 2808 3485 3486
f 2808 3484 3485
f 2806 3468 3484
f 3486 3068 3070
f 2808 3486 3487
f 2808 3487 3552
f 3486 3070 3487
f 3489 3494 3488
f 3489 3492 3494
f 3490 3480 3482
f 3489 3480 3492
f 3490 3492 3480
f 3490 3482 3495
f 3488 3493 3491
f 3488 3494 3493
f 3490 3501 3492
f 3490 3495 3496
f 3492 3500 3494
f 3483 3495 3482
f 3487 3076 3554
f 3490 3496 3501
f 3492 3501 3500
f 3434 3497 3483
f 3483 3497 3499
f 3497 3504 3499
f 3497 3498 3504
f 3483 3499 3495
f 3493 3494 3503
f 3494 3500 3503
f 3495 3502 3496
f 3495 3499 3502
f 3496 3559 3501
f 3496 3502 3558
f 3500 3501 3560
f 3496 3558 3559
f 3499 3538 3502
f 3500 3505 3503
f 3501 3559 3560
f 3499 3506 3538
f 3500 3560 3505
f 3499 3504 3506
f 3505 3560 3508
f 3504 3507 3506
f 3506 3507 3546
f 3508 3562 4839
f 3562 4955 4839
f 3507 4838 3546
f 2550 3522 3509
f 3522 3523 3509
f 3523 3613 3509
f 3523 3526 3613
f 3526 3527 3615
f 2552 2791 3510
f 2553 3510 3511
f 2801 3512 3511
f 2801 3515 3512
f 3512 3515 3513
f 2553 3511 2554
f 2554 3511 3512
f 3512 3513 3521
f 2554 3512 3521
f 3514 3513 3517
f 3514 3522 3513
f 2807 3517 3516
f 3513 3515 3516
f 3513 3516 3517
f 3514 3517 3518
f 2808 3518 3517
f 2808 3552 3518
f 3518 3552 3520
f 3514 3518 3519
f 3518 3520 3519
f 3519 3520 3524
f 3520 3555 3524
f 3513 3522 3521
f 2550 3521 3522
f 3514 3523 3522
f 3514 3519 3523
f 3519 3526 3523
f 3519 3524 3526
f 3524 3555 3525
f 3524 3525 3527
f 3524 3527 3526
f 3525 3568 3527
f 3078 3537 3076
f 3076 3537 3554
f 3078 3536 3537
f 3554 3537 3528
f 3146 2580 3147
f 3147 2580 3529
f 3149 3529 3530
f 3529 2583 3530
f 3530 3532 3531
f 3149 3530 3531
f 3156 3531 3533
f 3532 3533 3531
f 3156 3533 3534
f 3077 3535 3536
f 3536 3539 3537
f 3296 3543 3535
f 3535 3547 3536
f 3535 3542 3547
f 3558 3538 3544
f 3558 3544 3561
f 3528 3537 3539
f 3528 3539 3550
f 3536 3547 3539
f 3273 3541 3540
f 3541 4622 4932
f 3541 4932 3540
f 3540 4932 4933
f 3296 3273 3540
f 3296 3540 3543
f 3535 3543 3542
f 3538 3546 3544
f 3506 3546 3538
f 3561 3544 3563
f 3544 3546 3563
f 3540 4933 3543
f 3543 4934 3542
f 3542 3545 3548
f 3542 4934 3545
f 3543 4933 4934
f 3542 3548 3547
f 3539 3547 3549
f 3547 3548 3549
f 3539 3549 3550
f 3549 3551 3550
f 3548 4939 3549
f 3549 4939 3551
f 3551 4939 4947
f 3550 3551 3564
f 3551 4947 3565
f 3487 3554 3552
f 3552 3554 3553
f 3520 3552 3553
f 3553 3554 3528
f 3553 3528 3556
f 3528 3550 3556
f 3520 3553 3555
f 3553 3556 3555
f 3555 3556 3557
f 3556 3564 3557
f 3557 3564 3567
f 3559 3562 3560
f 3558 3561 3559
f 3559 3561 3562
f 3508 3560 3562
f 3561 4955 3562
f 3561 3563 4955
f 3546 4838 3563
f 3556 3550 3564
f 3564 3551 3565
f 3564 3565 3567
f 3565 4947 4962
f 3565 4962 3570
f 3525 3555 3557
f 3525 3557 3566
f 3557 3567 3566
f 3566 3567 3569
f 3525 3566 3568
f 3566 3634 3568
f 3566 3569 3634
f 3569 3635 3634
f 3565 3570 3567
f 3567 3570 3569
f 3569 3570 3572
f 3570 4962 3571
f 3570 3571 3572
f 3571 4983 3573
f 3569 3572 3635
f 3571 3573 3572
f 3572 3573 3636
f 3573 4983 5064
f 3573 5064 3636
f 2510 2512 3575
f 2499 2510 3575
f 3575 3576 3578
f 2512 3576 3575
f 2539 3577 3576
f 2539 3596 3577
f 3576 3577 3578
f 3577 3596 3581
f 2499 3575 3574
f 3575 3578 3574
f 3578 3586 3574
f 3577 3579 3578
f 3578 3579 3586
f 3579 3581 3591
f 3577 3581 3579
f 3581 3596 3580
f 3581 3582 3591
f 3581 3580 3582
f 3582 3580 3583
f 3585 3583 3584
f 3582 3583 3585
f 3585 3584 3594
f 3594 3584 3620
f 3574 3586 3588
f 3587 3589 3586
f 3588 3589 3660
f 3588 3586 3589
f 3587 3661 3589
f 3579 3587 3586
f 3579 3591 3587
f 3587 3590 3661
f 3590 3595 3663
f 3582 3592 3591
f 3587 3591 3590
f 3591 3592 3590
f 3582 3585 3592
f 3585 3593 3592
f 3585 3594 3593
f 3592 3595 3590
f 3592 3593 3595
f 3593 3671 3595
f 2539 2544 3596
f 3596 3597 3580
f 2544 3597 3596
f 3580 3597 3598
f 2546 3598 3597
f 3580 3598 3583
f 2546 3601 3598
f 3598 3601 3599
f 3602 3612 3600
f 3598 3599 3583
f 3599 3600 3584
f 3602 3600 3599
f 3601 3602 3599
f 2550 3612 3602
f 3599 3584 3583
f 3600 3620 3584
f 3594 3620 3603
f 3594 3604 3593
f 3594 3603 3604
f 3593 3604 3671
f 3604 3603 3606
f 3604 3606 3672
f 3606 3603 3605
f 3608 3605 3642
f 3606 3605 3608
f 3641 5046 3610
f 3609 3642 3607
f 3608 3642 3609
f 3611 3607 3610
f 3611 3610 5049
f 3609 3607 3611
f 3600 3612 3618
f 3509 3614 3612
f 2550 3509 3612
f 3509 3613 3614
f 3612 3614 3618
f 3614 3613 3616
f 3526 3615 3613
f 3616 3613 3615
f 3527 3617 3615
f 3616 3615 3621
f 3615 3617 3621
f 3617 3627 3621
f 3600 3618 3620
f 3614 3619 3618
f 3620 3618 3637
f 3618 3619 3637
f 3619 3638 3637
f 3614 3616 3619
f 3619 3622 3638
f 3616 3621 3622
f 3616 3622 3619
f 3622 3621 3629
f 3527 3568 3617
f 3568 3623 3617
f 3617 3623 3627
f 3623 3624 3628
f 3624 3625 3631
f 3625 3626 3632
f 3621 3627 3629
f 3623 3628 3627
f 3630 3627 3628
f 3629 3627 3630
f 3633 5062 5066
f 3633 3628 3631
f 3624 3631 3628
f 3631 3632 5062
f 3625 3632 3631
f 3630 3628 3633
f 3633 3631 5062
f 3568 3634 3623
f 3634 3635 3624
f 3634 3624 3623
f 3572 3636 3635
f 3635 3636 3625
f 3636 5064 3626
f 3624 3635 3625
f 3636 3626 3625
f 3620 3637 3603
f 3637 3605 3603
f 3622 3639 3638
f 3622 3629 3639
f 3637 3638 3605
f 3638 3639 3642
f 3638 3642 3605
f 3629 3640 3639
f 3639 3607 3642
f 3639 3640 3607
f 3629 3630 3640
f 3630 3633 3641
f 3630 3641 3640
f 3641 5066 5046
f 3633 5066 3641
f 3640 3641 3610
f 3640 3610 3607
f 3643 3644 3646
f 2493 3647 3645
f 2493 3645 3644
f 3644 3645 3646
f 3645 3647 3650
f 2442 3643 3646
f 3645 3653 3646
f 3645 3650 3653
f 2502 3648 3647
f 3647 3648 3650
f 2502 3649 3648
f 3588 3660 3649
f 3648 3649 3651
f 3649 3660 3651
f 3648 3655 3650
f 3648 3651 3655
f 3651 3660 3665
f 3651 3657 3655
f 3651 3665 3657
f 3646 3653 3652
f 2442 3646 3652
f 2442 3652 2446
f 3650 3656 3653
f 3653 3656 3654
f 3652 3653 3654
f 2446 3652 3712
f 3652 3654 3712
f 3654 3656 3714
f 3650 3655 3656
f 3655 3658 3656
f 3657 3665 3680
f 3655 3657 3658
f 3656 3658 3714
f 3657 3659 3658
f 3657 3680 3659
f 3589 3662 3660
f 3589 3661 3662
f 3660 3662 3665
f 3661 3667 3662
f 3590 3663 3661
f 3595 3664 3663
f 3661 3663 3667
f 3663 3668 3667
f 3663 3664 3668
f 3595 3671 3664
f 3662 3666 3665
f 3662 3667 3666
f 3664 3677 3668
f 3667 3668 3681
f 3666 3667 3681
f 3668 3684 3681
f 3664 3669 3677
f 3604 3672 3671
f 3671 3672 3669
f 3606 3673 3672
f 3672 3673 3670
f 3606 3608 3673
f 3664 3671 3669
f 3672 3670 3669
f 3608 3675 3673
f 3608 3609 3675
f 3609 3611 3676
f 3609 3676 3675
f 3675 3676 5107
f 3673 3674 3670
f 3673 3675 3674
f 3675 5107 3674
f 3669 3670 3678
f 3669 3678 3677
f 3668 3677 3684
f 3677 3678 3685
f 3670 3674 3679
f 3670 3679 3678
f 3674 5107 5114
f 3674 5114 3679
f 3678 3679 3686
f 3679 5114 5121
f 3665 3666 3680
f 3666 3682 3680
f 3666 3681 3682
f 3681 3683 3682
f 3681 3684 3683
f 3680 3682 3724
f 3659 3680 3724
f 3682 3725 3724
f 3682 3683 3725
f 3677 3685 3684
f 3684 3685 3687
f 3678 3686 3685
f 3679 5121 3686
f 3685 3686 3688
f 3683 3684 3687
f 3683 3687 3728
f 3685 3688 3687
f 3686 5124 3688
f 3687 3688 3729
f 2446 3690 3689
f 2449 3693 3692
f 3691 3700 3699
f 2449 3692 3691
f 3691 3692 3700
f 3689 3694 3693
f 3693 3694 3695
f 3689 3690 3694
f 3690 3721 3694
f 3692 3693 3695
f 3692 3703 3700
f 3694 3721 3723
f 3692 3695 3703
f 3694 3723 3695
f 3695 3708 3703
f 3695 3723 3708
f 2463 3699 3696
f 2464 3696 3697
f 3696 3704 3697
f 2469 3697 3698
f 3697 3706 3698
f 3697 3704 3706
f 2470 3698 3969
f 3698 3973 3969
f 3698 3706 3973
f 3696 3699 3701
f 3699 3700 3701
f 3696 3701 3704
f 3700 3702 3701
f 3700 3703 3702
f 3701 3705 3704
f 3701 3702 3705
f 3702 3703 3709
f 3703 3708 3709
f 3704 3707 3706
f 3704 3705 3707
f 3706 3982 3973
f 3706 3707 3982
f 3708 3747 3709
f 3702 3710 3705
f 3702 3709 3710
f 3709 3750 3710
f 3705 3711 3707
f 3707 3983 3982
f 3705 3710 3711
f 3710 3751 3711
f 3707 3711 3983
f 3711 3992 3983
f 3711 3751 3992
f 3654 3713 3712
f 3654 3714 3713
f 2446 3712 3690
f 3690 3712 3717
f 3690 3717 3721
f 3712 3713 3717
f 3713 3718 3717
f 3658 3715 3714
f 3714 3715 3716
f 3658 3659 3715
f 3659 3726 3715
f 3713 3714 3716
f 3715 3726 3719
f 3715 3719 3716
f 3713 3716 3718
f 3717 3718 3722
f 3716 3720 3718
f 3716 3719 3720
f 3717 3722 3721
f 3721 3722 3738
f 3721 3738 3723
f 3718 3739 3722
f 3718 3720 3739
f 3720 3741 3739
f 3659 3724 3726
f 3724 3727 3726
f 3724 3725 3727
f 3719 3726 3732
f 3725 3730 3727
f 3726 3727 3732
f 3683 3728 3725
f 3725 3728 3730
f 3687 3729 3728
f 3728 3729 3731
f 3727 3730 3734
f 3728 3731 3730
f 3730 3731 3735
f 3719 3732 3733
f 3719 3733 3720
f 3727 3734 3732
f 3732 3736 3733
f 3730 3735 3734
f 3732 3734 3736
f 3734 3735 3737
f 3734 3737 3736
f 3720 3733 3741
f 3733 3736 3743
f 3736 3737 3744
f 3708 3723 3746
f 3723 3738 3746
f 3738 3748 3746
f 3722 3739 3740
f 3722 3740 3738
f 3738 3740 3748
f 3739 3742 3740
f 3739 3741 3742
f 3733 3743 3741
f 3741 3743 3745
f 3741 3745 3742
f 3740 3742 3754
f 3742 3745 3755
f 3736 3744 3743
f 3743 3744 5235
f 3743 5235 3745
f 3745 5235 5240
f 3708 3746 3747
f 3746 3749 3747
f 3709 3747 3750
f 3747 3752 3750
f 3746 3748 3749
f 3740 3754 3748
f 3748 3754 3756
f 3748 3756 3749
f 3747 3749 3752
f 3749 3758 3752
f 3749 3756 3758
f 3710 3750 3751
f 3750 3753 3751
f 3750 3752 3753
f 3751 3994 3992
f 3751 3753 3994
f 3752 3759 3753
f 3752 3758 3759
f 3753 4000 3994
f 3759 4000 3753
f 3742 3755 3754
f 3745 5240 3755
f 3754 3757 3756
f 3754 3755 3757
f 3756 3760 3758
f 3756 3757 3760
f 3755 5245 3757
f 3755 5240 5245
f 3757 5247 3760
f 3757 5245 5247
f 3758 3761 3759
f 3758 3760 3761
f 3759 4002 4000
f 3759 3761 4002
f 3760 5248 3761
f 3760 5247 5248
f 3761 5757 4002
f 3761 5248 5757
f 2456 3766 3762
f 2456 3765 3766
f 3762 3764 3763
f 3762 3766 3764
f 3765 3768 3766
f 3765 3767 3768
f 3766 3769 3764
f 3766 3768 3769
f 842 3763 3770
f 842 3770 3771
f 3763 3764 3770
f 842 3771 844
f 844 3786 866
f 844 3771 3786
f 3764 3772 3770
f 3764 3769 3772
f 3770 3773 3771
f 3770 3772 3773
f 3771 3773 3787
f 3772 3780 3773
f 3767 3775 3768
f 3767 3774 3775
f 3768 3778 3769
f 3768 3775 3778
f 3774 3776 3777
f 3774 3777 3775
f 3775 3777 3782
f 3775 3782 3778
f 3776 3970 3777
f 3777 3971 3782
f 3769 3778 3779
f 3769 3779 3772
f 3778 3781 3779
f 3772 3779 3780
f 3773 3780 3802
f 3779 3783 3780
f 3780 3783 3804
f 3778 3782 3781
f 3782 3972 3781
f 3779 3781 3783
f 3781 3784 3783
f 3781 3972 3784
f 866 3786 3785
f 867 3785 3789
f 3771 3787 3786
f 3786 3788 3785
f 3785 3793 3789
f 3785 3788 3793
f 3786 3787 3788
f 3773 3802 3787
f 3787 3803 3788
f 3787 3802 3803
f 868 3789 3790
f 877 3790 3792
f 3790 3797 3792
f 3789 3791 3790
f 3789 3793 3791
f 3790 3791 3797
f 3788 3794 3793
f 3791 3793 3795
f 3793 3794 3795
f 3788 3803 3794
f 3794 3807 3795
f 3791 3799 3797
f 3791 3795 3799
f 3795 3807 3801
f 3792 3798 3796
f 3796 3798 3815
f 3792 3797 3798
f 3797 3800 3798
f 3797 3799 3800
f 3799 3826 3800
f 3795 3801 3799
f 3799 3801 3826
f 3802 3806 3803
f 3780 3804 3802
f 3802 3804 3806
f 3783 3809 3804
f 3783 3784 3809
f 3794 3803 3805
f 3803 3806 3805
f 3794 3805 3807
f 3805 3806 3811
f 3805 3808 3807
f 3807 3808 3933
f 3805 3811 3808
f 3804 3810 3806
f 3804 3809 3810
f 3809 3989 3810
f 3806 3810 3811
f 3810 3812 3811
f 3808 3811 3931
f 3811 3812 3931
f 3810 3989 3812
f 3801 3807 3933
f 982 3835 1031
f 3820 3823 3845
f 3796 3815 3813
f 973 3813 3814
f 3813 3815 3814
f 973 3818 979
f 973 3814 3818
f 3798 3816 3815
f 3798 3800 3816
f 3814 3815 3817
f 3814 3817 3821
f 3815 3816 3817
f 3816 3828 3817
f 979 3818 3819
f 979 3819 980
f 3814 3821 3818
f 3818 3822 3819
f 980 3820 982
f 980 3819 3820
f 982 3820 3835
f 3819 3823 3820
f 3819 3822 3823
f 3818 3821 3822
f 3817 3829 3821
f 3821 3829 3824
f 3821 3824 3822
f 3822 3926 3823
f 3822 3824 3926
f 3824 3893 3926
f 3800 3825 3816
f 3800 3826 3825
f 3816 3825 3828
f 3801 3934 3826
f 3825 3826 3827
f 3825 3827 3832
f 3826 3934 3827
f 3817 3828 3829
f 3828 3831 3829
f 3825 3832 3828
f 3828 3832 3831
f 3824 3829 3830
f 3829 3831 3830
f 3824 3830 3893
f 3830 3831 3927
f 3827 3834 3832
f 3827 3937 3834
f 3831 3832 3833
f 3832 3834 3833
f 3831 3833 3927
f 3833 3834 3928
f 1031 3837 3836
f 1031 3835 3837
f 3836 3843 3842
f 3837 3843 3836
f 3820 3845 3835
f 3835 3845 3838
f 3837 3838 3844
f 3835 3838 3837
f 1035 3839 3878
f 3839 3881 3878
f 3839 3840 3881
f 3840 3880 3881
f 3840 3841 3880
f 3841 3844 3847
f 3839 3842 3840
f 3840 3842 3843
f 3837 3844 3843
f 3841 3843 3844
f 3840 3843 3841
f 3823 3846 3845
f 3823 3926 3846
f 3838 3845 3848
f 3845 3846 3848
f 3926 3894 3846
f 3926 3893 3894
f 3846 3850 3848
f 3846 3894 3850
f 3841 3847 3884
f 3847 3849 3888
f 3851 3889 3888
f 3838 3849 3844
f 3838 3848 3849
f 3848 3851 3849
f 3847 3844 3849
f 3848 3850 3851
f 3849 3851 3888
f 3850 3896 3851
f 3851 3896 3889
f 1090 3877 3852
f 3877 3879 3853
f 3877 3853 3852
f 3879 3882 3854
f 3853 3879 3854
f 3882 3883 3867
f 3854 3882 3867
f 3883 3868 3867
f 3883 3886 3868
f 1055 3864 3856
f 3856 3864 3855
f 3856 3855 5402
f 3855 3857 5402
f 3857 5406 5402
f 3857 3858 5406
f 3858 3859 5406
f 3859 3860 5406
f 3869 5433 3860
f 1050 3862 3861
f 1067 3861 3864
f 3862 3855 3864
f 3861 3862 3864
f 3862 3852 3863
f 3863 3853 3865
f 3862 3863 3857
f 1050 3852 3862
f 3863 3852 3853
f 3862 3857 3855
f 3863 3865 3858
f 3865 3854 3866
f 3866 3867 3869
f 3865 3853 3854
f 3866 3854 3867
f 3869 3867 3868
f 3863 3858 3857
f 3865 3859 3858
f 3865 3866 3859
f 3866 3869 3859
f 3859 3869 3860
f 3886 3887 3870
f 3872 5434 5433
f 3869 3868 3872
f 3868 3886 3870
f 3872 3868 3870
f 3887 3871 3870
f 3887 3891 3871
f 3869 3872 5433
f 3872 3870 3873
f 3872 3873 5434
f 3873 3870 3871
f 3873 3871 3874
f 3874 3871 3875
f 3871 3891 3875
f 3891 3892 3875
f 3874 3875 5446
f 3875 3876 5446
f 3892 3876 3875
f 3892 3904 3876
f 3876 3904 5448
f 1088 3878 3879
f 1088 3879 3877
f 3882 3878 3881
f 3879 3878 3882
f 3882 3881 3883
f 3883 3881 3880
f 3883 3880 3886
f 3841 3884 3880
f 3880 3884 3886
f 3847 3885 3884
f 3847 3888 3885
f 3886 3884 3887
f 3887 3884 3885
f 3887 3885 3891
f 3885 3888 3890
f 3888 3889 3890
f 3885 3890 3891
f 3890 3892 3891
f 3890 3906 3892
f 3889 3906 3890
f 3892 3906 3904
f 3893 3898 3894
f 3893 3895 3898
f 3895 3927 3901
f 3850 3894 3897
f 3894 3898 3897
f 3850 3897 3896
f 3897 3898 3899
f 3896 3897 3909
f 3897 3899 3909
f 3895 3900 3898
f 3895 3901 3900
f 3899 3900 3915
f 3898 3900 3899
f 3929 3903 3901
f 3900 3901 3902
f 3900 3902 3915
f 3901 3903 3902
f 3903 3930 3944
f 3904 3905 5448
f 3889 3896 3907
f 3896 3909 3907
f 3889 3907 3906
f 3906 3907 3911
f 3909 3908 3907
f 3907 3908 3911
f 3909 3910 3908
f 3908 3910 3913
f 3910 3916 3913
f 3899 3910 3909
f 3899 3915 3910
f 3910 3915 3916
f 3906 3911 3904
f 3904 3911 3905
f 3905 3911 3912
f 3908 3912 3911
f 3905 3912 5516
f 3912 3913 3914
f 3908 3913 3912
f 3913 3916 3920
f 3912 3914 5516
f 3914 3920 5537
f 3913 3920 3914
f 3902 3917 3915
f 3902 3918 3917
f 3916 3915 3917
f 3902 3903 3918
f 3903 3944 3918
f 3917 3918 3923
f 3918 3919 3923
f 3918 3944 3919
f 3916 3922 3920
f 3922 3921 3920
f 3920 3921 5537
f 3922 3924 3921
f 3916 3917 3922
f 3922 3917 3923
f 3922 3923 3924
f 3919 3925 3923
f 3924 3923 3925
f 3924 3925 5541
f 3830 3895 3893
f 3830 3927 3895
f 3833 3929 3927
f 3927 3929 3901
f 3833 3928 3929
f 3928 3930 3929
f 3929 3930 3903
f 3812 3932 3931
f 3812 4009 3932
f 3801 3933 3934
f 3827 3934 3937
f 3933 3935 3934
f 3934 3935 3937
f 3808 3936 3933
f 3808 3931 3936
f 3933 3936 3935
f 3935 3936 3939
f 3935 3940 3937
f 3834 3937 3938
f 3834 3938 3928
f 3937 3940 3938
f 3938 3940 3953
f 3935 3939 3940
f 3940 3954 3953
f 3939 3954 3940
f 3936 3931 3941
f 3936 3941 3939
f 3931 3932 3941
f 3939 3941 3942
f 3941 3943 3942
f 3939 3942 3954
f 3932 3943 3941
f 3932 4015 3943
f 3942 3943 3963
f 3943 4021 3963
f 3951 3945 3944
f 3951 3956 3945
f 3919 3944 3945
f 3945 3956 3947
f 3919 3946 3925
f 3919 3945 3946
f 3945 3947 3946
f 3925 3946 5624
f 3946 5625 5624
f 3946 3947 5625
f 3956 3948 3947
f 3947 5627 5625
f 3947 3948 5627
f 3948 3949 5627
f 3928 3938 3950
f 3928 3950 3930
f 3938 3953 3950
f 3930 3950 3951
f 3930 3951 3944
f 3950 3952 3951
f 3950 3953 3952
f 3953 3954 3955
f 3954 3961 3955
f 3952 3953 3955
f 3952 3955 3957
f 3955 3961 3958
f 3955 3958 3957
f 3951 3952 3956
f 3952 3957 3956
f 3956 3957 3948
f 3957 3959 3948
f 3957 3958 3959
f 3958 3965 3959
f 3948 3959 3949
f 3959 3965 3960
f 3949 3959 3960
f 3942 3961 3954
f 3942 3963 3961
f 3958 3961 3962
f 3961 3963 3962
f 3963 4021 3964
f 3962 3963 3964
f 3958 3962 3965
f 3962 3967 3965
f 3960 3965 3966
f 3965 3967 3966
f 3966 3967 3968
f 3966 3968 5668
f 3962 3964 3967
f 3967 4024 3968
f 3964 4024 3967
f 3968 4024 4025
f 3968 4025 5669
f 3776 3969 3970
f 3969 3974 3970
f 3969 3973 3974
f 3777 3970 3971
f 3970 3974 3978
f 3970 3978 3971
f 3782 3971 3972
f 3971 3976 3972
f 3973 3975 3974
f 3973 3982 3975
f 3974 3979 3978
f 3974 3975 3979
f 3971 3978 3976
f 3784 3972 3977
f 3972 3976 3977
f 3978 3980 3976
f 3978 3979 3980
f 3976 3980 3981
f 3976 3981 3977
f 3979 3986 3980
f 3980 3986 3987
f 3980 3987 3981
f 3975 3982 3984
f 3975 3985 3979
f 3982 3983 3984
f 3983 3993 3984
f 3975 3984 3985
f 3984 3997 3985
f 3984 3993 3997
f 3983 3992 3993
f 3979 3985 3986
f 3985 3996 3986
f 3784 3988 3809
f 3784 3977 3988
f 3809 3988 3989
f 3988 3977 3991
f 3988 3990 3989
f 3988 3991 3990
f 3812 3989 4009
f 3989 3990 4009
f 3991 4012 3990
f 3977 3981 3991
f 3981 4011 3991
f 3981 3987 4011
f 3992 3995 3993
f 3992 3994 3995
f 3993 3998 3997
f 3993 3995 3998
f 3994 4001 3995
f 3994 4000 4001
f 3995 4004 3998
f 3995 4001 4004
f 3985 3997 3996
f 3986 4030 3987
f 3986 3996 4030
f 3996 4032 4030
f 3997 3999 3996
f 3997 3998 3999
f 3998 4005 3999
f 3998 4004 4005
f 3996 3999 4032
f 3999 4038 4032
f 4000 4003 4001
f 4000 4002 4003
f 4001 4006 4004
f 4001 4003 4006
f 4002 5757 5758
f 4002 5758 4003
f 4003 5758 5763
f 4003 5763 4006
f 4004 4006 4008
f 4004 4008 4005
f 3999 4005 4038
f 4005 4007 4038
f 4006 5763 5765
f 4006 5765 4008
f 4008 5764 4007
f 4005 4008 4007
f 4008 5765 5764
f 3932 4009 4015
f 4009 4010 4015
f 3990 4012 4010
f 3990 4010 4009
f 4010 4016 4015
f 4010 4013 4016
f 4016 4013 4023
f 3991 4011 4012
f 3987 4029 4011
f 4011 4029 4014
f 4012 4011 4014
f 4012 4014 4013
f 4010 4012 4013
f 4014 4017 4013
f 4014 4029 4034
f 4014 4034 4017
f 3943 4015 4021
f 4015 4016 4021
f 4013 4017 4023
f 4023 4017 4028
f 4017 4018 4028
f 4017 4034 4018
f 4018 4034 4035
f 4018 4019 4028
f 4019 4020 5788
f 4018 4020 4019
f 4018 4035 4020
f 4020 4037 5790
f 3964 4021 4022
f 4016 4022 4021
f 3964 4022 4024
f 4016 4023 4022
f 4022 4023 4026
f 4023 4028 4026
f 4024 4026 4025
f 4022 4026 4024
f 4025 4026 4027
f 4025 4027 5794
f 4026 4028 4027
f 4027 4028 4019
f 4027 4019 5782
f 3987 4030 4029
f 4030 4031 4029
f 4030 4032 4031
f 4032 4033 4031
f 4029 4031 4034
f 4031 4033 4035
f 4038 4036 4033
f 4031 4035 4034
f 4033 4036 4037
f 4020 4035 4037
f 4035 4033 4037
f 4037 4036 5808
f 4032 4038 4033
f 4038 4007 4036
f 4007 5807 4036
f 2578 4039 4048
f 4048 4039 4044
f 4041 4048 4044
f 3154 4489 4040
f 4040 4489 4042
f 4489 4492 4042
f 2574 4040 4039
f 4040 4044 4039
f 4040 4042 4044
f 4042 4492 4043
f 4042 4043 4046
f 4041 4044 4046
f 4042 4046 4044
f 4041 4046 4045
f 4045 4046 4053
f 4046 4043 4053
f 2577 4048 4047
f 4041 4047 4048
f 4041 4050 4047
f 2584 4047 4049
f 4047 4050 4049
f 4041 4045 4050
f 4050 4051 4055
f 4050 4045 4051
f 4049 4050 4052
f 4050 4055 4052
f 4052 4058 4061
f 4045 4054 4051
f 4045 4053 4054
f 4054 4501 4056
f 4501 4057 4056
f 4051 4057 4055
f 4051 4056 4057
f 4051 4054 4056
f 4055 4507 4058
f 4055 4057 4507
f 4052 4055 4058
f 4058 4508 4061
f 2585 4049 4059
f 4049 4052 4059
f 2585 4059 2586
f 2586 4059 4060
f 2586 4060 3532
f 3532 4060 4927
f 4052 4061 4059
f 4059 4061 4060
f 4060 4061 4062
f 4060 4062 4927
f 4508 4062 4061
f 4991 4063 5038
f 4063 5070 5038
f 4187 4230 4232
f 4074 4091 4094
f 4172 4065 4066
f 1373 4074 2934
f 2934 4074 4077
f 1375 4068 2935
f 1381 4069 4068
f 1376 4067 4076
f 2938 4079 4067
f 4076 4067 4079
f 1373 4070 4074
f 1376 4073 4072
f 4070 4071 4092
f 4074 4094 4077
f 4070 4091 4074
f 4073 4076 4123
f 1381 1382 4069
f 1376 4076 4073
f 1382 4075 4084
f 1382 4084 4069
f 4075 4085 4084
f 4075 4113 4085
f 2934 4077 4078
f 2997 4078 4136
f 4077 4065 4078
f 4078 4065 4136
f 4079 4081 4083
f 2954 4068 4080
f 4068 4069 4080
f 4069 4082 4080
f 4069 4084 4082
f 2952 4081 4079
f 3001 4718 4717
f 3001 4145 4718
f 4082 4084 4146
f 4718 4145 4721
f 4077 4094 4066
f 4076 4079 4083
f 4076 4083 4123
f 4077 4066 4065
f 4085 4113 4086
f 4084 4085 4146
f 4085 4086 4152
f 4085 4152 4146
f 4721 4147 4722
f 4086 4087 4153
f 4070 4092 4091
f 4099 4091 4092
f 4100 4092 4093
f 4099 4092 4100
f 4100 4093 4108
f 4104 4094 4091
f 4096 4104 4091
f 4095 4172 4066
f 4095 4066 4094
f 4095 4094 4104
f 4179 4129 4128
f 4096 4099 4326
f 4095 4104 4178
f 4096 4330 4104
f 4096 4329 4330
f 4104 4330 4178
f 4096 4091 4099
f 4100 4108 4102
f 4102 4125 4103
f 4106 4098 4097
f 4103 4125 4107
f 4106 4097 4335
f 4101 4097 4117
f 4101 4133 4333
f 4101 4335 4097
f 4105 4128 4098
f 4105 4098 4106
f 4105 4179 4128
f 4105 4106 4354
f 1379 4093 4071
f 1379 4072 4093
f 4071 4093 4092
f 4072 4073 4108
f 4072 4108 4093
f 4073 4125 4108
f 4110 4115 4116
f 4110 4124 4115
f 4110 4116 4109
f 1383 4113 4075
f 1384 4114 4113
f 4116 4115 4120
f 4115 4111 4120
f 4112 4115 4124
f 4112 4130 4726
f 4726 4130 4728
f 4112 4111 4115
f 4112 4726 4111
f 4109 4117 4097
f 4109 4116 4118
f 4109 4118 4117
f 4117 4118 4119
f 4117 4119 4133
f 4116 4120 4121
f 4120 4740 4121
f 4116 4121 4118
f 4118 4121 4122
f 4118 4122 4119
f 4121 4742 4122
f 4073 4123 4125
f 4112 4124 4126
f 4110 4128 4124
f 4110 4109 4098
f 4123 4107 4125
f 4110 4098 4128
f 4129 4126 4124
f 4129 4202 4127
f 4129 4127 4126
f 4128 4129 4124
f 4083 4180 4123
f 4112 4126 4130
f 4126 4132 4130
f 4086 4113 4114
f 4086 4114 4087
f 4087 4114 4089
f 4130 4132 4756
f 4728 4130 4756
f 4089 4114 4131
f 4126 4127 4132
f 4127 4206 4132
f 4089 4131 4090
f 4132 4771 4756
f 4109 4097 4098
f 4102 4108 4125
f 4101 4117 4133
f 4133 4349 4333
f 4133 4134 4349
f 4119 4134 4133
f 4123 4180 4107
f 4119 4122 4135
f 4119 4135 4134
f 4135 4122 4788
f 4134 4135 4414
f 2981 4136 4141
f 4137 4136 4065
f 4137 4065 4172
f 4137 4141 4136
f 4137 4186 4141
f 2981 4141 4138
f 2984 4138 4140
f 4140 4141 4186
f 2984 4140 4139
f 4138 4141 4140
f 4189 4142 4143
f 4189 4143 4550
f 2999 4151 4081
f 2999 4158 4144
f 2999 4144 4151
f 3003 4080 4082
f 4082 4146 4148
f 3003 4082 4148
f 4146 4152 4149
f 4721 4145 4147
f 4146 4149 4148
f 3005 4147 4145
f 3005 4160 4147
f 4149 4152 4161
f 4147 4160 4150
f 4150 4160 4164
f 4150 4165 4156
f 4081 4151 4083
f 4144 4173 4151
f 4086 4153 4152
f 4722 4147 4150
f 4722 4156 4088
f 4722 4150 4156
f 4088 4156 4157
f 4087 4154 4153
f 4087 4155 4154
f 4089 4090 4157
f 4088 4157 4090
f 4087 4089 4155
f 4089 4157 4155
f 4152 4153 4161
f 4153 4154 4162
f 4153 4162 4161
f 4154 4155 4170
f 4163 4157 4156
f 4155 4157 4163
f 3016 4148 4149
f 3016 4149 4159
f 4144 4158 4142
f 3018 4143 4158
f 3232 4159 4167
f 4149 4161 4159
f 3021 4164 4160
f 4161 4162 4167
f 4163 4156 4165
f 4150 4164 4165
f 3021 4166 4164
f 4161 4167 4159
f 4166 4556 4164
f 4162 4168 4167
f 4162 4169 4168
f 4163 4559 4170
f 4169 4170 4558
f 4163 4165 4559
f 4165 4556 4559
f 4168 4169 4557
f 4169 4558 4557
f 4170 4559 4558
f 4164 4556 4165
f 4158 4143 4142
f 4144 4142 4173
f 4154 4169 4162
f 4154 4170 4169
f 4155 4163 4170
f 4137 4171 4186
f 4171 4172 4177
f 4095 4177 4172
f 4179 4181 4202
f 4137 4172 4171
f 4095 4178 4177
f 4177 4178 4353
f 4171 4177 4356
f 4177 4353 4356
f 4171 4356 4192
f 4179 4183 4181
f 4363 4180 4175
f 4105 4182 4179
f 4105 4354 4182
f 4179 4182 4183
f 4361 4107 4180
f 4183 4185 4181
f 4185 4176 4174
f 4185 4174 4181
f 4199 4175 4173
f 4184 4176 4185
f 4183 4357 4185
f 4184 4358 4196
f 4184 4185 4357
f 4199 4363 4175
f 4140 4186 4194
f 4171 4192 4186
f 4139 4140 4194
f 4139 4194 4187
f 4197 4173 4142
f 4189 4197 4142
f 4198 4191 4190
f 4186 4192 4194
f 4192 4230 4194
f 4187 4194 4230
f 4187 4232 4571
f 4064 4571 4232
f 4198 4193 4200
f 4184 4196 4188
f 4197 4199 4173
f 4184 4188 4176
f 4196 4198 4190
f 4196 4190 4188
f 4196 4380 4198
f 4196 4358 4380
f 4198 4380 4193
f 4189 4574 4386
f 4200 4195 4580
f 4198 4200 4191
f 4200 4576 4191
f 4193 4195 4200
f 4189 4386 4197
f 4195 4201 4580
f 4083 4151 4175
f 4127 4202 4205
f 4202 4203 4205
f 4083 4175 4180
f 4179 4202 4129
f 4202 4181 4203
f 4151 4173 4175
f 4203 4207 4205
f 4203 4204 4207
f 4174 4204 4203
f 4174 4203 4181
f 4174 4176 4204
f 4127 4205 4206
f 4132 4206 4771
f 4205 4207 4208
f 4205 4208 4206
f 4206 4208 4773
f 4206 4773 4771
f 4204 4211 4207
f 4176 4209 4204
f 4176 4188 4209
f 4188 4190 4209
f 4204 4209 4211
f 4209 4210 4211
f 4209 4190 4210
f 4190 4191 4210
f 4191 4589 4210
f 4210 4212 4211
f 4210 4589 4212
f 4207 4213 4208
f 4207 4211 4213
f 4208 4780 4773
f 4208 4213 4780
f 4211 4212 4213
f 4212 4593 4213
f 4213 4593 4780
f 4214 4341 4219
f 4214 4216 4215
f 4214 4217 4216
f 4216 4217 4245
f 4341 4220 4219
f 4214 4219 4217
f 4217 4218 4245
f 4217 4222 4218
f 4217 4219 4222
f 4219 4223 4222
f 4219 4220 4223
f 4220 4221 4223
f 4224 4221 4352
f 4218 4222 4261
f 4222 4223 4260
f 4218 4261 4253
f 4223 4221 4224
f 4226 4353 4225
f 4192 4356 4231
f 4228 4356 4353
f 4228 4231 4356
f 4215 4227 4225
f 4226 4225 4227
f 4226 4227 4243
f 4215 4216 4227
f 4226 4228 4353
f 4228 4229 4231
f 4226 4243 4246
f 4228 4246 4229
f 4226 4246 4228
f 4192 4231 4230
f 4230 4231 4235
f 4230 4235 4232
f 4064 4232 4237
f 4064 4233 4687
f 4232 4235 4237
f 4064 4237 4233
f 4233 4234 4687
f 4235 4296 4237
f 4229 4235 4231
f 4229 4296 4235
f 4236 4237 4296
f 4236 4296 4297
f 4393 4298 4394
f 4394 4299 4401
f 4233 4237 4236
f 4233 4236 4238
f 4233 4238 4234
f 4234 4238 4240
f 4234 4240 4239
f 4236 4240 4238
f 4236 4297 4240
f 4240 4297 4242
f 4401 4299 4241
f 4401 4241 4309
f 4239 4240 4242
f 4239 4242 4312
f 4239 4312 4686
f 4402 4686 4313
f 4402 4313 4310
f 4313 4686 4312
f 4402 4310 4404
f 4216 4244 4227
f 4216 4245 4244
f 4227 4244 4243
f 4244 4245 4254
f 4243 4244 4249
f 4244 4254 4249
f 4243 4248 4246
f 4229 4246 4247
f 4246 4248 4247
f 4251 4456 4437
f 4243 4249 4248
f 4248 4249 4276
f 4247 4248 4301
f 4248 4276 4301
f 4280 4440 4250
f 4278 4437 4440
f 4251 4305 4456
f 4251 4283 4305
f 4251 4437 4278
f 4245 4252 4254
f 4218 4253 4252
f 4218 4252 4245
f 4252 4253 4259
f 4253 4261 4259
f 4222 4260 4261
f 4249 4254 4275
f 4252 4262 4254
f 4254 4262 4275
f 4224 4352 4255
f 4352 4257 4255
f 4223 4224 4260
f 4224 4255 4267
f 4434 4258 4256
f 4288 4257 4281
f 4255 4257 4268
f 4289 4256 4269
f 4289 4279 4256
f 4442 4270 4258
f 4256 4258 4269
f 4252 4259 4262
f 4259 4261 4264
f 4260 4264 4261
f 4260 4267 4264
f 4259 4263 4262
f 4259 4264 4263
f 4263 4264 4265
f 4263 4265 4285
f 4264 4267 4265
f 4265 4268 4285
f 4224 4267 4260
f 4255 4266 4267
f 4255 4268 4266
f 4265 4267 4266
f 4265 4266 4268
f 4268 4257 4288
f 4272 4273 4289
f 4272 4289 4269
f 4442 4274 4270
f 4272 4258 4270
f 4272 4269 4258
f 4271 4896 4273
f 4271 4273 4272
f 4274 4897 4898
f 4271 4270 4898
f 4270 4274 4898
f 4271 4272 4270
f 4249 4275 4276
f 4276 4317 4301
f 4276 4277 4317
f 4275 4277 4276
f 4278 4440 4280
f 4280 4250 4279
f 4293 4281 4282
f 4278 4280 4292
f 4280 4279 4289
f 4283 4319 4305
f 4251 4278 4290
f 4320 4282 4459
f 4286 4293 4320
f 4293 4282 4320
f 4283 4294 4319
f 4251 4290 4283
f 4262 4263 4284
f 4262 4284 4275
f 4275 4284 4277
f 4263 4285 4284
f 4284 4285 4287
f 4285 4288 4287
f 4277 4284 4287
f 4277 4287 4286
f 4286 4287 4293
f 4287 4288 4293
f 4288 4281 4293
f 4278 4292 4290
f 4273 4292 4280
f 4273 4280 4289
f 4268 4288 4285
f 4290 4900 4291
f 4290 4292 4900
f 4292 4896 4900
f 4273 4896 4292
f 4294 4295 4325
f 4283 4291 4294
f 4283 4290 4291
f 4291 4295 4294
f 4291 4902 4295
f 4455 4295 4902
f 4229 4247 4296
f 4247 4302 4296
f 4296 4302 4297
f 4297 4302 4308
f 4393 4456 4305
f 4393 4305 4298
f 4241 4299 4300
f 4394 4298 4299
f 4299 4306 4300
f 4298 4306 4299
f 4247 4301 4302
f 4301 4317 4303
f 4301 4303 4302
f 4302 4303 4308
f 4303 4304 4308
f 4303 4318 4304
f 4298 4305 4319
f 4298 4319 4306
f 4322 4459 4460
f 4307 4460 4463
f 4307 4304 4322
f 4307 4322 4460
f 4315 4323 4316
f 4300 4323 4315
f 4300 4306 4323
f 4242 4297 4308
f 4242 4314 4312
f 4403 4309 4311
f 4241 4300 4309
f 4242 4308 4314
f 4310 4312 4314
f 4404 4310 4307
f 4300 4315 4309
f 4404 4307 4463
f 4315 4311 4309
f 4310 4313 4312
f 4304 4314 4308
f 4307 4314 4304
f 4307 4310 4314
f 4315 4471 4311
f 4315 4316 4471
f 4303 4317 4318
f 4277 4286 4317
f 4286 4318 4317
f 4318 4320 4322
f 4320 4459 4322
f 4306 4321 4323
f 4306 4319 4321
f 4286 4320 4318
f 4321 4325 4324
f 4294 4321 4319
f 4304 4318 4322
f 4323 4324 4316
f 4321 4324 4323
f 4324 4325 4475
f 4294 4325 4321
f 4295 4477 4325
f 4096 4326 4329
f 4099 4327 4326
f 4106 4332 4331
f 4326 4341 4329
f 4330 4215 4225
f 4329 4215 4330
f 4332 4335 4340
f 4099 4100 4327
f 4100 4102 4327
f 4101 4334 4335
f 4102 4103 4328
f 4102 4328 4327
f 4101 4333 4334
f 4334 4333 4338
f 4106 4335 4332
f 4103 4339 4337
f 4106 4331 4354
f 4103 4107 4339
f 4333 4349 4336
f 4338 4333 4336
f 4336 4349 4362
f 4334 4340 4335
f 4103 4337 4328
f 4334 4338 4346
f 4338 4336 4348
f 4376 4336 4362
f 4348 4336 4376
f 4326 4327 4342
f 4327 4328 4342
f 4329 4214 4215
f 4329 4341 4214
f 4326 4342 4341
f 4328 4337 4343
f 4334 4346 4340
f 4332 4344 4331
f 4337 4339 4368
f 4332 4340 4350
f 4331 4344 4365
f 4328 4343 4342
f 4337 4347 4343
f 4337 4368 4347
f 4332 4350 4344
f 4340 4351 4350
f 4340 4346 4351
f 4345 4427 4346
f 4338 4348 4345
f 4338 4345 4346
f 4348 4376 4345
f 4134 4413 4349
f 4349 4413 4362
f 4134 4414 4413
f 4135 4788 4793
f 4135 4417 4414
f 4135 4793 4417
f 4341 4342 4220
f 4342 4343 4220
f 4343 4347 4221
f 4343 4221 4220
f 4347 4352 4221
f 4344 4350 4431
f 4346 4427 4351
f 4350 4351 4443
f 4350 4443 4431
f 4178 4225 4353
f 4178 4330 4225
f 4182 4354 4355
f 4182 4355 4359
f 4331 4366 4354
f 4355 4354 4366
f 4183 4359 4357
f 4358 4371 4380
f 4357 4370 4358
f 4359 4370 4357
f 4360 4380 4371
f 4358 4370 4371
f 4339 4107 4361
f 4182 4359 4183
f 4361 4180 4363
f 4376 4362 4378
f 4378 4362 4364
f 4184 4357 4358
f 4199 4392 4363
f 4361 4363 4372
f 4363 4392 4372
f 4378 4364 4421
f 4378 4421 4409
f 4355 4367 4373
f 4355 4366 4367
f 4331 4365 4366
f 4339 4369 4368
f 4355 4373 4359
f 4366 4365 4426
f 4365 4425 4426
f 4344 4429 4365
f 4366 4426 4367
f 4367 4436 4373
f 4345 4377 4427
f 4370 4435 4371
f 4360 4371 4375
f 4360 4375 4374
f 4359 4373 4370
f 4361 4372 4369
f 4371 4435 4375
f 4370 4373 4435
f 4373 4436 4435
f 4374 4437 4390
f 4390 4437 4456
f 4374 4375 4440
f 4369 4372 4438
f 4372 4392 4457
f 4339 4361 4369
f 4376 4378 4377
f 4345 4376 4377
f 4377 4378 4379
f 4377 4379 4428
f 4379 4409 4410
f 4378 4409 4379
f 4379 4410 4439
f 4410 4472 4439
f 4193 4380 4360
f 4193 4360 4382
f 4193 4382 4195
f 4195 4382 4381
f 4360 4374 4382
f 4381 4382 4390
f 4381 4391 4384
f 4384 4391 4397
f 4381 4390 4391
f 4201 4381 4384
f 4195 4381 4201
f 4384 4385 4582
f 4201 4384 4582
f 4384 4397 4385
f 4385 4397 4396
f 4385 4396 4399
f 4383 4386 4398
f 4385 4399 4691
f 4386 4578 4398
f 4398 4578 4400
f 4197 4383 4199
f 4199 4383 4392
f 4409 4421 4422
f 4409 4422 4387
f 4197 4386 4383
f 4387 4422 4389
f 4408 4387 4389
f 4388 4408 4389
f 4374 4390 4382
f 4390 4456 4391
f 4393 4394 4397
f 4391 4393 4397
f 4383 4395 4392
f 4391 4456 4393
f 4395 4457 4392
f 4394 4396 4397
f 4394 4401 4396
f 4396 4401 4403
f 4400 4690 4404
f 4402 4404 4690
f 4396 4403 4399
f 4399 4405 4699
f 4383 4398 4395
f 4398 4400 4463
f 4401 4309 4403
f 4395 4398 4463
f 4399 4403 4405
f 4405 4701 4699
f 4403 4311 4405
f 4400 4404 4463
f 4405 4464 4701
f 4464 4467 4701
f 4412 4406 4458
f 4406 4702 4407
f 4407 4701 4467
f 4406 4407 4466
f 4409 4387 4410
f 4408 4410 4387
f 4408 4472 4410
f 4408 4411 4472
f 4388 4411 4408
f 4388 4412 4411
f 4388 4698 4412
f 4411 4412 4458
f 4412 4702 4406
f 4413 4364 4362
f 4413 4415 4364
f 4413 4414 4415
f 4415 4414 4416
f 4415 4419 4364
f 4415 4416 4420
f 4364 4419 4421
f 4414 4417 4416
f 4793 4809 4417
f 4417 4418 4416
f 4417 4809 4418
f 4418 4809 4812
f 4419 4423 4421
f 4415 4420 4419
f 4421 4423 4422
f 4422 4703 4389
f 4422 4423 4703
f 4419 4704 4423
f 4419 4420 4704
f 4416 4418 4424
f 4416 4424 4420
f 4418 4812 4424
f 4420 4424 4707
f 4424 4812 4874
f 4365 4429 4425
f 4347 4368 4430
f 4425 4434 4426
f 4347 4430 4352
f 4344 4431 4429
f 4367 4432 4436
f 4367 4426 4432
f 4368 4433 4430
f 4377 4428 4427
f 4368 4369 4433
f 4352 4430 4257
f 4425 4444 4442
f 4425 4442 4434
f 4425 4429 4444
f 4351 4445 4443
f 4432 4279 4436
f 4426 4434 4432
f 4432 4256 4279
f 4432 4434 4256
f 4430 4433 4281
f 4427 4428 4445
f 4351 4427 4445
f 4428 4446 4445
f 4375 4435 4250
f 4375 4250 4440
f 4435 4436 4250
f 4369 4438 4433
f 4374 4440 4437
f 4372 4457 4438
f 4441 4439 4472
f 4436 4279 4250
f 4433 4438 4282
f 4438 4457 4459
f 4438 4459 4282
f 4428 4439 4446
f 4441 4446 4439
f 4441 4472 4461
f 4441 4461 4451
f 4379 4439 4428
f 4429 4447 4444
f 4429 4431 4447
f 4431 4443 4448
f 4442 4444 4274
f 4431 4448 4447
f 4443 4449 4448
f 4443 4445 4449
f 4430 4281 4257
f 4434 4442 4258
f 4445 4446 4449
f 4446 4452 4449
f 4444 4450 4274
f 4444 4447 4450
f 4447 4448 4904
f 4449 4452 4905
f 4447 4904 4450
f 4450 4897 4274
f 4448 4449 4905
f 4448 4905 4904
f 4433 4282 4281
f 4451 4476 4454
f 4441 4452 4446
f 4441 4451 4452
f 4451 4453 4452
f 4453 4905 4452
f 4454 4473 4455
f 4451 4454 4453
f 4453 4454 4907
f 4454 4455 4907
f 4395 4463 4460
f 4395 4460 4457
f 4411 4461 4472
f 4406 4462 4458
f 4411 4458 4461
f 4457 4460 4459
f 4462 4466 4474
f 4461 4458 4476
f 4462 4476 4458
f 4405 4311 4464
f 4464 4465 4467
f 4311 4471 4464
f 4464 4471 4465
f 4465 4470 4467
f 4466 4467 4470
f 4406 4466 4462
f 4407 4467 4466
f 4468 4471 4316
f 4465 4468 4469
f 4465 4469 4470
f 4468 4316 4469
f 4466 4470 4474
f 4465 4471 4468
f 4462 4473 4476
f 4473 4474 4477
f 4454 4476 4473
f 4469 4324 4475
f 4470 4475 4474
f 4462 4474 4473
f 4474 4475 4477
f 4451 4461 4476
f 4475 4325 4477
f 4455 4473 4477
f 4455 4477 4295
f 4316 4324 4469
f 4469 4475 4470
f 4479 4496 4491
f 4478 4496 4484
f 3139 4479 4491
f 3139 3140 4479
f 4479 4480 4481
f 3140 4480 4479
f 3140 3164 4480
f 4479 4481 4496
f 4481 4484 4496
f 4480 4482 4481
f 4481 4482 4486
f 4478 4485 4483
f 4478 4484 4485
f 4483 4485 4487
f 4481 4486 4484
f 4484 4520 4485
f 4484 4486 4520
f 4485 4488 4487
f 4485 4520 4488
f 4487 4488 4531
f 3155 4490 4489
f 4489 4490 4492
f 4492 4490 4493
f 3135 4491 4490
f 4490 4491 4493
f 4491 4496 4493
f 4492 4494 4043
f 4492 4495 4494
f 4492 4493 4495
f 4043 4494 4497
f 4494 4498 4497
f 4494 4502 4498
f 4494 4495 4502
f 4478 4493 4496
f 4478 4495 4493
f 4512 4525 4929
f 4043 4497 4053
f 4497 4499 4053
f 4497 4500 4499
f 4498 4500 4497
f 4498 4502 4500
f 4053 4499 4054
f 4054 4499 4501
f 4501 4505 4057
f 4501 4499 4504
f 4483 4502 4495
f 4478 4483 4495
f 4499 4500 4504
f 4500 4503 4504
f 4502 4503 4500
f 4483 4503 4502
f 4501 4504 4505
f 4505 4504 4511
f 4503 4511 4504
f 4507 4505 4506
f 4505 4511 4506
f 4507 4510 4058
f 4057 4505 4507
f 4058 4510 4508
f 4508 4509 4062
f 4509 4514 4930
f 4514 4931 4930
f 4508 4510 4513
f 4507 4506 4510
f 4508 4513 4509
f 4483 4487 4503
f 4487 4511 4503
f 4506 4511 4531
f 4506 4531 4532
f 4487 4531 4511
f 4506 4532 4510
f 4510 4532 4513
f 4514 4528 4931
f 4512 4931 4528
f 4509 4533 4514
f 4509 4513 4533
f 4514 4533 4545
f 3164 4515 4480
f 4480 4515 4482
f 3165 4517 4515
f 4482 4515 4516
f 4516 4517 4522
f 4515 4517 4516
f 3167 4518 4517
f 3302 4615 4518
f 4517 4518 4522
f 4518 4523 4522
f 4518 4615 4523
f 4482 4516 4519
f 4482 4519 4486
f 4516 4522 4524
f 4516 4524 4519
f 4486 4521 4520
f 4486 4519 4521
f 4520 4521 4535
f 4520 4535 4488
f 4519 4536 4521
f 4522 4523 4537
f 4522 4537 4524
f 4519 4524 4536
f 3172 4929 4525
f 3174 4525 4526
f 4512 4527 4525
f 4525 4527 4526
f 3173 4526 4621
f 4526 4527 4530
f 4526 4530 4621
f 4512 4529 4527
f 4512 4528 4529
f 4514 4545 4528
f 4530 4623 4621
f 4527 4529 4548
f 4527 4548 4530
f 4530 4548 4651
f 4531 4534 4532
f 4513 4532 4544
f 4513 4544 4533
f 4488 4534 4531
f 4488 4535 4534
f 4521 4540 4535
f 4534 4541 4544
f 4534 4535 4541
f 4535 4540 4541
f 4541 4546 4544
f 4524 4538 4536
f 4524 4537 4538
f 4536 4538 4539
f 4521 4536 4540
f 4536 4539 4540
f 4540 4542 4541
f 4541 4542 4546
f 4542 4543 4546
f 4539 4542 4540
f 4542 4643 4543
f 4539 4643 4542
f 4532 4534 4544
f 4533 4544 4546
f 4533 4546 4545
f 4528 4545 4547
f 4528 4547 4529
f 4543 4547 4545
f 4529 4547 4652
f 4529 4652 4548
f 4543 4545 4546
f 4543 4636 4547
f 4547 4636 4652
f 2984 4139 3216
f 3216 4551 3218
f 3216 4139 4551
f 3218 4551 4552
f 3217 3218 4552
f 3217 4554 3219
f 3217 4552 4553
f 3217 4553 4554
f 3219 4575 4549
f 4139 4187 4551
f 4551 4571 4552
f 4552 4572 4553
f 4574 4550 4549
f 4574 4549 4575
f 3219 4554 4575
f 3225 4550 4143
f 3232 4167 4555
f 3235 4555 4565
f 4167 4168 4555
f 4166 4560 4556
f 3239 4560 4166
f 4168 4561 4555
f 4557 4562 4561
f 4556 4564 4559
f 4168 4557 4561
f 4557 4558 4563
f 4558 4559 4564
f 4558 4564 4563
f 4556 4560 4564
f 4555 4561 4565
f 4561 4566 4565
f 4563 4564 4568
f 4560 4568 4564
f 4561 4562 4566
f 4562 4563 4569
f 4557 4563 4562
f 3254 4565 4566
f 4563 4568 4569
f 4562 4567 4566
f 4562 4569 4567
f 3255 4566 4567
f 3255 4567 4570
f 3264 4567 4569
f 3264 4570 4567
f 4187 4571 4551
f 4552 4571 4572
f 4554 4577 4579
f 4553 4572 4573
f 4553 4573 4577
f 4554 4579 4575
f 4189 4550 4574
f 4574 4575 4578
f 4553 4577 4554
f 4064 4572 4571
f 4572 4687 4573
f 4575 4579 4578
f 4064 4687 4572
f 4573 4687 4688
f 4573 4688 4689
f 4573 4689 4577
f 4577 4690 4579
f 4201 4581 4580
f 4200 4580 4576
f 4580 4581 4584
f 4580 4584 4576
f 4581 4583 4584
f 4201 4582 4581
f 4386 4574 4578
f 4581 4582 4693
f 4581 4693 4583
f 4583 4694 4586
f 4583 4585 4584
f 4583 4586 4585
f 4586 4588 4585
f 4586 4587 4588
f 4191 4591 4589
f 4191 4576 4591
f 4212 4589 4592
f 4589 4594 4592
f 4576 4584 4590
f 4576 4590 4591
f 4589 4591 4594
f 4591 4590 4599
f 4591 4599 4594
f 4212 4592 4593
f 4592 4595 4593
f 4780 4593 4820
f 4593 4595 4820
f 4592 4602 4595
f 4592 4594 4602
f 4820 4595 4822
f 4595 4603 4822
f 4590 4584 4585
f 4590 4585 4606
f 4585 4588 4606
f 4588 4607 4606
f 4587 4596 4597
f 4587 4597 4588
f 4588 4597 4607
f 4596 4598 4597
f 4596 4705 4598
f 4598 4705 4706
f 4598 4706 4610
f 4590 4606 4599
f 4599 4606 4600
f 4600 4609 4604
f 4594 4599 4601
f 4594 4601 4602
f 4599 4600 4601
f 4595 4602 4603
f 4601 4605 4602
f 4602 4605 4603
f 4600 4604 4601
f 4601 4604 4605
f 4604 4662 4605
f 4605 4662 4846
f 4597 4608 4607
f 4600 4606 4607
f 4600 4607 4609
f 4607 4608 4609
f 4608 4612 4609
f 4597 4598 4608
f 4598 4610 4611
f 4598 4611 4608
f 4610 4706 4708
f 4610 4708 4613
f 4604 4609 4612
f 4608 4611 4612
f 4604 4612 4662
f 4611 4614 4671
f 4611 4671 4612
f 4612 4671 4662
f 4610 4614 4611
f 4610 4613 4614
f 4613 4673 4614
f 4613 4710 4673
f 3302 3303 4615
f 3303 4616 4615
f 3303 3304 4616
f 4615 4616 4618
f 3304 4617 4616
f 4617 4628 4620
f 4523 4618 4634
f 4523 4634 4537
f 4618 4619 4637
f 4523 4615 4618
f 4616 4619 4618
f 4616 4617 4619
f 4617 4620 4619
f 4620 4628 4626
f 4619 4620 4638
f 4620 4626 4638
f 3307 4621 4622
f 4621 4623 4622
f 3308 4628 4617
f 4622 4624 4932
f 4622 4623 4624
f 4530 4651 4623
f 4623 4656 4624
f 4623 4651 4656
f 4624 4625 4932
f 4624 4656 4625
f 4625 4656 4657
f 4625 4657 4936
f 4631 4661 4660
f 4626 4631 4660
f 4631 4632 4661
f 4632 4663 4661
f 3402 4627 4628
f 4626 4628 4627
f 4630 4632 4631
f 4627 4630 4631
f 3407 4632 4630
f 3407 4629 4632
f 3508 4629 3407
f 3508 4839 4629
f 4626 4627 4631
f 4657 4678 4936
f 4632 4629 4663
f 4629 4839 4633
f 4839 4841 4633
f 4629 4633 4663
f 4633 4841 4664
f 4537 4635 4538
f 4537 4634 4635
f 4618 4637 4634
f 4634 4637 4639
f 4538 4635 4641
f 4538 4641 4539
f 4539 4641 4643
f 4634 4639 4635
f 4635 4642 4641
f 4635 4639 4642
f 4543 4643 4636
f 4636 4645 4652
f 4619 4638 4637
f 4637 4638 4640
f 4638 4660 4640
f 4637 4640 4639
f 4639 4640 4646
f 4640 4660 4658
f 4640 4658 4667
f 4638 4626 4660
f 4641 4642 4644
f 4636 4643 4644
f 4641 4644 4643
f 4636 4644 4645
f 4645 4648 4653
f 4639 4646 4642
f 4642 4646 4647
f 4640 4667 4646
f 4644 4647 4645
f 4642 4647 4644
f 4645 4647 4648
f 4647 4649 4648
f 4646 4649 4647
f 4646 4667 4649
f 4648 4649 4650
f 4548 4652 4653
f 4548 4653 4651
f 4651 4654 4656
f 4645 4653 4652
f 4651 4653 4654
f 4654 4657 4656
f 4648 4654 4653
f 4654 4650 4655
f 4654 4655 4657
f 4655 4678 4657
f 4648 4650 4654
f 4658 4659 4669
f 4658 4660 4661
f 4659 4661 4663
f 4659 4663 4665
f 4658 4661 4659
f 4659 4665 4674
f 4633 4665 4663
f 4633 4664 4665
f 4665 4664 4676
f 4665 4676 4674
f 4664 4855 4666
f 4676 4664 4666
f 4658 4669 4667
f 4667 4668 4649
f 4667 4669 4668
f 4649 4668 4650
f 4650 4668 4681
f 4659 4674 4669
f 4669 4674 4670
f 4669 4670 4668
f 4668 4670 4681
f 4662 4671 4850
f 4614 4672 4671
f 4671 4672 4850
f 4614 4673 4672
f 4674 4676 4675
f 4674 4675 4670
f 4676 4666 4684
f 4676 4684 4675
f 4677 4941 4678
f 4679 4942 4941
f 4655 4677 4678
f 4677 4679 4941
f 4679 4680 4942
f 4841 4855 4664
f 4650 4681 4655
f 4677 4681 4682
f 4655 4681 4677
f 4670 4682 4681
f 4677 4682 4679
f 4679 4682 4683
f 4670 4675 4682
f 4675 4683 4682
f 4675 4684 4683
f 4683 4684 4685
f 4684 4862 4685
f 4679 4683 4680
f 4680 4683 4685
f 4680 4685 4943
f 4862 4866 4685
f 4685 4866 4943
f 4234 4239 4688
f 4239 4686 4688
f 4234 4688 4687
f 4577 4689 4690
f 4400 4578 4579
f 4582 4691 4693
f 4400 4579 4690
f 4385 4691 4582
f 4692 4694 4693
f 4688 4686 4689
f 4402 4690 4689
f 4691 4692 4693
f 4691 4699 4692
f 4692 4700 4697
f 4692 4697 4694
f 4583 4693 4694
f 4586 4694 4695
f 4694 4697 4695
f 4389 4703 4696
f 4695 4696 4587
f 4695 4698 4696
f 4697 4702 4698
f 4695 4697 4698
f 4388 4696 4698
f 4388 4389 4696
f 4586 4695 4587
f 4402 4689 4686
f 4399 4699 4691
f 4692 4699 4700
f 4699 4701 4700
f 4407 4702 4700
f 4407 4700 4701
f 4697 4700 4702
f 4412 4698 4702
f 4423 4705 4703
f 4596 4696 4703
f 4596 4703 4705
f 4423 4704 4705
f 4705 4704 4706
f 4587 4696 4596
f 4420 4707 4704
f 4704 4707 4706
f 4424 4874 4707
f 4706 4707 4708
f 4707 4875 4708
f 4707 4874 4875
f 4708 4875 4709
f 4613 4708 4709
f 4613 4709 4710
f 1425 4711 4712
f 3445 4712 4711
f 3445 4717 4712
f 4712 4717 4715
f 698 4713 3446
f 1425 4714 1428
f 1425 4712 4714
f 1428 4714 4734
f 4714 4716 4734
f 4712 4715 4714
f 4715 4719 4716
f 4715 4716 4714
f 4716 4719 4725
f 4719 4720 4725
f 1431 4738 4713
f 1431 4735 4738
f 4713 4738 4723
f 4715 4717 4718
f 3446 4713 4769
f 4713 4723 4769
f 4715 4718 4719
f 4718 4721 4719
f 4719 4721 4720
f 4720 4088 4754
f 4720 4721 4722
f 4720 4722 4088
f 4088 4090 4754
f 4723 4758 4770
f 1384 4724 4114
f 4111 4741 4120
f 4111 4726 4741
f 4726 4730 4741
f 4716 4725 4736
f 4725 4754 4731
f 4724 4727 4114
f 4726 4728 4730
f 4114 4727 4131
f 4727 4729 4131
f 4729 4755 4131
f 4736 4725 4731
f 4729 4744 4731
f 4729 4731 4755
f 4728 4732 4730
f 1428 4734 4733
f 1433 4733 4735
f 4716 4736 4734
f 4734 4736 4737
f 4734 4737 4733
f 4736 4744 4737
f 4733 4746 4735
f 4735 4746 4738
f 4733 4737 4746
f 4723 4738 4739
f 4736 4731 4744
f 4738 4746 4739
f 4120 4741 4740
f 4724 4743 4727
f 4730 4748 4741
f 4727 4743 4745
f 4741 4748 4740
f 4121 4740 4742
f 4742 4740 4749
f 4740 4748 4749
f 4742 4749 4791
f 4727 4745 4729
f 4730 4732 4752
f 4742 4788 4122
f 4744 4747 4737
f 4730 4752 4748
f 4745 4750 4747
f 4744 4745 4747
f 4737 4747 4746
f 4747 4751 4746
f 1439 4745 4743
f 1439 4750 4745
f 4748 4752 4789
f 4748 4789 4749
f 1447 4751 4750
f 4747 4750 4751
f 4729 4745 4744
f 4732 4759 4752
f 4752 4759 4753
f 4752 4753 4789
f 4753 4760 4764
f 4720 4754 4725
f 4731 4754 4755
f 4090 4131 4755
f 4090 4755 4754
f 4728 4756 4757
f 4728 4757 4732
f 4732 4757 4761
f 4756 4772 4757
f 4723 4739 4758
f 4758 4766 4770
f 4732 4761 4759
f 4759 4761 4760
f 4759 4760 4753
f 4764 4760 4768
f 4761 4775 4760
f 4760 4775 4768
f 4766 4768 4774
f 4768 4775 4776
f 4746 4751 4762
f 4751 4797 4762
f 4739 4746 4762
f 4739 4762 4767
f 4762 4763 4767
f 4762 4797 4763
f 4763 4765 4767
f 4764 4768 4803
f 4765 4803 4768
f 4739 4767 4758
f 4758 4767 4766
f 4765 4766 4767
f 4765 4768 4766
f 3446 4769 3448
f 4723 4770 4769
f 4769 4770 4818
f 3448 4769 4818
f 4756 4771 4772
f 4757 4772 4777
f 4757 4777 4761
f 4771 4779 4772
f 4771 4773 4779
f 4772 4785 4777
f 4772 4779 4785
f 4766 4774 4770
f 4774 4776 4784
f 4761 4777 4775
f 4768 4776 4774
f 4775 4778 4776
f 4777 4778 4775
f 4777 4786 4778
f 4776 4778 4783
f 4773 4780 4781
f 4773 4781 4779
f 4779 4782 4785
f 4780 4821 4781
f 4779 4781 4782
f 4770 4774 4818
f 4774 4784 4818
f 4776 4783 4784
f 4784 4824 4818
f 4787 4826 4783
f 4783 4824 4784
f 4777 4785 4786
f 4786 4783 4778
f 4782 4786 4785
f 4782 4787 4786
f 4786 4787 4783
f 4742 4791 4788
f 4788 4791 4795
f 4749 4790 4791
f 4749 4789 4790
f 4753 4798 4789
f 4789 4798 4790
f 4791 4792 4795
f 4791 4790 4792
f 4788 4795 4793
f 4793 4795 4794
f 4795 4796 4794
f 4795 4792 4796
f 4794 4796 4811
f 4796 4807 4811
f 1447 1448 4797
f 1447 4797 4751
f 1448 4800 4799
f 1448 4799 4797
f 4763 4797 4799
f 4764 4801 4798
f 4799 4800 4803
f 4801 4804 4802
f 4800 4804 4801
f 4798 4802 4790
f 4798 4801 4802
f 4800 4801 4803
f 4790 4802 4792
f 4753 4764 4798
f 4763 4799 4765
f 4765 4799 4803
f 4764 4803 4801
f 4792 4802 4805
f 4802 4804 4805
f 1454 4805 4804
f 4792 4805 4796
f 4805 4807 4796
f 1454 1456 4805
f 1456 4806 4805
f 4805 4806 4807
f 4807 4808 4815
f 4806 4808 4807
f 4793 4794 4809
f 4794 4810 4809
f 4809 4810 4812
f 4794 4814 4810
f 4794 4811 4814
f 4812 4813 4874
f 4810 4813 4812
f 4810 4879 4813
f 4810 4814 4879
f 4811 4816 4814
f 4807 4815 4811
f 4811 4815 4816
f 4808 4817 4815
f 4815 4817 4918
f 4815 4918 4816
f 3448 4818 4819
f 3448 4819 3498
f 4818 4834 4819
f 4818 4827 4834
f 3498 4837 3504
f 3498 4819 4837
f 4848 4819 4834
f 4780 4820 4821
f 4781 4823 4782
f 4781 4821 4823
f 4820 4822 4828
f 4820 4828 4821
f 4821 4829 4823
f 4821 4828 4829
f 4823 4829 4833
f 4818 4824 4827
f 4782 4825 4787
f 4787 4825 4826
f 4782 4823 4825
f 4783 4826 4824
f 4824 4832 4827
f 4825 4823 4833
f 4825 4832 4826
f 4825 4833 4832
f 4824 4826 4832
f 4822 4830 4828
f 4822 4603 4830
f 4830 4831 4828
f 4828 4831 4829
f 4603 4605 4846
f 4603 4846 4830
f 4830 4846 4847
f 4829 4831 4836
f 4830 4847 4831
f 4835 4834 4827
f 4835 4827 4832
f 4833 4835 4832
f 4829 4836 4833
f 4833 4836 4835
f 3504 4837 3507
f 3507 4837 4845
f 4837 4819 4848
f 4837 4848 4859
f 4837 4859 4845
f 3507 4845 4838
f 4839 4955 4841
f 4841 4955 4844
f 4840 4844 4955
f 4838 4845 4843
f 4841 4844 4855
f 4844 4856 4855
f 4844 4842 4856
f 4845 4861 4843
f 4840 4842 4844
f 4838 4843 4840
f 4840 4843 4842
f 4662 4850 4846
f 4846 4850 4847
f 4831 4847 4851
f 4831 4851 4836
f 4848 4834 4849
f 4835 4849 4834
f 4835 4836 4849
f 4836 4851 4849
f 4848 4860 4859
f 4848 4849 4860
f 4850 4672 4852
f 4847 4850 4852
f 4847 4852 4851
f 4673 4710 4883
f 4672 4854 4852
f 4854 4853 4852
f 4851 4852 4853
f 4849 4851 4853
f 4849 4853 4863
f 4672 4673 4854
f 4673 4883 4854
f 4854 4864 4853
f 4855 4856 4857
f 4842 4858 4856
f 4842 4843 4867
f 4666 4855 4857
f 4857 4856 4858
f 4842 4867 4858
f 4843 4861 4868
f 4843 4868 4867
f 4845 4859 4861
f 4859 4860 4873
f 4859 4873 4861
f 4666 4857 4862
f 4666 4862 4684
f 4857 4869 4862
f 4857 4858 4869
f 4861 4873 4870
f 4860 4865 4873
f 4860 4863 4865
f 4854 4886 4864
f 4853 4864 4863
f 4863 4864 4888
f 4863 4888 4865
f 4862 4869 4866
f 4866 4869 4957
f 4858 4867 4871
f 4861 4870 4868
f 4858 4871 4869
f 4867 4868 4872
f 4873 4865 4870
f 4865 4888 4889
f 4865 4889 4870
f 4869 4871 4957
f 4867 4872 4871
f 4868 4870 4965
f 4870 4889 4965
f 4868 4965 4872
f 4849 4863 4860
f 4874 4876 4875
f 4813 4876 4874
f 4813 4878 4876
f 4813 4879 4878
f 4875 4877 4709
f 4709 4881 4710
f 4709 4877 4881
f 4875 4876 4877
f 4876 4878 4884
f 4876 4884 4877
f 4814 4880 4879
f 4814 4816 4880
f 4816 4919 4880
f 4878 4879 4892
f 4879 4880 4892
f 4880 4919 4894
f 4816 4918 4919
f 4710 4881 4882
f 4710 4882 4883
f 4854 4883 4886
f 4882 4887 4883
f 4881 4887 4882
f 4877 4885 4881
f 4877 4884 4885
f 4881 4885 4887
f 4884 4891 4885
f 4883 4887 4886
f 4864 4886 4890
f 4864 4890 4888
f 4888 4967 4889
f 4888 4890 4967
f 4886 4969 4890
f 4886 4887 4969
f 4885 4969 4887
f 4885 4891 4969
f 4878 4893 4884
f 4878 4892 4893
f 4884 4893 4891
f 4892 4895 4893
f 4880 4894 4892
f 4892 4894 4895
f 4891 4893 4973
f 4893 4895 4973
f 4894 4997 4895
f 4271 4899 4896
f 4903 4906 4899
f 4271 4898 4899
f 4903 4899 4898
f 4897 4903 4898
f 4291 4900 4902
f 4900 4901 4902
f 4896 4901 4900
f 4907 4902 4901
f 4906 4907 4901
f 4899 4906 4901
f 4896 4899 4901
f 4904 4905 4906
f 4903 4904 4906
f 4450 4904 4903
f 4450 4903 4897
f 4453 4907 4906
f 4453 4906 4905
f 4455 4902 4907
f 4908 5017 4917
f 4925 5017 5020
f 4926 5020 4909
f 4909 4987 5001
f 1473 4910 4806
f 4806 4910 4808
f 4808 4910 4911
f 1475 4912 4910
f 4910 4912 4911
f 4911 4912 4914
f 4808 4911 4817
f 4817 4911 4913
f 4817 4913 4920
f 4911 4914 4913
f 4913 4914 4915
f 1466 4916 4912
f 4912 4916 4914
f 4914 4916 4917
f 4916 4908 4917
f 4915 4917 4925
f 4914 4917 4915
f 4917 5017 4925
f 4817 4920 4918
f 4918 4923 4919
f 4918 4920 4923
f 4913 4915 4920
f 4915 4921 4920
f 4920 4921 4923
f 4894 4919 4922
f 4894 4922 4997
f 4923 4924 4922
f 4919 4923 4922
f 4922 4924 4999
f 4921 4924 4923
f 4921 4925 4926
f 4915 4925 4921
f 4925 5020 4926
f 4921 4926 4924
f 4924 4926 5001
f 4926 4909 5001
f 3532 4927 3533
f 3533 4928 3534
f 3533 4927 4928
f 4927 4930 4928
f 4927 4062 4930
f 4928 4930 4931
f 3534 4928 4929
f 3172 3534 4929
f 4928 4931 4929
f 4512 4929 4931
f 4509 4930 4062
f 4625 4933 4932
f 4933 4936 4934
f 4934 4936 4937
f 3545 4934 4937
f 3545 4937 4938
f 3545 4938 4935
f 4625 4936 4933
f 4678 4937 4936
f 4678 4941 4937
f 4937 4941 4938
f 4938 4941 4942
f 4938 4942 4945
f 4935 4938 4945
f 4935 4945 4946
f 3545 4935 3548
f 3548 4935 4939
f 4939 4940 4947
f 4935 4946 4939
f 4939 4946 4940
f 4942 4943 4945
f 4680 4943 4942
f 4943 4944 4945
f 4945 4944 4946
f 4944 4956 4946
f 4866 4944 4943
f 4940 4946 4956
f 4977 4948 4953
f 4982 4951 4949
f 4984 4949 5056
f 4949 4954 5056
f 4950 5065 5058
f 4978 4953 4951
f 4951 4953 4952
f 4951 4952 4954
f 4952 4992 4990
f 4948 4992 4953
f 4953 4992 4952
f 4954 5058 5056
f 4950 5058 4954
f 4949 4951 4954
f 4950 4954 4952
f 4950 4952 4990
f 3563 4840 4955
f 3563 4838 4840
f 4866 4957 4944
f 4944 4957 4956
f 4956 4957 4958
f 4871 4958 4957
f 4871 4872 4958
f 4872 4968 4958
f 4956 4958 4959
f 4958 4968 4959
f 4940 4956 4959
f 4940 4959 4961
f 4959 4968 4960
f 4947 4961 4962
f 4940 4961 4947
f 4961 4980 4962
f 3571 4962 4980
f 4961 4964 4980
f 4959 4964 4961
f 4959 4960 4963
f 4959 4963 4964
f 4963 4982 4964
f 4963 4978 4982
f 4872 4965 4968
f 4889 4966 4965
f 4889 4967 4966
f 4965 4966 4968
f 4890 4970 4967
f 4960 4968 4966
f 4966 4967 4971
f 4967 4970 4971
f 4890 4969 4970
f 4969 4972 4970
f 4969 4974 4972
f 4891 4974 4969
f 4960 4966 4971
f 4970 4976 4971
f 4960 4971 4976
f 4970 4972 4976
f 4972 4974 4977
f 4891 4973 4974
f 4895 4975 4973
f 4895 4997 4975
f 4973 4979 4974
f 4973 4975 4979
f 4960 4976 4963
f 4963 4976 4978
f 4972 4978 4976
f 4972 4977 4978
f 4977 4953 4978
f 4974 4979 4977
f 4977 4979 4948
f 4975 5000 4979
f 4979 5000 4948
f 4964 4981 4980
f 3571 4980 4983
f 4980 4981 4983
f 4964 4982 4981
f 4981 4982 4949
f 4981 4984 4983
f 4983 4984 5064
f 4981 4949 4984
f 4978 4951 4982
f 4998 4985 5000
f 4948 5000 4993
f 5000 4985 4993
f 4998 4986 4985
f 4988 4993 4985
f 5001 4987 4986
f 4986 4987 4989
f 4987 5029 4989
f 4985 4986 4989
f 4988 4985 4989
f 4989 5029 5030
f 4988 5030 4995
f 4988 4989 5030
f 4994 4996 4990
f 4991 5038 5065
f 4950 4990 4991
f 4950 4991 5065
f 4991 4990 4996
f 4994 4992 4993
f 4994 4990 4992
f 4948 4993 4992
f 4988 4994 4993
f 4994 4995 4996
f 4995 5032 4996
f 4991 4996 4063
f 4063 4996 5032
f 4988 4995 4994
f 4922 4999 4997
f 4975 4997 4998
f 4998 4997 4999
f 4999 5001 4986
f 4924 5001 4999
f 4998 4999 4986
f 4975 4998 5000
f 1493 5002 1489
f 1493 1494 5003
f 1493 5003 5002
f 5003 5024 5002
f 5003 5004 5005
f 1494 5004 5003
f 1494 1516 5004
f 5004 5082 5006
f 5003 5005 5024
f 5005 5026 5024
f 5005 5010 5026
f 5005 5006 5010
f 5006 5083 5012
f 5004 5006 5005
f 5006 5012 5010
f 5010 5031 5026
f 5011 5008 5031
f 5007 5032 5008
f 4063 5032 5007
f 4063 5007 5070
f 5007 5071 5070
f 5009 5014 5071
f 5007 5008 5009
f 5009 5008 5011
f 5007 5009 5071
f 5011 5012 5013
f 5010 5012 5011
f 5010 5011 5031
f 5013 5087 5015
f 5012 5087 5013
f 5009 5013 5014
f 5009 5011 5013
f 5013 5015 5014
f 5014 5015 5072
f 1500 5018 5016
f 1500 5019 5018
f 4908 5016 5017
f 5016 5018 5017
f 5018 5021 5020
f 5018 5020 5017
f 5018 5019 5021
f 1500 1489 5019
f 1489 5002 5019
f 5002 5023 5019
f 5019 5023 5021
f 5022 5023 5025
f 4909 5020 5021
f 5021 5023 5022
f 4909 5021 5022
f 4909 5022 4987
f 5022 5025 5029
f 5024 5025 5023
f 5002 5024 5023
f 5024 5026 5025
f 5025 5027 5029
f 5029 5027 5030
f 4995 5030 5028
f 5028 5030 5027
f 4987 5022 5029
f 5026 5027 5025
f 5026 5031 5027
f 5028 5027 5031
f 5028 5031 5008
f 4995 5028 5032
f 5028 5008 5032
f 5037 5033 5059
f 5060 5033 5034
f 5041 5034 5033
f 5035 5034 5041
f 5035 5045 5063
f 5035 5063 5034
f 5040 5067 5043
f 5042 5043 5050
f 5043 5067 5050
f 5037 5065 5038
f 5037 5038 5039
f 5037 5036 5033
f 5037 5039 5036
f 5036 5039 5040
f 5040 5039 5069
f 5039 5038 5070
f 5036 5043 5041
f 5035 5041 5042
f 5042 5041 5043
f 5036 5041 5033
f 5036 5040 5043
f 5048 5052 5044
f 5045 5046 5066
f 5045 5066 5063
f 5045 5048 5046
f 5035 5047 5045
f 5035 5042 5047
f 5045 5047 5048
f 5047 5052 5048
f 5046 5048 5049
f 3611 5049 5109
f 5049 5044 5109
f 3610 5046 5049
f 5048 5044 5049
f 5042 5051 5047
f 5047 5051 5052
f 5042 5050 5051
f 5050 5077 5051
f 5044 5052 5110
f 5051 5077 5053
f 5051 5053 5052
f 5052 5053 5110
f 5055 5060 5057
f 5057 5060 5061
f 4984 5054 5064
f 3626 5064 5054
f 5055 5054 5056
f 4984 5056 5054
f 3626 5054 5057
f 3626 5057 3632
f 5055 5057 5054
f 5055 5058 5059
f 5037 5059 5065
f 5059 5058 5065
f 5059 5033 5060
f 5055 5059 5060
f 5055 5056 5058
f 5060 5034 5061
f 5063 5061 5034
f 5063 5066 5062
f 5063 5062 5061
f 3632 5057 5061
f 3632 5061 5062
f 5040 5068 5067
f 5067 5068 5074
f 5067 5074 5076
f 5039 5070 5069
f 5069 5070 5071
f 5040 5069 5068
f 5069 5071 5075
f 5014 5075 5071
f 5069 5075 5068
f 5068 5075 5073
f 5073 5075 5072
f 5073 5072 5095
f 5068 5073 5074
f 5073 5096 5074
f 5074 5096 5078
f 5014 5072 5075
f 5050 5076 5077
f 5050 5067 5076
f 5076 5079 5077
f 5053 5077 5116
f 5077 5079 5116
f 5074 5078 5076
f 5076 5078 5079
f 5078 5100 5079
f 1517 5082 1516
f 1517 5080 5082
f 5080 5081 5083
f 1516 5082 5004
f 5006 5082 5083
f 5081 5087 5083
f 5080 5083 5082
f 1517 1519 5080
f 1519 5084 5080
f 5080 5084 5081
f 5081 5084 5088
f 5015 5087 5085
f 5081 5085 5087
f 5015 5085 5086
f 5015 5086 5072
f 5012 5083 5087
f 5081 5088 5085
f 5085 5088 5089
f 5085 5089 5086
f 5086 5089 5097
f 5089 5093 5097
f 1524 5090 5084
f 5084 5090 5088
f 5088 5090 5092
f 5090 5091 5092
f 1525 5091 5090
f 5091 5094 5092
f 5088 5092 5089
f 5092 5094 5093
f 5089 5092 5093
f 5093 5094 5103
f 5072 5086 5095
f 5086 5097 5095
f 5073 5095 5096
f 5095 5098 5096
f 5096 5098 5099
f 5095 5097 5098
f 5097 5102 5098
f 5098 5102 5105
f 5078 5096 5099
f 5078 5099 5100
f 5079 5100 5131
f 5098 5105 5099
f 5099 5105 5101
f 5099 5101 5100
f 5100 5101 5132
f 5093 5102 5097
f 5093 5103 5102
f 5102 5104 5105
f 5102 5103 5104
f 5103 5154 5104
f 5101 5105 5106
f 5104 5106 5105
f 5101 5106 5137
f 5104 5155 5106
f 5106 5155 5156
f 5106 5156 5137
f 3676 5109 5108
f 5044 5111 5109
f 5108 5109 5111
f 3676 5108 5107
f 5107 5108 5113
f 5108 5111 5115
f 3611 5109 3676
f 5110 5112 5111
f 5044 5110 5111
f 5053 5117 5110
f 5111 5112 5115
f 5110 5117 5112
f 5107 5113 5114
f 5108 5115 5113
f 5113 5122 5114
f 5112 5119 5115
f 5113 5115 5123
f 5113 5123 5122
f 5115 5119 5123
f 5053 5116 5117
f 5116 5118 5117
f 5112 5117 5120
f 5079 5131 5116
f 5116 5131 5118
f 5117 5118 5120
f 5112 5120 5119
f 5118 5134 5120
f 5119 5120 5128
f 5120 5134 5128
f 5114 5122 5121
f 3686 5121 5124
f 5121 5122 5125
f 5122 5123 5126
f 5122 5126 5125
f 5121 5125 5124
f 3688 5124 5208
f 5124 5125 5209
f 5125 5129 5209
f 5119 5127 5123
f 5123 5127 5126
f 5119 5128 5127
f 5127 5128 5141
f 5125 5126 5129
f 5126 5127 5130
f 5126 5130 5129
f 5127 5141 5130
f 5129 5130 5221
f 5100 5132 5131
f 5118 5131 5133
f 5131 5132 5133
f 5101 5137 5132
f 5132 5136 5133
f 5118 5133 5134
f 5133 5135 5134
f 5133 5136 5135
f 5134 5135 5140
f 5132 5137 5136
f 5137 5138 5136
f 5137 5156 5138
f 5135 5136 5139
f 5135 5139 5144
f 5136 5138 5139
f 5139 5145 5144
f 5138 5170 5139
f 5139 5170 5145
f 5128 5134 5140
f 5128 5140 5141
f 5135 5144 5140
f 5140 5142 5141
f 5140 5144 5142
f 5130 5141 5143
f 5130 5143 5221
f 5141 5142 5143
f 5142 5147 5143
f 5142 5144 5146
f 5144 5145 5146
f 5142 5146 5147
f 5146 5178 5147
f 5147 5178 5225
f 1545 5148 5091
f 5091 5148 5094
f 5094 5148 5149
f 5094 5149 5103
f 5103 5149 5154
f 1547 5150 5148
f 5148 5150 5149
f 5149 5150 5151
f 5149 5151 5154
f 1549 5152 5150
f 5150 5152 5151
f 5151 5152 5153
f 5151 5153 5157
f 5104 5154 5155
f 5154 5157 5155
f 5151 5157 5154
f 5155 5157 5158
f 5157 5159 5158
f 5155 5158 5156
f 5156 5158 5169
f 5158 5163 5169
f 5157 5153 5159
f 5158 5159 5163
f 5152 5160 5153
f 5153 5161 5159
f 5160 5161 5153
f 5161 5166 5162
f 5159 5162 5163
f 5161 5162 5159
f 5162 5164 5163
f 5163 5164 5171
f 5162 5167 5164
f 5164 5167 5168
f 5160 5165 5161
f 5165 5182 5166
f 5161 5165 5166
f 5166 5183 5167
f 5166 5182 5183
f 5162 5166 5167
f 5167 5183 5187
f 5167 5187 5168
f 5138 5156 5169
f 5138 5169 5170
f 5163 5171 5169
f 5169 5171 5170
f 5145 5170 5172
f 5170 5171 5172
f 5146 5145 5176
f 5145 5172 5176
f 5146 5176 5178
f 5172 5174 5176
f 5171 5173 5172
f 5164 5173 5171
f 5172 5173 5174
f 5164 5168 5173
f 5168 5175 5173
f 5173 5175 5174
f 5174 5175 5180
f 5175 5197 5180
f 5176 5177 5178
f 5174 5177 5176
f 5178 5179 5225
f 5178 5177 5179
f 5177 5181 5179
f 5179 5181 5258
f 5174 5180 5177
f 5177 5180 5181
f 5180 5194 5181
f 5181 5195 5258
f 5168 5196 5175
f 5182 5184 5183
f 5183 5185 5187
f 5183 5184 5185
f 1576 5185 5184
f 1576 5186 5185
f 5185 5186 5188
f 5168 5187 5196
f 5187 5188 5196
f 5188 5198 5196
f 5185 5188 5187
f 5188 5186 5191
f 5188 5191 5198
f 5191 5202 5198
f 1576 1580 5186
f 1580 5189 5186
f 5186 5189 5191
f 1580 1582 5189
f 1582 5190 5189
f 5189 5190 5192
f 5189 5192 5191
f 5191 5192 5202
f 5192 5203 5202
f 5192 5190 5193
f 5192 5193 5203
f 5203 5193 5204
f 5180 5197 5194
f 5181 5194 5195
f 5194 5200 5195
f 5195 5200 5262
f 5175 5196 5197
f 5196 5198 5197
f 5194 5197 5199
f 5197 5198 5199
f 5198 5202 5199
f 5199 5202 5201
f 5194 5199 5200
f 5199 5201 5200
f 5200 5201 5206
f 5200 5206 5262
f 5206 5272 5262
f 5201 5202 5203
f 5201 5203 5205
f 5203 5204 5205
f 5205 5204 5706
f 5201 5205 5206
f 5205 5207 5206
f 5206 5207 5272
f 5207 5710 5273
f 5205 5706 5207
f 5207 5706 5710
f 3688 5208 3729
f 5124 5209 5208
f 3729 5208 5210
f 5208 5209 5212
f 5208 5212 5210
f 3729 5210 3731
f 3731 5210 5215
f 5210 5212 5213
f 5210 5213 5215
f 5129 5211 5209
f 5209 5211 5212
f 5129 5221 5211
f 5211 5221 5223
f 5211 5214 5212
f 5212 5214 5213
f 5211 5223 5214
f 5213 5214 5219
f 3731 5215 3735
f 3735 5215 5216
f 5215 5218 5216
f 3735 5216 3737
f 5213 5218 5215
f 5213 5219 5218
f 3737 5217 3744
f 3737 5216 5217
f 5216 5220 5217
f 5218 5219 5229
f 5216 5218 5220
f 5218 5229 5220
f 5217 5220 5236
f 5220 5229 5231
f 5220 5231 5236
f 5143 5222 5221
f 5221 5222 5223
f 5143 5147 5222
f 5222 5226 5223
f 5214 5223 5224
f 5214 5224 5219
f 5223 5226 5224
f 5147 5225 5222
f 5222 5225 5226
f 5224 5228 5230
f 5225 5227 5226
f 5224 5226 5228
f 5226 5227 5228
f 5227 5259 5228
f 5228 5259 5233
f 5219 5224 5230
f 5219 5230 5229
f 5229 5230 5232
f 5229 5232 5231
f 5231 5252 5236
f 5231 5232 5238
f 5228 5233 5230
f 5230 5233 5232
f 5233 5237 5232
f 3744 5234 5235
f 3744 5217 5234
f 5234 5241 5235
f 5217 5236 5234
f 5234 5236 5243
f 5231 5238 5252
f 5238 5239 5252
f 5232 5237 5238
f 5237 5265 5238
f 5238 5265 5239
f 5239 5265 5269
f 5239 5269 5256
f 5235 5241 5240
f 5240 5241 5242
f 5234 5243 5241
f 5236 5252 5243
f 5241 5243 5244
f 5241 5244 5242
f 5242 5244 5246
f 5240 5242 5245
f 5245 5249 5247
f 5242 5249 5245
f 5242 5246 5249
f 5247 5250 5248
f 5247 5249 5250
f 5248 5760 5757
f 5248 5250 5760
f 5249 5251 5250
f 5246 5251 5249
f 5250 5759 5760
f 5250 5251 5759
f 5243 5252 5253
f 5243 5253 5244
f 5244 5253 5254
f 5239 5253 5252
f 5253 5256 5254
f 5244 5254 5246
f 5239 5256 5253
f 5246 5254 5255
f 5246 5255 5251
f 5251 5769 5759
f 5251 5255 5769
f 5254 5257 5255
f 5254 5256 5257
f 5256 5270 5257
f 5255 5257 5772
f 5257 5815 5772
f 5255 5772 5769
f 5179 5227 5225
f 5179 5258 5227
f 5227 5258 5259
f 5258 5261 5259
f 5233 5259 5260
f 5259 5261 5260
f 5260 5261 5263
f 5260 5263 5264
f 5195 5261 5258
f 5195 5262 5261
f 5261 5262 5263
f 5263 5272 5266
f 5262 5272 5263
f 5263 5266 5264
f 5233 5260 5237
f 5237 5260 5264
f 5237 5264 5265
f 5264 5268 5265
f 5265 5268 5269
f 5264 5266 5268
f 5266 5267 5268
f 5266 5273 5267
f 5268 5271 5269
f 5256 5269 5270
f 5269 5271 5270
f 5270 5271 5818
f 5270 5818 5815
f 5267 5271 5268
f 5271 5812 5818
f 5267 5812 5271
f 5207 5273 5272
f 5266 5272 5273
f 5267 5273 5827
f 5273 5710 5827
f 5267 5827 5812
f 5257 5270 5815
f 5274 5276 5291
f 5276 5293 5291
f 1679 5275 5274
f 5276 5303 5293
f 5276 5294 5303
f 5274 5275 5276
f 5276 5275 5294
f 5284 5277 5278
f 5284 5278 5281
f 5279 5280 1701
f 5279 5281 5280
f 5279 5288 5284
f 5279 5292 5288
f 5288 5292 5283
f 5279 5284 5281
f 5284 5286 5285
f 5284 5285 5277
f 5284 5287 5286
f 5284 5289 5287
f 5284 5288 5289
f 5288 5283 5297
f 5283 5296 5297
f 5288 5297 5289
f 5297 5290 5289
f 5291 5293 5283
f 5291 5283 5292
f 5293 5296 5283
f 5293 5303 5296
f 5294 5275 5295
f 5294 5295 5304
f 5297 5298 5290
f 5297 5299 5298
f 5297 5300 5299
f 5297 5296 5302
f 5297 5308 5300
f 5297 5302 5308
f 5294 5304 5303
f 5303 5304 5296
f 5302 5296 5304
f 5295 5404 5305
f 5295 5306 5304
f 5295 5305 5306
f 5302 5304 5327
f 5305 5307 5328
f 5305 5328 5306
f 5308 5309 5300
f 5308 5310 5309
f 5308 5311 5310
f 5308 5313 5311
f 5308 5314 5313
f 5302 5327 5308
f 5308 5327 5314
f 5327 5315 5314
f 5327 5316 5315
f 5318 5317 5316
f 5318 5316 5327
f 5318 5321 5317
f 5318 5320 5321
f 5318 5322 5320
f 5304 5306 5327
f 5318 5323 5322
f 5318 5324 5323
f 5318 5329 5324
f 5329 5325 5324
f 5306 5328 5335
f 5306 5335 5327
f 5307 5364 5328
f 5328 5365 5335
f 5318 5327 5334
f 5318 5334 5329
f 5329 5326 5325
f 5329 5354 5326
f 5354 5330 5326
f 5354 5332 5330
f 5354 5333 5332
f 5329 5334 5357
f 5329 5357 5354
f 5327 5335 5336
f 5327 5336 5334
f 5335 5365 5337
f 5335 5337 5336
f 5334 5336 5357
f 5336 5359 5357
f 5336 5366 5359
f 5336 5337 5366
f 5355 5340 5339
f 5355 5341 5340
f 5347 5341 5355
f 5347 5344 5343
f 5347 5392 5344
f 5347 5348 5345
f 5347 5342 5341
f 5347 5345 5346
f 5347 5346 5342
f 5347 5355 5361
f 5347 5343 5348
f 5347 5361 5392
f 5349 5351 5350
f 5349 5352 5351
f 5349 5353 5352
f 5349 5350 5354
f 5354 5338 5353
f 5349 5354 5353
f 5354 5339 5338
f 5354 5350 5333
f 5354 5355 5339
f 5354 5356 5355
f 5354 5357 5356
f 5355 5356 5361
f 5357 5358 5356
f 5356 5358 5361
f 5358 5362 5361
f 5357 5359 5358
f 5358 5359 5360
f 5358 5368 5362
f 5361 5363 5396
f 5361 5362 5363
f 5328 5364 5365
f 5337 5365 5367
f 5365 5457 5367
f 5359 5366 5360
f 5337 5367 5366
f 5360 5366 5368
f 5366 5367 5368
f 5358 5360 5368
f 5367 5458 5368
f 5362 5368 5369
f 5362 5369 5363
f 5368 5460 5369
f 5363 5369 5491
f 5371 1738 5372
f 1741 1738 5371
f 1741 5371 5374
f 5373 5371 5370
f 5374 5371 5373
f 5374 5373 5376
f 5374 5377 5382
f 5374 5376 5377
f 5382 5377 5378
f 5382 5378 5379
f 5382 5379 5392
f 1741 5374 1742
f 1742 5374 5382
f 1742 5382 5383
f 1742 5383 1743
f 5382 5392 5383
f 5386 5390 5384
f 5386 5387 5385
f 5386 5384 5387
f 5386 5385 5395
f 5379 5380 5388
f 5392 5379 5388
f 5386 5391 5390
f 5386 5395 5392
f 5392 5388 5391
f 5386 5392 5391
f 5383 5392 5393
f 5383 5393 5394
f 1743 5383 5474
f 5383 5394 5474
f 5393 5398 5394
f 5392 5395 5344
f 5361 5396 5392
f 5392 5396 5397
f 5392 5397 5393
f 5393 5397 5398
f 5397 5479 5398
f 5396 5399 5397
f 5363 5399 5396
f 5397 5477 5479
f 5397 5399 5490
f 5397 5490 5477
f 5363 5491 5399
f 1920 3856 5400
f 1679 5400 5275
f 3856 5402 5400
f 5400 5402 5401
f 5400 5401 5275
f 5401 5295 5275
f 5401 5402 5406
f 5401 5404 5295
f 5401 5406 5404
f 5404 5406 5405
f 5404 5405 5407
f 3860 5405 5406
f 3860 5433 5405
f 5404 5407 5305
f 5305 5407 5307
f 5407 5437 5307
f 5407 5405 5441
f 5433 5434 5441
f 5405 5433 5441
f 3873 5435 5434
f 5436 5441 5435
f 5434 5435 5441
f 5436 5435 5446
f 5436 5446 5442
f 5407 5441 5437
f 5437 5441 5439
f 5307 5437 5438
f 5307 5438 5364
f 5437 5439 5438
f 5438 5439 5451
f 5439 5441 5440
f 5439 5440 5453
f 5439 5453 5451
f 5436 5440 5441
f 5436 5442 5440
f 5442 5453 5440
f 5442 5443 5453
f 5442 5446 5447
f 5442 5447 5443
f 5447 5449 5443
f 5443 5444 5453
f 5444 5462 5453
f 5443 5449 5444
f 5444 5449 5450
f 5444 5445 5462
f 5444 5450 5445
f 3873 3874 5435
f 3874 5446 5435
f 3876 5447 5446
f 3876 5448 5447
f 5447 5448 5449
f 5449 5448 5515
f 5449 5515 5450
f 5450 5517 5445
f 5438 5451 5364
f 5364 5451 5452
f 5365 5364 5452
f 5365 5452 5455
f 5365 5455 5457
f 5452 5451 5453
f 5452 5453 5454
f 5452 5454 5455
f 5454 5456 5455
f 5455 5456 5459
f 5367 5457 5458
f 5368 5458 5460
f 5455 5459 5457
f 5457 5467 5458
f 5457 5459 5467
f 5458 5467 5460
f 5369 5460 5491
f 5460 5461 5491
f 5460 5467 5461
f 5454 5453 5462
f 5454 5463 5456
f 5456 5463 5464
f 5456 5464 5459
f 5454 5462 5463
f 5445 5463 5462
f 5445 5465 5463
f 5463 5465 5464
f 5464 5522 5466
f 5464 5465 5522
f 5459 5466 5467
f 5459 5464 5466
f 5467 5466 5469
f 5461 5467 5468
f 5461 5468 5498
f 5467 5470 5468
f 5467 5469 5470
f 5468 5470 5503
f 5466 5523 5469
f 5466 5522 5523
f 5469 5523 5524
f 5469 5524 5470
f 5470 5524 5525
f 5470 5525 5503
f 2101 5474 5475
f 5474 5476 5475
f 5474 5394 5476
f 5394 5478 5476
f 5394 5398 5478
f 5398 5479 5478
f 5476 5478 5485
f 5478 5479 5480
f 5477 5494 5479
f 5479 5494 5480
f 5478 5480 5486
f 5480 5508 5486
f 5475 5482 5481
f 5475 5476 5482
f 5476 5485 5482
f 5481 5482 5484
f 5482 5487 5484
f 5481 5484 5483
f 5478 5486 5485
f 5482 5485 5487
f 5485 5488 5487
f 5485 5486 5488
f 2319 5483 5569
f 5483 5484 5569
f 5484 5572 5569
f 5484 5487 5572
f 5487 5489 5572
f 5487 5488 5489
f 5399 5491 5492
f 5477 5490 5495
f 5399 5492 5490
f 5461 5498 5491
f 5491 5498 5499
f 5491 5493 5492
f 5491 5499 5493
f 5490 5492 5496
f 5490 5496 5495
f 5492 5493 5496
f 5477 5495 5494
f 5494 5495 5497
f 5480 5494 5508
f 5494 5497 5508
f 5495 5496 5504
f 5495 5504 5497
f 5493 5499 5501
f 5498 5502 5499
f 5499 5502 5501
f 5493 5501 5500
f 5493 5500 5496
f 5468 5503 5498
f 5498 5503 5502
f 5500 5501 5506
f 5501 5502 5547
f 5501 5547 5506
f 5496 5500 5505
f 5496 5505 5504
f 5497 5504 5511
f 5500 5506 5505
f 5504 5505 5507
f 5504 5507 5511
f 5486 5508 5509
f 5486 5509 5488
f 5497 5510 5508
f 5508 5510 5509
f 5497 5511 5510
f 5509 5510 5513
f 5488 5509 5512
f 5488 5512 5489
f 5509 5513 5512
f 5510 5511 5514
f 5507 5554 5511
f 5511 5554 5514
f 5510 5514 5513
f 5512 5513 5579
f 5513 5514 5555
f 5513 5555 5579
f 3905 5515 5448
f 3905 5516 5515
f 5515 5516 5517
f 5516 5519 5517
f 5450 5515 5517
f 5445 5517 5518
f 5517 5519 5518
f 5527 5518 5520
f 5518 5519 5520
f 5527 5520 5521
f 5521 5520 5538
f 5522 5528 5523
f 5523 5529 5524
f 5503 5525 5526
f 5525 5524 5530
f 5524 5529 5530
f 5525 5530 5526
f 5445 5518 5465
f 5465 5527 5522
f 5465 5518 5527
f 5522 5527 5528
f 5528 5529 5523
f 5527 5521 5528
f 5528 5531 5529
f 5529 5531 5533
f 5528 5521 5531
f 5521 5540 5531
f 5531 5544 5533
f 5529 5533 5530
f 5530 5533 5532
f 5526 5530 5532
f 5526 5532 5552
f 5552 5532 5535
f 5531 5540 5544
f 5533 5544 5534
f 5533 5534 5532
f 5532 5534 5535
f 5535 5534 5546
f 5535 5546 5536
f 3914 5519 5516
f 3914 5537 5519
f 5519 5537 5520
f 5520 5537 5538
f 3921 5538 5537
f 3921 3924 5539
f 3921 5539 5538
f 5540 5538 5539
f 5521 5538 5540
f 5540 5539 5542
f 5540 5542 5544
f 3924 5541 5539
f 5539 5541 5542
f 5541 5624 5543
f 5542 5543 5545
f 5541 5543 5542
f 3925 5624 5541
f 5544 5545 5534
f 5542 5545 5544
f 5534 5545 5546
f 5546 5545 5630
f 5546 5630 5632
f 5543 5630 5545
f 5546 5632 5536
f 5536 5632 5642
f 5502 5503 5548
f 5502 5548 5547
f 5503 5526 5548
f 5506 5547 5550
f 5526 5552 5548
f 5547 5548 5551
f 5547 5551 5550
f 5505 5506 5549
f 5506 5550 5549
f 5505 5549 5507
f 5507 5549 5557
f 5549 5550 5553
f 5548 5552 5551
f 5550 5551 5560
f 5551 5552 5559
f 5551 5559 5560
f 5549 5553 5557
f 5550 5560 5553
f 5507 5557 5554
f 5514 5554 5556
f 5514 5556 5555
f 5554 5558 5556
f 5555 5556 5602
f 5554 5557 5558
f 5553 5564 5557
f 5557 5564 5558
f 5556 5566 5602
f 5556 5558 5566
f 5566 5609 5602
f 5552 5535 5559
f 5535 5536 5559
f 5536 5562 5559
f 5559 5562 5560
f 5553 5560 5561
f 5553 5561 5564
f 5560 5562 5561
f 5561 5563 5564
f 5536 5642 5562
f 5561 5562 5567
f 5561 5567 5563
f 5558 5564 5565
f 5563 5565 5564
f 5558 5565 5566
f 5565 5568 5566
f 5566 5568 5609
f 5563 5647 5565
f 5565 5647 5568
f 5562 5642 5567
f 5568 5649 5609
f 2319 5569 5570
f 5569 5572 5574
f 5569 5574 5570
f 2321 5570 5571
f 5570 5574 5575
f 5570 5575 5571
f 5489 5573 5572
f 5572 5573 5574
f 5574 5576 5575
f 5573 5576 5574
f 5489 5512 5577
f 5512 5579 5577
f 5489 5577 5573
f 5573 5577 5578
f 5573 5578 5576
f 5577 5580 5578
f 5577 5579 5580
f 5555 5601 5579
f 5579 5601 5580
f 2330 5571 5581
f 5571 5575 5581
f 2330 5582 2331
f 2331 5582 5590
f 2330 5581 5582
f 5575 5583 5581
f 5575 5576 5583
f 5581 5583 5584
f 5581 5584 5582
f 5582 5584 5592
f 5576 5578 5586
f 5578 5585 5586
f 5578 5580 5585
f 5580 5603 5585
f 5576 5586 5583
f 5583 5586 5587
f 5583 5587 5584
f 5584 5587 5588
f 5584 5588 5592
f 5585 5589 5586
f 5586 5589 5587
f 5587 5589 5606
f 5587 5606 5588
f 5588 5606 5616
f 2339 5590 5591
f 5590 5593 5591
f 5582 5592 5590
f 5590 5592 5593
f 5591 5593 5595
f 5591 5595 5594
f 5594 5595 5597
f 5594 5597 5596
f 5588 5598 5592
f 5592 5598 5593
f 5593 5598 5599
f 5593 5599 5595
f 5588 5616 5598
f 5598 5616 5617
f 5598 5617 5599
f 5595 5599 5600
f 5595 5600 5597
f 5597 5600 5721
f 5599 5617 5619
f 5599 5619 5600
f 5600 5620 5721
f 5555 5602 5601
f 5580 5601 5603
f 5601 5602 5604
f 5585 5603 5605
f 5601 5604 5603
f 5602 5609 5604
f 5603 5604 5610
f 5603 5610 5605
f 5605 5610 5613
f 5585 5605 5589
f 5589 5605 5607
f 5589 5607 5606
f 5606 5607 5608
f 5606 5608 5616
f 5605 5613 5607
f 5607 5614 5608
f 5604 5609 5611
f 5604 5611 5610
f 5610 5611 5612
f 5610 5612 5613
f 5609 5649 5611
f 5611 5649 5670
f 5611 5670 5612
f 5612 5673 5613
f 5607 5613 5614
f 5608 5614 5615
f 5613 5673 5614
f 5614 5673 5674
f 5614 5674 5615
f 5616 5618 5617
f 5608 5618 5616
f 5617 5618 5621
f 5617 5621 5619
f 5600 5619 5620
f 5619 5621 5623
f 5619 5623 5620
f 5608 5615 5618
f 5615 5622 5618
f 5618 5622 5621
f 5621 5622 5680
f 5620 5623 5729
f 5621 5680 5623
f 5623 5681 5729
f 5543 5626 5630
f 5626 5624 5625
f 5626 5625 5628
f 5543 5624 5626
f 5626 5628 5631
f 5625 5627 5628
f 5627 5629 5628
f 5635 5628 5629
f 5626 5631 5630
f 5630 5631 5632
f 5631 5633 5632
f 5632 5633 5642
f 5633 5643 5642
f 5631 5635 5633
f 5633 5635 5634
f 5633 5634 5643
f 5634 5638 5645
f 5631 5628 5635
f 5635 5629 5639
f 5635 5639 5634
f 3949 5629 5627
f 3949 5636 5629
f 3949 3960 5636
f 5629 5636 5639
f 3960 5637 5636
f 5636 5637 5640
f 5636 5640 5639
f 5638 5639 5640
f 5634 5639 5638
f 5638 5640 5641
f 5640 5657 5641
f 5637 5657 5640
f 5641 5657 5661
f 5567 5642 5643
f 5567 5643 5644
f 5567 5644 5563
f 5563 5644 5647
f 5644 5646 5647
f 5644 5643 5645
f 5634 5645 5643
f 5644 5645 5646
f 5645 5651 5646
f 5646 5651 5653
f 5568 5647 5648
f 5646 5648 5647
f 5568 5648 5649
f 5648 5650 5649
f 5649 5650 5670
f 5646 5653 5648
f 5648 5653 5650
f 5650 5655 5670
f 5638 5651 5645
f 5638 5641 5651
f 5641 5652 5651
f 5651 5652 5653
f 5652 5654 5653
f 5652 5660 5654
f 5641 5661 5652
f 5652 5661 5660
f 5650 5653 5654
f 5650 5654 5655
f 5654 5656 5655
f 5655 5656 5676
f 5654 5660 5656
f 5656 5664 5676
f 5637 5668 5657
f 5668 5669 5658
f 5668 5658 5657
f 5657 5658 5661
f 5658 5662 5661
f 5658 5659 5662
f 5658 5669 5659
f 5659 5665 5662
f 5659 5781 5665
f 5660 5661 5662
f 5660 5662 5663
f 5663 5662 5665
f 5656 5660 5663
f 5656 5663 5664
f 5664 5666 5686
f 5663 5666 5664
f 5663 5665 5666
f 5665 5781 5784
f 5666 5665 5784
f 5667 5688 5686
f 5666 5667 5686
f 5666 5784 5667
f 3960 3966 5637
f 3966 5668 5637
f 3968 5669 5668
f 4025 5794 5669
f 5669 5794 5659
f 5612 5670 5671
f 5612 5671 5673
f 5655 5671 5670
f 5671 5672 5673
f 5672 5674 5673
f 5615 5674 5675
f 5672 5678 5674
f 5674 5678 5675
f 5655 5676 5671
f 5671 5676 5672
f 5672 5676 5677
f 5672 5677 5678
f 5664 5677 5676
f 5677 5685 5678
f 5675 5678 5679
f 5678 5685 5679
f 5675 5679 5682
f 5615 5675 5622
f 5622 5682 5680
f 5622 5675 5682
f 5682 5684 5680
f 5623 5680 5681
f 5684 5681 5680
f 5679 5690 5682
f 5682 5690 5684
f 5684 5683 5681
f 5683 5742 5681
f 5664 5686 5677
f 5677 5686 5685
f 5685 5686 5688
f 5685 5688 5687
f 5679 5685 5687
f 5679 5687 5690
f 5687 5689 5690
f 5687 5688 5796
f 5687 5796 5689
f 5684 5690 5691
f 5689 5691 5690
f 5684 5691 5683
f 5683 5691 5692
f 5683 5692 5748
f 5689 5801 5691
f 5691 5801 5692
f 1582 2361 5190
f 2361 5693 5190
f 5190 5693 5193
f 2361 2363 5693
f 2363 5694 5693
f 5693 5694 5695
f 5694 5697 5696
f 5693 5695 5193
f 5193 5695 5204
f 5695 5705 5204
f 5695 5694 5696
f 5695 5696 5705
f 5696 5708 5705
f 2370 5697 5694
f 2371 5698 5697
f 5697 5701 5696
f 5697 5698 5701
f 2372 5699 5698
f 5698 5699 5703
f 5701 5698 5703
f 5699 5700 5703
f 5696 5701 5708
f 5701 5703 5702
f 5701 5702 5708
f 5700 5704 5703
f 5700 5741 5704
f 5702 5703 5704
f 5741 5714 5704
f 5752 5833 5822
f 5752 5822 5718
f 5204 5705 5706
f 5706 5705 5707
f 5705 5708 5707
f 5707 5708 5709
f 5710 5711 5827
f 5711 5712 5828
f 5712 5829 5828
f 5706 5707 5710
f 5707 5711 5710
f 5707 5709 5711
f 5711 5709 5712
f 5741 5754 5714
f 5715 5714 5717
f 5754 5755 5717
f 5754 5717 5714
f 5702 5713 5709
f 5702 5704 5713
f 5702 5709 5708
f 5709 5713 5712
f 5713 5714 5715
f 5713 5704 5714
f 5715 5717 5716
f 5715 5829 5712
f 5715 5716 5829
f 5752 5718 5755
f 5755 5718 5717
f 5716 5717 5718
f 5713 5715 5712
f 2401 5596 5719
f 5596 5597 5719
f 2401 5719 5720
f 2403 5720 5725
f 2401 5720 2403
f 5597 5721 5719
f 5719 5721 5722
f 5720 5731 5725
f 5720 5719 5722
f 5720 5722 5731
f 2403 5725 5723
f 5723 5725 5726
f 5723 5726 5724
f 5724 5726 5737
f 5725 5732 5726
f 5725 5731 5732
f 5726 5739 5737
f 5620 5727 5721
f 5721 5727 5722
f 5620 5729 5727
f 5722 5727 5728
f 5722 5728 5731
f 5730 5727 5729
f 5728 5730 5745
f 5728 5727 5730
f 5728 5733 5731
f 5731 5733 5732
f 5726 5732 5739
f 5732 5734 5739
f 5728 5745 5733
f 5732 5733 5734
f 5733 5746 5734
f 2413 5736 5699
f 5736 5700 5699
f 5736 5735 5738
f 5738 5735 5737
f 5738 5737 5740
f 5736 5738 5700
f 5724 5737 5735
f 5740 5737 5739
f 5738 5741 5700
f 5738 5740 5741
f 5740 5753 5754
f 5734 5753 5739
f 5740 5739 5753
f 5740 5754 5741
f 5730 5742 5743
f 5681 5742 5729
f 5730 5729 5742
f 5730 5743 5745
f 5683 5748 5742
f 5742 5748 5743
f 5743 5747 5745
f 5734 5744 5753
f 5734 5746 5744
f 5746 5747 5750
f 5746 5750 5744
f 5733 5745 5746
f 5746 5745 5747
f 5747 5749 5751
f 5749 5832 5830
f 5749 5830 5751
f 5743 5748 5749
f 5743 5749 5747
f 5692 5832 5748
f 5748 5832 5749
f 5747 5751 5750
f 5752 5744 5750
f 5750 5751 5833
f 5752 5750 5833
f 5753 5755 5754
f 5744 5755 5753
f 5752 5755 5744
f 5804 5779 5806
f 5774 5824 5780
f 5756 5834 5806
f 5756 5825 5834
f 5756 5806 5779
f 5780 5825 5756
f 5757 5760 5761
f 5757 5761 5758
f 5758 5761 5767
f 5758 5767 5763
f 5760 5775 5761
f 5759 5775 5760
f 5761 5776 5767
f 5761 5775 5776
f 5811 5764 5768
f 5762 5768 5766
f 5778 5762 5766
f 5762 5810 5768
f 5763 5767 5766
f 5763 5766 5765
f 5765 5766 5768
f 5765 5768 5764
f 5767 5778 5766
f 5767 5776 5778
f 5759 5769 5770
f 5771 5776 5775
f 5770 5771 5775
f 5769 5772 5773
f 5769 5773 5770
f 5770 5773 5774
f 5770 5774 5771
f 5759 5770 5775
f 5777 5778 5776
f 5771 5777 5776
f 5777 5779 5778
f 5804 5810 5762
f 5804 5762 5779
f 5778 5779 5762
f 5771 5780 5777
f 5771 5774 5780
f 5777 5780 5756
f 5777 5756 5779
f 5794 5782 5781
f 5659 5794 5781
f 5781 5782 5783
f 5781 5783 5784
f 4019 5788 5782
f 5783 5788 5789
f 5782 5788 5783
f 5667 5784 5787
f 5783 5787 5784
f 5667 5785 5688
f 5667 5787 5785
f 5783 5789 5787
f 5786 5787 5789
f 5785 5787 5786
f 5785 5786 5798
f 5790 5793 5789
f 5790 5789 5788
f 4020 5790 5788
f 5790 5808 5793
f 5793 5808 5809
f 5792 5791 5802
f 5792 5809 5791
f 5786 5789 5793
f 5786 5793 5792
f 5786 5792 5798
f 5792 5802 5798
f 5792 5793 5809
f 4027 5782 5794
f 5688 5785 5796
f 5785 5798 5796
f 5796 5798 5797
f 5689 5796 5797
f 5689 5797 5801
f 5797 5795 5801
f 5797 5798 5802
f 5797 5802 5795
f 5800 5832 5799
f 5805 5799 5795
f 5800 5799 5805
f 5692 5801 5799
f 5795 5799 5801
f 5692 5799 5832
f 5803 5795 5802
f 5803 5805 5795
f 5803 5810 5804
f 5791 5803 5802
f 5791 5810 5803
f 5803 5804 5805
f 5800 5805 5806
f 5800 5806 5834
f 5804 5806 5805
f 5807 5809 5808
f 5807 5811 5809
f 4036 5807 5808
f 5807 5764 5811
f 4037 5808 5790
f 5791 5809 5811
f 5791 5811 5810
f 5810 5811 5768
f 4007 5764 5807
f 5813 5814 5819
f 5815 5818 5819
f 5815 5819 5816
f 5816 5820 5817
f 5813 5819 5818
f 5812 5813 5818
f 5819 5814 5820
f 5816 5819 5820
f 5831 5825 5823
f 5814 5821 5820
f 5821 5822 5826
f 5822 5833 5823
f 5718 5822 5821
f 5826 5822 5823
f 5831 5823 5833
f 5817 5820 5826
f 5824 5826 5823
f 5774 5817 5824
f 5780 5824 5825
f 5817 5826 5824
f 5831 5834 5825
f 5824 5823 5825
f 5821 5826 5820
f 5812 5827 5828
f 5711 5828 5827
f 5812 5828 5813
f 5813 5828 5829
f 5813 5829 5814
f 5716 5821 5814
f 5716 5814 5829
f 5716 5718 5821
f 5772 5815 5816
f 5772 5816 5773
f 5773 5816 5817
f 5773 5817 5774
f 5800 5830 5832
f 5751 5830 5831
f 5800 5834 5830
f 5830 5834 5831
f 5751 5831 5833
f 1100 1093 1097
f 1093 1092 2123
f 1093 2123 1098
f 1093 1112 1092
f 1094 1099 1132
f 1096 1098 2127
f 1154 1095 2116
f 1096 1095 1099
f 1096 2127 1095
f 1099 1095 1154
f 1097 1098 1096
f 1093 1098 1097
f 1097 1096 1094
f 1094 1096 1099
f 1099 1154 1160
f 1132 1099 1160
f 1129 1130 1101
f 1101 1112 1100
f 1102 1106 1105
f 1101 1102 1105
f 1102 1103 1106
f 1103 1113 1106
f 1129 1101 1100
f 1130 1102 1101
f 1102 1134 1103
f 1130 1134 1102
f 1103 1104 1113
f 1103 1134 1104
f 1105 1110 1108
f 1105 1108 1112
f 1106 1113 1111
f 1106 1111 1110
f 1105 1106 1110
f 1113 1107 1111
f 1108 1110 2136
f 1111 2137 1110
f 1111 1107 1109
f 1110 2137 2136
f 1111 1109 2137
f 1101 1105 1112
f 1100 1112 1093
f 1112 1108 1092
f 1107 1114 1109
f 1107 1115 1114
f 1109 1114 1116
f 1109 1116 2138
f 1114 1115 1116
f 1116 1117 2138
f 1116 1115 1120
f 1116 1120 1121
f 1116 1121 1117
f 1113 1118 1107
f 1107 1118 1119
f 1113 1104 1118
f 1104 1144 1118
f 1118 1144 1127
f 1107 1119 1115
f 1119 1125 1115
f 1119 1127 1125
f 1125 1120 1115
f 1120 1124 1121
f 1121 1122 2159
f 1122 2160 2159
f 1121 1124 1122
f 1124 2160 1122
f 1124 1123 2160
f 1125 1124 1120
f 1125 1123 1124
f 1125 1126 1123
f 1119 1118 1127
f 1125 1127 1145
f 1125 1145 1126
f 1145 2163 1126
f 1145 2169 2163
f 1128 1131 1137
f 1129 1128 1137
f 1129 1100 1128
f 1100 1097 1128
f 1128 1094 1131
f 1097 1094 1128
f 1131 1132 1166
f 1094 1132 1131
f 1129 1133 1130
f 1129 1137 1133
f 1130 1133 1135
f 1135 1133 1140
f 1130 1135 1134
f 1134 1135 1136
f 1134 1136 1104
f 1135 1140 1136
f 1137 1131 1138
f 1133 1137 1139
f 1137 1138 1139
f 1133 1139 1140
f 1131 1166 1138
f 1139 1142 1140
f 1139 1167 1142
f 1139 1138 1167
f 1136 1140 1141
f 1141 1140 1142
f 1167 1143 1142
f 1167 1170 1143
f 1141 1142 1143
f 1143 1170 1148
f 1104 1136 1144
f 1136 1141 1144
f 1141 1147 1144
f 1144 1147 1146
f 1127 1144 1145
f 1145 1144 1146
f 1145 2170 2169
f 1145 1146 2170
f 1146 1150 2170
f 1141 1143 1147
f 1147 1148 1149
f 1143 1148 1147
f 1148 1175 1149
f 1147 1149 1146
f 1146 1149 1150
f 2170 1150 2175
f 1151 2175 1150
f 1175 1151 1149
f 1149 1151 1150
f 1151 1177 2175
f 1132 1160 1164
f 1154 1155 1160
f 1160 1155 1157
f 1154 1153 1155
f 1154 2116 1152
f 1154 1152 1153
f 1155 1153 1156
f 1156 1153 2271
f 1156 1158 1157
f 1155 1156 1157
f 1156 2271 1158
f 1162 1158 1159
f 1157 1158 1162
f 1163 1159 2281
f 1162 1159 1163
f 1163 2281 2273
f 1160 1157 1162
f 1160 1162 1161
f 1164 1160 1161
f 1162 1173 1161
f 1162 1163 1173
f 1163 1174 1173
f 1163 2273 1174
f 1164 1161 1165
f 1166 1132 1164
f 1166 1164 1169
f 1164 1165 1169
f 1138 1166 1168
f 1166 1169 1168
f 1138 1168 1167
f 1167 1168 1170
f 1168 1171 1170
f 1175 1170 1171
f 1168 1169 1171
f 1169 1172 1171
f 1169 1165 1172
f 1165 1161 1173
f 1173 1174 1179
f 1165 1173 1179
f 1174 2273 2287
f 1181 2287 2289
f 1179 1174 1181
f 1174 2287 1181
f 1148 1170 1175
f 1175 1171 1176
f 1175 1176 1151
f 1171 1172 1176
f 1176 1172 1180
f 1151 1176 1177
f 2176 1177 1178
f 1176 1180 1177
f 1180 1178 1177
f 1165 1179 1172
f 1172 1179 1180
f 1179 1181 1180
f 1181 2289 1178
f 1180 1181 1178
f 1935 1689 1690
f 1935 1696 1689
f 1935 1695 1693
f 1936 1694 1695
f 1936 1704 1706
f 1936 1706 1694
f 1935 1693 1696
f 1700 1687 1697
f 1700 1697 1698
f 1700 1698 1699
f 1700 1690 1687
f 1700 1699 1701
f 1700 1701 5282
f 1700 1937 1690
f 1700 5282 1922
f 1936 1707 1704
f 1936 1931 1707
f 1931 1709 1707
f 1931 1708 1709
f 1931 1711 1708
f 1931 1712 1711
f 1942 1714 1713
f 1931 1713 1712
f 1931 1942 1713
f 1942 1718 1716
f 1942 1719 1718
f 1942 1721 1719
f 1942 1717 1714
f 1942 1716 1717
f 1942 1722 1721
f 1942 1723 1722
f 1942 1726 1723
f 1726 1724 1723
f 1726 1727 1724
f 1726 1728 1727
f 1726 1733 1728
f 1733 1730 1729
f 1733 1729 1728
f 1733 1734 1730
f 1739 1737 1735
f 1737 1738 1736
f 1739 1738 1737
f 1739 5372 1738
f 1733 1735 1734
f 1733 1739 1735
f 1928 1932 1927
f 1928 1927 1940
f 1936 1927 1931
f 1927 1932 1931
f 1928 1933 1932
f 1932 1933 1943
f 1933 1934 1943
f 1933 1950 1934
f 1934 1951 1945
f 1937 1935 1690
f 1937 1939 1935
f 1939 1938 1935
f 1935 1936 1695
f 1935 1938 1936
f 1936 1938 1927
f 1700 1922 1937
f 1937 1923 1939
f 1937 1922 1923
f 1941 1938 1939
f 1941 1940 1938
f 1941 1939 1957
f 1938 1940 1927
f 1939 1923 1957
f 1923 5423 1957
f 1932 1942 1931
f 1942 1943 1726
f 1932 1943 1942
f 1943 1944 1726
f 1934 1944 1943
f 1934 1945 1944
f 1953 2092 1945
f 1953 2103 2092
f 1928 1940 1946
f 1928 1946 1947
f 1928 1947 1933
f 1947 1949 1950
f 1949 1955 1950
f 1947 1946 1948
f 1947 1948 1949
f 1948 1946 1960
f 1948 2011 1949
f 2012 1948 1960
f 2012 2011 1948
f 2013 1955 1949
f 2011 2013 1949
f 2010 1955 2013
f 1947 1950 1933
f 1950 1951 1934
f 1950 1955 1951
f 1951 1955 1952
f 1951 1953 1945
f 1951 1952 1953
f 1953 1952 1954
f 2010 1952 1955
f 1952 2020 1954
f 2010 2020 1952
f 2020 2022 1954
f 1954 2022 1963
f 2022 2023 1963
f 1941 1956 1940
f 1940 1956 1946
f 1941 1958 1956
f 1960 1946 1956
f 1956 1958 1961
f 1941 1957 1958
f 1957 1959 1958
f 1957 5423 1959
f 1958 1959 1962
f 1960 1956 1961
f 1960 1961 1991
f 1961 1958 1962
f 1962 1959 5427
f 1961 1962 2031
f 1962 5427 2032
f 1953 1954 2103
f 2103 1954 1963
f 2107 5431 2106
f 2107 1964 5431
f 2023 2104 1963
f 2104 2039 2107
f 2023 2039 2104
f 2040 2107 2039
f 2041 5432 2042
f 2040 1964 2107
f 2042 5432 1964
f 2040 2042 1964
f 1974 1969 1970
f 1965 2003 1969
f 1965 1969 1974
f 1966 2196 1977
f 2194 1966 1971
f 1971 1966 1970
f 1967 2197 1971
f 1967 2003 1968
f 1971 1970 1969
f 1967 1969 2003
f 1967 1971 1969
f 1965 1974 2017
f 1974 1972 2017
f 1974 1973 1972
f 1974 1970 1973
f 1973 1970 1976
f 1973 1975 2019
f 1973 2019 1972
f 1975 2026 2019
f 1973 1976 1975
f 1975 1976 1979
f 1975 1979 1985
f 1985 1979 1981
f 1966 1976 1970
f 1977 1979 1976
f 2181 1978 1977
f 2245 1980 1978
f 1966 1977 1976
f 1977 1978 1979
f 1978 1981 1979
f 1978 1980 1981
f 1980 1982 1981
f 1983 2058 1982
f 1980 1983 1982
f 1983 1984 2058
f 1975 1985 2026
f 1985 1981 2054
f 1981 1982 2054
f 2012 1991 1990
f 2012 1990 1987
f 1986 1987 1990
f 1986 1990 1988
f 1988 1990 1989
f 1995 1989 1990
f 1995 1990 2008
f 1991 2031 1992
f 1990 1991 1992
f 1990 1992 2008
f 1992 2059 2008
f 1965 2016 1993
f 1993 1986 1994
f 1994 1988 1996
f 1993 2016 1986
f 1994 1986 1988
f 1965 1993 2003
f 1993 1999 2003
f 1993 1994 1999
f 1994 1996 2004
f 1996 1997 2004
f 1996 1995 1997
f 1988 1989 1996
f 1996 1989 1995
f 1997 1995 1998
f 1995 2008 1998
f 1998 2008 2009
f 1997 1998 2006
f 1998 2009 2007
f 1968 2003 1999
f 1999 2004 2000
f 2000 2004 2005
f 1968 1999 2000
f 2001 2000 2005
f 2001 2005 2002
f 2005 2006 2002
f 1994 2004 1999
f 1997 2005 2004
f 1997 2006 2005
f 1998 2007 2006
f 2009 2050 2007
f 2006 2007 2260
f 2002 2006 2260
f 2260 2007 2261
f 2007 2050 2261
f 2008 2059 2009
f 2014 2015 2013
f 2010 2013 2015
f 2010 2018 2020
f 2010 2015 2018
f 2012 1987 2011
f 2014 2011 1987
f 2014 2013 2011
f 2016 2015 2014
f 2016 2017 2015
f 2016 2014 1986
f 2017 2018 2015
f 1972 2025 2018
f 1972 2018 2017
f 1972 2019 2025
f 2014 1987 1986
f 2020 2025 2022
f 2018 2025 2020
f 2022 2025 2021
f 2022 2021 2023
f 2023 2024 2039
f 2023 2021 2024
f 2024 2030 2039
f 2019 2021 2025
f 2026 2024 2021
f 2019 2026 2021
f 2026 2027 2024
f 2029 2045 2028
f 2027 2030 2024
f 2028 2045 2030
f 2027 2028 2030
f 2012 1960 1991
f 1961 2031 1991
f 1962 2032 2031
f 2032 5427 2033
f 2031 2032 2035
f 2032 2033 2037
f 2037 2033 2038
f 2038 2034 2046
f 2038 2033 2034
f 2031 2035 1992
f 1992 2035 2059
f 2059 2035 2060
f 2060 2037 2062
f 2036 2038 2046
f 2062 2038 2036
f 2032 2037 2035
f 2035 2037 2060
f 2062 2037 2038
f 2030 2040 2039
f 2040 2045 2042
f 2030 2045 2040
f 2042 2045 2043
f 2041 2042 2043
f 2041 2043 2046
f 2041 2046 2034
f 2029 2043 2045
f 2043 2044 2046
f 2029 2044 2043
f 2036 2046 2044
f 1965 2017 2016
f 2063 2047 2052
f 2047 2057 2053
f 1984 2048 2058
f 1984 2049 2048
f 2269 2053 2049
f 2269 2265 2052
f 2049 2053 2048
f 2061 2051 2050
f 2261 2050 2270
f 2265 2051 2052
f 2270 2051 2265
f 2050 2051 2270
f 2057 2048 2053
f 2063 2052 2051
f 2047 2053 2052
f 2269 2052 2053
f 1985 2027 2026
f 1985 2054 2027
f 2027 2054 2028
f 2054 2055 2028
f 1982 2058 2055
f 1982 2055 2054
f 2055 2058 2056
f 2055 2029 2028
f 2055 2056 2029
f 2056 2057 2044
f 2029 2056 2044
f 2056 2048 2057
f 2056 2058 2048
f 2059 2060 2061
f 2009 2059 2061
f 2009 2061 2050
f 2061 2060 2063
f 2061 2063 2051
f 2063 2062 2047
f 2047 2062 2036
f 2047 2036 2057
f 2063 2060 2062
f 2036 2044 2057
f 1726 1944 1733
f 1733 1944 2089
f 1733 2089 1739
f 2089 2090 1739
f 2090 5375 1739
f 2090 2091 5375
f 2092 2090 2089
f 2093 2091 2090
f 2094 5471 2091
f 1944 1945 2089
f 1945 2092 2089
f 2092 2103 2093
f 2103 2096 2093
f 2103 2097 2096
f 2092 2093 2090
f 2093 2094 2091
f 2093 2097 2094
f 2094 2095 5471
f 2094 2097 2095
f 2096 2097 2093
f 2105 2098 2097
f 2098 5473 2095
f 2098 2106 5473
f 2097 2098 2095
f 2103 2105 2097
f 2103 1963 2105
f 2105 1963 2104
f 2105 2106 2098
f 2105 2104 2106
f 2104 2107 2106
f 2128 2120 2118
f 2208 2116 2115
f 2127 2118 2115
f 1095 2115 2116
f 2117 2115 2118
f 2208 2115 2117
f 2117 2119 2214
f 2117 2118 2119
f 2119 2120 2122
f 2119 2118 2120
f 2120 2121 2122
f 2121 2131 2219
f 2121 2219 2122
f 1092 2125 2123
f 1108 2124 1092
f 1092 2124 2125
f 2124 2126 2125
f 2124 2150 2126
f 2126 2150 2133
f 2150 2151 2133
f 2127 2128 2118
f 1098 2123 2128
f 1098 2128 2127
f 2128 2129 2120
f 2123 2129 2128
f 2123 2125 2129
f 2125 2130 2129
f 2127 2115 1095
f 2125 2126 2130
f 2129 2121 2120
f 2129 2130 2121
f 2126 2132 2130
f 2130 2131 2121
f 2132 2277 2131
f 2130 2132 2131
f 2132 2134 2277
f 2126 2133 2132
f 2151 2135 2133
f 2133 2134 2132
f 2134 2135 2280
f 2133 2135 2134
f 2284 2280 2135
f 1108 2136 2124
f 2136 2140 2149
f 2137 1109 2138
f 2137 2138 2139
f 2137 2140 2136
f 2137 2139 2140
f 2138 2153 2139
f 2153 2142 2139
f 2139 2141 2140
f 2142 2146 2141
f 2140 2141 2145
f 2139 2142 2141
f 2153 2143 2142
f 2142 2143 2146
f 2143 2147 2146
f 2143 2144 2147
f 2147 2144 2158
f 2136 2150 2124
f 2136 2149 2150
f 2141 2146 2145
f 2140 2145 2149
f 2146 2147 2145
f 2147 2148 2145
f 2147 2158 2148
f 2149 2151 2150
f 2149 2152 2151
f 2145 2152 2149
f 2148 2152 2145
f 2148 2158 2152
f 2138 1117 2153
f 2153 2155 2143
f 2153 1117 2155
f 1117 2154 2155
f 1117 1121 2154
f 2154 1121 2159
f 2154 2161 2155
f 2161 2156 2155
f 2161 2162 2156
f 2162 2157 2156
f 2143 2155 2156
f 2143 2156 2144
f 2156 2157 2144
f 2144 2157 2158
f 2154 2159 2160
f 2154 2160 2161
f 2160 2162 2161
f 2160 1123 2162
f 2162 1123 2163
f 2162 2163 2164
f 1123 1126 2163
f 2157 2166 2158
f 2162 2164 2157
f 2157 2164 2166
f 2163 2165 2164
f 2164 2165 2173
f 2163 2169 2165
f 2158 2166 2152
f 2164 2173 2166
f 2166 2174 2152
f 2166 2173 2174
f 2152 2167 2151
f 2152 2174 2167
f 2174 2168 2167
f 2167 2168 2284
f 2169 2170 2172
f 2169 2172 2165
f 2170 2175 2172
f 2165 2172 2171
f 2173 2178 2174
f 2174 2178 2168
f 2165 2171 2173
f 2173 2171 2178
f 2172 2175 2176
f 2172 2176 2171
f 2171 2176 2177
f 2175 1177 2176
f 2178 2288 2168
f 2177 2288 2178
f 2171 2177 2178
f 2151 2167 2135
f 2167 2284 2135
f 2195 2188 2179
f 2203 2184 2179
f 2205 2179 2188
f 2195 2180 2196
f 2180 2181 2196
f 2180 2185 2181
f 2185 2245 2181
f 2185 2241 2245
f 2204 2182 2184
f 2213 2183 2182
f 2180 2179 2184
f 2180 2184 2185
f 2184 2182 2185
f 2195 2179 2180
f 2185 2182 2241
f 2241 2182 2183
f 2186 2197 2187
f 2195 2186 2188
f 2186 2187 2189
f 2187 2201 2191
f 2206 2188 2189
f 2188 2186 2189
f 2187 2191 2189
f 2192 2191 2201
f 2192 2202 2193
f 2192 2190 2191
f 2192 2193 2190
f 2202 2233 2193
f 2194 1971 2197
f 2195 2194 2186
f 2195 2196 2194
f 2186 2194 2197
f 2194 2196 1966
f 2181 1977 2196
f 1967 2198 2197
f 2198 2000 2199
f 1967 1968 2198
f 1968 2000 2198
f 2199 2000 2200
f 2187 2197 2198
f 2198 2199 2201
f 2187 2198 2201
f 2201 2199 2200
f 2192 2201 2200
f 2192 2200 2202
f 2202 2262 2233
f 2233 2262 2234
f 2234 2263 2238
f 2230 2237 2254
f 2237 2238 2264
f 2237 2264 2254
f 2207 2203 2209
f 2204 2184 2203
f 2208 2204 2207
f 2208 2213 2204
f 2208 2117 2213
f 2207 2204 2203
f 2209 2203 2205
f 2209 2205 2210
f 2210 2205 2206
f 2210 2206 2224
f 2205 2203 2179
f 2205 2188 2206
f 2208 2207 2116
f 2207 2209 1152
f 2116 2207 1152
f 2209 1153 1152
f 2209 2210 1153
f 2210 2224 2212
f 2212 2224 2211
f 2210 2271 1153
f 2210 2212 2271
f 2211 1158 2271
f 2212 2211 2271
f 2211 2227 1159
f 2211 1159 1158
f 2227 2281 1159
f 2204 2213 2182
f 2117 2214 2213
f 2213 2214 2183
f 2183 2214 2243
f 2214 2215 2243
f 2215 2216 2244
f 2119 2215 2214
f 2119 2122 2215
f 2122 2216 2215
f 2219 2217 2216
f 2215 2244 2243
f 2216 2217 2255
f 2217 2218 2256
f 2122 2219 2216
f 2219 2220 2217
f 2131 2220 2219
f 2131 2277 2220
f 2220 2277 2222
f 2278 2221 2222
f 2279 2239 2221
f 2220 2222 2218
f 2220 2218 2217
f 2218 2222 2231
f 2231 2222 2221
f 2211 2224 2223
f 2227 2223 2225
f 2224 2189 2191
f 2206 2189 2224
f 2224 2190 2223
f 2224 2191 2190
f 2225 2190 2193
f 2223 2190 2225
f 2225 2226 2228
f 2225 2193 2226
f 2193 2233 2226
f 2226 2233 2235
f 2211 2223 2227
f 2227 2225 2228
f 2227 2228 2281
f 2226 2229 2228
f 2235 2240 2229
f 2282 2228 2229
f 2226 2235 2229
f 2218 2230 2256
f 2231 2237 2230
f 2218 2231 2230
f 2231 2232 2237
f 2233 2234 2235
f 2234 2238 2236
f 2234 2236 2235
f 2236 2238 2232
f 2232 2238 2237
f 2239 2232 2221
f 2236 2239 2240
f 2236 2232 2239
f 2231 2221 2232
f 2235 2236 2240
f 2241 2246 2245
f 2241 2242 2246
f 2241 2183 2242
f 2243 2250 2242
f 2183 2243 2242
f 2243 2244 2250
f 2181 2245 1978
f 2245 2246 1980
f 2242 2247 2246
f 2242 2250 2247
f 2250 2248 2247
f 2246 1983 1980
f 2246 2247 1983
f 2248 2251 2249
f 2249 2253 2267
f 2252 2266 2267
f 2247 1984 1983
f 2247 2248 1984
f 2248 2049 1984
f 2248 2249 2049
f 2250 2251 2248
f 2244 2255 2251
f 2244 2251 2250
f 2255 2256 2253
f 2256 2230 2252
f 2255 2253 2251
f 2249 2251 2253
f 2252 2254 2266
f 2252 2267 2253
f 2256 2252 2253
f 2230 2254 2252
f 2216 2255 2244
f 2255 2217 2256
f 2001 2257 2200
f 2001 2200 2000
f 2001 2002 2257
f 2257 2002 2258
f 2202 2200 2257
f 2257 2258 2262
f 2002 2260 2258
f 2258 2260 2259
f 2258 2259 2263
f 2259 2261 2268
f 2259 2268 2264
f 2259 2260 2261
f 2202 2257 2262
f 2262 2258 2263
f 2234 2262 2263
f 2259 2264 2263
f 2254 2264 2268
f 2238 2263 2264
f 2249 2267 2269
f 2269 2267 2265
f 2266 2270 2265
f 2254 2268 2266
f 2267 2266 2265
f 2268 2270 2266
f 2249 2269 2049
f 2268 2261 2270
f 2272 2276 2283
f 2284 2285 2275
f 2273 2274 2287
f 2274 2276 2286
f 2274 2283 2276
f 2275 2276 2272
f 2275 2285 2276
f 2278 2222 2277
f 2134 2278 2277
f 2134 2280 2278
f 2278 2280 2279
f 2278 2279 2221
f 2272 2239 2279
f 2275 2272 2279
f 2275 2279 2280
f 2284 2275 2280
f 2281 2228 2282
f 2273 2281 2282
f 2282 2229 2283
f 2272 2283 2240
f 2283 2229 2240
f 2274 2282 2283
f 2273 2282 2274
f 2272 2240 2239
f 2289 2286 2288
f 2168 2285 2284
f 2168 2288 2285
f 2288 2286 2285
f 2274 2286 2287
f 2289 2287 2286
f 2286 2276 2285
f 2177 2289 2288
f 2176 1178 2177
f 2177 1178 2289
f 5282 5281 5278
f 5282 5278 5277
f 5282 5280 5281
f 5285 5286 5277
f 5286 5287 5277
f 5289 5277 5287
f 5282 5277 5289
f 5282 5289 5290
f 5282 5290 5298
f 5282 5298 5301
f 5282 5301 5403
f 5301 5298 5299
f 5301 5299 5300
f 5301 5300 5309
f 5282 1701 5280
f 5301 5309 5310
f 5301 5310 5311
f 5301 5311 5408
f 5408 5313 5314
f 5408 5311 5313
f 5319 5317 5321
f 5419 5314 5315
f 5419 5315 5316
f 5419 5316 5317
f 5419 5317 5319
f 5320 5322 5321
f 5319 5321 5322
f 5319 5322 5323
f 5420 5319 5323
f 5419 5319 5420
f 5420 5323 5324
f 5420 5324 5325
f 5420 5325 5326
f 5420 5330 5331
f 5420 5326 5330
f 5331 5330 5332
f 5331 5332 5333
f 5331 5338 5339
f 5331 5339 5422
f 5420 5331 5422
f 5422 5340 5341
f 5422 5341 5342
f 5422 5339 5340
f 5348 5346 5345
f 5422 5346 5312
f 5312 5348 5343
f 5312 5343 5344
f 5312 5344 5395
f 5312 5346 5348
f 5422 5342 5346
f 5350 5353 5333
f 5351 5352 5353
f 5350 5351 5353
f 5353 5338 5333
f 5331 5333 5338
f 5375 5371 5372
f 5375 5373 5370
f 5375 5370 5371
f 5375 5376 5373
f 5375 5377 5376
f 1739 5375 5372
f 5375 5378 5377
f 5381 5379 5378
f 5381 5380 5379
f 5375 5381 5378
f 5381 5389 5380
f 5384 5385 5387
f 5389 5388 5380
f 5389 5391 5388
f 5389 5390 5391
f 5389 5385 5384
f 5312 5395 5385
f 5389 5312 5385
f 5389 5384 5390
f 5282 5403 1922
f 1922 5403 5409
f 1923 1922 5409
f 5409 5403 5411
f 5301 5408 5403
f 5403 5408 5411
f 5408 5419 5412
f 5411 5408 5412
f 1923 5409 5423
f 5409 5411 5410
f 5409 5410 5423
f 5411 5412 5413
f 5411 5413 5410
f 5418 5412 5421
f 5413 5412 5418
f 5415 5422 5312
f 5415 5414 5422
f 5417 5416 5431
f 5421 5414 5417
f 5418 5417 5430
f 5418 5421 5417
f 5417 5414 5416
f 5415 5416 5414
f 5408 5314 5419
f 5419 5420 5421
f 5419 5421 5412
f 5420 5422 5414
f 5420 5414 5421
f 5423 5410 5424
f 5423 5424 1959
f 5410 5425 5424
f 1959 5424 5427
f 5424 5425 5428
f 5426 5429 5425
f 5410 5413 5425
f 5413 5426 5425
f 5413 5418 5426
f 5427 5424 5428
f 5427 5428 2033
f 5428 5425 5429
f 5428 5429 2034
f 5426 5432 5429
f 5426 5430 5432
f 2106 5431 5416
f 5430 5417 5431
f 5430 5431 1964
f 5430 1964 5432
f 5426 5418 5430
f 2041 5429 5432
f 2041 2034 5429
f 5428 2034 2033
f 5375 2091 5381
f 5381 2091 5471
f 5381 5472 5389
f 5381 5471 5472
f 2095 5472 5471
f 5473 5415 5472
f 5389 5472 5312
f 5472 5415 5312
f 5473 5472 2095
f 5473 5416 5415
f 2106 5416 5473

